[=]SCRAPE SERVE[=]SCRAPE BEGIN: 2026-03-26 06:41:34.474914979 -0500 CDT
[=]SCRAPE SERVE[=]Starting NEW SESSION ( 0f326b54-f8e3-45fc-9b28-5c1f6c414669 )- CACHE, enabled (YES)::Duration(24 Hours)
[=]SCRAPE SERVE[=]::SCRAPE SERVE:: => listening for [/links], [/text], [/table], [/md-convert] on :7171
[=]SCRAPE SERVE[=]visiting https://www.ancientfaith.com/podcasts/wholecounsel/
[=]SCRAPE SERVE[=]MARKDOWN ReqMETA (url: https://www.ancientfaith.com/podcasts/wholecounsel/): 200::GET
[=]SCRAPE SERVE[=]Loading...

[![Ancient Faith Ministries](/assets/images/afm-text-white.png)](/)

[Radio](/radio/)

[Live Shows](/radio/live-shows/) [Podcasts](/podcasts/) [Sponsorships](/radio/sponsorships/) [Podcast and Digital Media Proposals](/radio/digital-m/)

[Publishing](/publishing/)

[Kids](/topics/Ancient-Faith-Kids/)

[Events](/events/)

[Support](/support/)

[About](/about/)

[CEO Journal](/ceo-journal/)

[Store](https://store.ancientfaith.com/)

[Login](/login/)

[Radio](/radio/)

[Live Shows](/radio/live-shows/) [Podcasts](/podcasts/) [Sponsorships](/radio/sponsorships/) [Podcast and Digital Media Proposals](/radio/digital-m/)

[Publishing](/publishing/)

[Kids](/topics/Ancient-Faith-Kids/)

[Events](/events/)

[Support](/support/)

[About](/about/)

[CEO Journal](/ceo-journal/)

[Store](https://store.ancientfaith.com/)

[Login](/login/)

Searching...

![The Whole Counsel of God](https://www.ancientfaith.com/media/1800/WholeCounselOfGod2.jpeg)

The Whole Counsel of God

Verse By Verse Through The Scriptures

This podcast takes us through the Holy Scriptures in a verse by verse study based on the Great Tradition of the Orthodox Church. These studies were recorded live at Archangel Gabriel Orthodox Church in Lafayette, Louisiana, and include questions from his audience.

[RSS](https://feeds.ancientfaith.com/wholecounsel) [iTunes](https://podcasts.apple.com/us/podcast/id1193439458)

Support podcasts like this and more!

[Donate Now](https://web.charityengine.net/Default.aspx?tsid=31584)

Search

Sorted by:

Newest

Reset

Searching...

Page

1 2 3 4 5 6 7 8 9 10 11 12 13 14 15 16 17 18 19 20 21 22 23 24 25 26 27 28 29 30 31 32 33 34 35 36 37 38 39 40 41 42 43 44 45 46 47 48 49 50 51 52 53 54 55 56 57 58 59 60 61 62 63 64 65 66 67 68 69 70 71 72 73 74 75 76 77 78 79 80 81 82 83 84 85 86 87 88 89 90 91 92 93 94 95 96 97 of 97

[Next](/podcasts/wholecounsel/?page=2) [&gt;&gt;](/podcasts/wholecounsel/?page=97)

[Wednesday, March 25, 2026  
\
Numbers 13  
\
Fr. Stephen De Young discusses the entirety of Numbers chapter 13.](/podcasts/wholecounsel/numbers-13/)

[Wednesday, March 18, 2026  
\
Numbers 12  
\
Fr. Stephen De Young discusses the entirety of Numbers chapter 12.](/podcasts/wholecounsel/numbers-12/)

[Friday, March 13, 2026  
\
Numbers 11  
\
Fr. Stephen De Young discusses the entirety of Numbers chapter 11.](/podcasts/wholecounsel/numbers-11/)

[Wednesday, March 11, 2026  
\
Numbers 10  
\
Fr. Stephen De Young discusses the entirety of Numbers chapter 10.](/podcasts/wholecounsel/numbers-10/)

[Friday, March 6, 2026  
\
Numbers 9  
\
Fr. Stephen De Young discusses the entirety of Numbers chapter 9.](/podcasts/wholecounsel/numbers-9/)

Page

1 2 3 4 5 6 7 8 9 10 11 12 13 14 15 16 17 18 19 20 21 22 23 24 25 26 27 28 29 30 31 32 33 34 35 36 37 38 39 40 41 42 43 44 45 46 47 48 49 50 51 52 53 54 55 56 57 58 59 60 61 62 63 64 65 66 67 68 69 70 71 72 73 74 75 76 77 78 79 80 81 82 83 84 85 86 87 88 89 90 91 92 93 94 95 96 97 of 97

[Next](/podcasts/wholecounsel/?page=2) [&gt;&gt;](/podcasts/wholecounsel/?page=97)

Contributors

[![Fr. Stephen De Young](https://www.ancientfaith.com/media/contributors/stephen-deyoung.jpeg) Fr. Stephen De Young](/contributors/stephen_deyoung/)

[Email us!](mailto:wholecounsel@ancientfaith.com)

[![The Lord of Spirits](https://www.ancientfaith.com/media/1800/LOS-podcast-cover_2000x2000px.jpg)](/podcasts/lordofspirits/)

[![](https://cdn11.bigcommerce.com/s-p1cqiyfg/products/3693/images/8682/apocrypha-biblical-lieterature-de-young__51964.1682363604.190.250.jpg?c=2)  
\
Apocrypha: An Introduction to Extra-Biblical Literature](https://store.ancientfaith.com/apocrypha-an-introduction-to-extra-biblical-literature/)

[![](https://cdn11.bigcommerce.com/s-p1cqiyfg/products/3503/images/8926/whole-counsel-of-god-deyoung__38808.1700599758.190.250.jpg?c=2)  
\
The Whole Counsel of God: An Introduction to Your Bible](https://store.ancientfaith.com/the-whole-counsel-of-god/)

[![](https://cdn11.bigcommerce.com/s-p1cqiyfg/products/3259/images/7514/religion-of-the-apostles-de-young__92009.1620145191.190.250.jpg?c=2)  
\
The Religion of the Apostles: Orthodox Christianity in the First Century](https://store.ancientfaith.com/the-religion-of-the-apostles/)

[![](https://cdn11.bigcommerce.com/s-p1cqiyfg/products/3393/images/7924/god-is-a-man-of-war-de-young__94507.1634666381.190.250.jpg?c=2)  
\
God Is a Man of War: The Problem of Violence in the Old Testament](https://store.ancientfaith.com/god-is-a-man-of-war-the-problem-of-violence-in-the-old-testament/)

[Work With Us](/workwithus/) [About](/about/) [Donate](/support/) [Contact](/about/) [Ancient Faith Store](https://store.ancientfaith.com)

[](https://www.facebook.com/ancientfaithministries)[](https://www.youtube.com/@AncientFaithMinistries)[](https://www.instagram.com/ancientfaithministries/)[](https://www.tiktok.com/@ancientfaithministries)

Copyright © 2005-2026  
Ancient Faith Ministries, Inc.

[![Left Image](https://www.ancientfaith.com/media/images/Artboard_1logo_footer.height-210_TPkDD3O.png)](/)

[![Left Image](https://www.ancientfaith.com/media/images/Artboard_2AFK_logo_footer_foK2AlT.original_H5HwkFE.png)](/topics/Ancient-Faith-Kids/)

[](https://www.facebook.com/ancientfaithkids)[](https://www.youtube.com/@ancientfaith4kids)[](https://www.instagram.com/ancientfaithkids/)

[Donate](https://afm.kindful.com/?campaign=1193135)

[]()

English Talk

Revelation 7 9-17, 8:1-13

[Global Music]()

[English Talk]()

[English Music]()
[=]SCRAPE SERVE[=]SCRAPE BEGIN: 2026-03-26 06:43:03.335015646 -0500 CDT
[=]SCRAPE SERVE[=]Starting NEW SESSION ( 9e6de14b-340b-448f-bb28-0885913be559 )- CACHE, enabled (YES)::Duration(24 Hours)
[=]SCRAPE SERVE[=]::SCRAPE SERVE:: => listening for [/links], [/text], [/table], [/md-convert] on :7171
[=]SCRAPE SERVE[=]SCRAPE BEGIN: 2026-03-26 06:45:17.791682619 -0500 CDT
[=]SCRAPE SERVE[=]Starting NEW SESSION ( 83de39c4-9cf9-4870-be84-48ce72b286a2 )- CACHE, enabled (YES)::Duration(24 Hours)
[=]SCRAPE SERVE[=]::SCRAPE SERVE:: => listening for [/links], [/text], [/table], [/md-convert] on :7171
[=]SCRAPE SERVE[=]visiting https://www.ancientfaith.com/podcasts/wholecounsel/
[=]SCRAPE SERVE[=]MARKDOWN ReqMETA (url: https://www.ancientfaith.com/podcasts/wholecounsel/): 200::GET
[=]SCRAPE SERVE[=]MARKDOWN FILE SAVED to disk: ancientfaithpodcastswholecounsel
[=]SCRAPE SERVE[=]SCRAPE BEGIN: 2026-03-26 06:49:46.930641016 -0500 CDT
[=]SCRAPE SERVE[=]Starting NEW SESSION ( 33fb4175-2d1f-40cb-9fd4-93ff6971b99d )- CACHE, enabled (YES)::Duration(24 Hours)
[=]SCRAPE SERVE[=]::SCRAPE SERVE:: => listening for [/links], [/text], [/table], [/md-convert] on :7171
[=]SCRAPE SERVE[=]SCRAPE BEGIN: 2026-03-26 06:57:33.953258074 -0500 CDT
[=]SCRAPE SERVE[=]Starting NEW SESSION ( 9b8fa5d9-0ed4-4aef-8031-5a3e67f33302 )- CACHE, enabled (YES)::Duration(24 Hours)
[=]SCRAPE SERVE[=]::SCRAPE SERVE:: => listening for [/links], [/text], [/table], [/md-convert] on :7171
[=]SCRAPE SERVE[=]SCRAPE BEGIN: 2026-03-26 07:17:13.590856178 -0500 CDT
[=]SCRAPE SERVE[=]Starting NEW SESSION ( 8f0d1936-3c42-4f35-a7c6-4dea9c1b1c86 )- CACHE, enabled (YES)::Duration(24 Hours)
[=]SCRAPE SERVE[=]::SCRAPE SERVE:: => listening for [/links], [/text], [/table], [/md-convert] on :7171
[=]SCRAPE SERVE[=]listen tcp :7171: bind: address already in use
[=]SCRAPE SERVE[=]SCRAPE BEGIN: 2026-03-26 19:55:26.772099615 -0500 CDT
[=]SCRAPE SERVE[=]Starting NEW SESSION ( 07d29da6-a198-482b-9333-912dcadba46c )- CACHE, enabled (YES)::Duration(24 Hours)
[=]SCRAPE SERVE[=]::SCRAPE SERVE:: => listening for [/links], [/text], [/table], [/md-convert] on :7171
[=]SCRAPE SERVE[=]visiting https://www.ancientfaith.com/podcasts/?sort=latest_episodes
[=]SCRAPE SERVE[=]response received 200
[=]SCRAPE SERVE[=]A[HREF]::Link request received at https://www.ancientfaith.com/podcasts/?sort=latest_episodes
[=]SCRAPE SERVE[=]LINK(s) EXTRACTED: /
[=]SCRAPE SERVE[=]ReqMETA: 200::GET
[=]SCRAPE SERVE[=]A[HREF]::Link request received at https://www.ancientfaith.com/podcasts/?sort=latest_episodes
[=]SCRAPE SERVE[=]LINK(s) EXTRACTED: /radio/
[=]SCRAPE SERVE[=]ReqMETA: 200::GET
[=]SCRAPE SERVE[=]A[HREF]::Link request received at https://www.ancientfaith.com/podcasts/?sort=latest_episodes
[=]SCRAPE SERVE[=]LINK(s) EXTRACTED: /radio/live-shows/
[=]SCRAPE SERVE[=]ReqMETA: 200::GET
[=]SCRAPE SERVE[=]A[HREF]::Link request received at https://www.ancientfaith.com/podcasts/?sort=latest_episodes
[=]SCRAPE SERVE[=]LINK(s) EXTRACTED: /podcasts/
[=]SCRAPE SERVE[=]ReqMETA: 200::GET
[=]SCRAPE SERVE[=]A[HREF]::Link request received at https://www.ancientfaith.com/podcasts/?sort=latest_episodes
[=]SCRAPE SERVE[=]LINK(s) EXTRACTED: /radio/sponsorships/
[=]SCRAPE SERVE[=]ReqMETA: 200::GET
[=]SCRAPE SERVE[=]A[HREF]::Link request received at https://www.ancientfaith.com/podcasts/?sort=latest_episodes
[=]SCRAPE SERVE[=]LINK(s) EXTRACTED: /radio/digital-m/
[=]SCRAPE SERVE[=]ReqMETA: 200::GET
[=]SCRAPE SERVE[=]A[HREF]::Link request received at https://www.ancientfaith.com/podcasts/?sort=latest_episodes
[=]SCRAPE SERVE[=]LINK(s) EXTRACTED: /publishing/
[=]SCRAPE SERVE[=]ReqMETA: 200::GET
[=]SCRAPE SERVE[=]A[HREF]::Link request received at https://www.ancientfaith.com/podcasts/?sort=latest_episodes
[=]SCRAPE SERVE[=]LINK(s) EXTRACTED: /topics/Ancient-Faith-Kids/
[=]SCRAPE SERVE[=]ReqMETA: 200::GET
[=]SCRAPE SERVE[=]A[HREF]::Link request received at https://www.ancientfaith.com/podcasts/?sort=latest_episodes
[=]SCRAPE SERVE[=]LINK(s) EXTRACTED: /events/
[=]SCRAPE SERVE[=]ReqMETA: 200::GET
[=]SCRAPE SERVE[=]A[HREF]::Link request received at https://www.ancientfaith.com/podcasts/?sort=latest_episodes
[=]SCRAPE SERVE[=]LINK(s) EXTRACTED: /support/
[=]SCRAPE SERVE[=]ReqMETA: 200::GET
[=]SCRAPE SERVE[=]A[HREF]::Link request received at https://www.ancientfaith.com/podcasts/?sort=latest_episodes
[=]SCRAPE SERVE[=]LINK(s) EXTRACTED: /about/
[=]SCRAPE SERVE[=]ReqMETA: 200::GET
[=]SCRAPE SERVE[=]A[HREF]::Link request received at https://www.ancientfaith.com/podcasts/?sort=latest_episodes
[=]SCRAPE SERVE[=]LINK(s) EXTRACTED: /ceo-journal/
[=]SCRAPE SERVE[=]ReqMETA: 200::GET
[=]SCRAPE SERVE[=]A[HREF]::Link request received at https://www.ancientfaith.com/podcasts/?sort=latest_episodes
[=]SCRAPE SERVE[=]LINK(s) EXTRACTED: https://store.ancientfaith.com/
[=]SCRAPE SERVE[=]ReqMETA: 200::GET
[=]SCRAPE SERVE[=]A[HREF]::Link request received at https://www.ancientfaith.com/podcasts/?sort=latest_episodes
[=]SCRAPE SERVE[=]LINK(s) EXTRACTED: /login/
[=]SCRAPE SERVE[=]ReqMETA: 200::GET
[=]SCRAPE SERVE[=]A[HREF]::Link request received at https://www.ancientfaith.com/podcasts/?sort=latest_episodes
[=]SCRAPE SERVE[=]LINK(s) EXTRACTED: /radio/
[=]SCRAPE SERVE[=]ReqMETA: 200::GET
[=]SCRAPE SERVE[=]A[HREF]::Link request received at https://www.ancientfaith.com/podcasts/?sort=latest_episodes
[=]SCRAPE SERVE[=]LINK(s) EXTRACTED: /radio/live-shows/
[=]SCRAPE SERVE[=]ReqMETA: 200::GET
[=]SCRAPE SERVE[=]A[HREF]::Link request received at https://www.ancientfaith.com/podcasts/?sort=latest_episodes
[=]SCRAPE SERVE[=]LINK(s) EXTRACTED: /podcasts/
[=]SCRAPE SERVE[=]ReqMETA: 200::GET
[=]SCRAPE SERVE[=]A[HREF]::Link request received at https://www.ancientfaith.com/podcasts/?sort=latest_episodes
[=]SCRAPE SERVE[=]LINK(s) EXTRACTED: /radio/sponsorships/
[=]SCRAPE SERVE[=]ReqMETA: 200::GET
[=]SCRAPE SERVE[=]A[HREF]::Link request received at https://www.ancientfaith.com/podcasts/?sort=latest_episodes
[=]SCRAPE SERVE[=]LINK(s) EXTRACTED: /radio/digital-m/
[=]SCRAPE SERVE[=]ReqMETA: 200::GET
[=]SCRAPE SERVE[=]A[HREF]::Link request received at https://www.ancientfaith.com/podcasts/?sort=latest_episodes
[=]SCRAPE SERVE[=]LINK(s) EXTRACTED: /publishing/
[=]SCRAPE SERVE[=]ReqMETA: 200::GET
[=]SCRAPE SERVE[=]A[HREF]::Link request received at https://www.ancientfaith.com/podcasts/?sort=latest_episodes
[=]SCRAPE SERVE[=]LINK(s) EXTRACTED: /topics/Ancient-Faith-Kids/
[=]SCRAPE SERVE[=]ReqMETA: 200::GET
[=]SCRAPE SERVE[=]A[HREF]::Link request received at https://www.ancientfaith.com/podcasts/?sort=latest_episodes
[=]SCRAPE SERVE[=]LINK(s) EXTRACTED: /events/
[=]SCRAPE SERVE[=]ReqMETA: 200::GET
[=]SCRAPE SERVE[=]A[HREF]::Link request received at https://www.ancientfaith.com/podcasts/?sort=latest_episodes
[=]SCRAPE SERVE[=]LINK(s) EXTRACTED: /support/
[=]SCRAPE SERVE[=]ReqMETA: 200::GET
[=]SCRAPE SERVE[=]A[HREF]::Link request received at https://www.ancientfaith.com/podcasts/?sort=latest_episodes
[=]SCRAPE SERVE[=]LINK(s) EXTRACTED: /about/
[=]SCRAPE SERVE[=]ReqMETA: 200::GET
[=]SCRAPE SERVE[=]A[HREF]::Link request received at https://www.ancientfaith.com/podcasts/?sort=latest_episodes
[=]SCRAPE SERVE[=]LINK(s) EXTRACTED: /ceo-journal/
[=]SCRAPE SERVE[=]ReqMETA: 200::GET
[=]SCRAPE SERVE[=]A[HREF]::Link request received at https://www.ancientfaith.com/podcasts/?sort=latest_episodes
[=]SCRAPE SERVE[=]LINK(s) EXTRACTED: https://store.ancientfaith.com/
[=]SCRAPE SERVE[=]ReqMETA: 200::GET
[=]SCRAPE SERVE[=]A[HREF]::Link request received at https://www.ancientfaith.com/podcasts/?sort=latest_episodes
[=]SCRAPE SERVE[=]LINK(s) EXTRACTED: /login/
[=]SCRAPE SERVE[=]ReqMETA: 200::GET
[=]SCRAPE SERVE[=]A[HREF]::Link request received at https://www.ancientfaith.com/podcasts/?sort=latest_episodes
[=]SCRAPE SERVE[=]LINK(s) EXTRACTED: ?filter=daily&sort=latest_episodes
[=]SCRAPE SERVE[=]ReqMETA: 200::GET
[=]SCRAPE SERVE[=]A[HREF]::Link request received at https://www.ancientfaith.com/podcasts/?sort=latest_episodes
[=]SCRAPE SERVE[=]LINK(s) EXTRACTED: ?filter=kids&sort=latest_episodes
[=]SCRAPE SERVE[=]ReqMETA: 200::GET
[=]SCRAPE SERVE[=]A[HREF]::Link request received at https://www.ancientfaith.com/podcasts/?sort=latest_episodes
[=]SCRAPE SERVE[=]LINK(s) EXTRACTED: ?filter=live&sort=latest_episodes
[=]SCRAPE SERVE[=]ReqMETA: 200::GET
[=]SCRAPE SERVE[=]A[HREF]::Link request received at https://www.ancientfaith.com/podcasts/?sort=latest_episodes
[=]SCRAPE SERVE[=]LINK(s) EXTRACTED: ?filter=active&sort=latest_episodes
[=]SCRAPE SERVE[=]ReqMETA: 200::GET
[=]SCRAPE SERVE[=]A[HREF]::Link request received at https://www.ancientfaith.com/podcasts/?sort=latest_episodes
[=]SCRAPE SERVE[=]LINK(s) EXTRACTED: ?filter=collections&sort=latest_episodes
[=]SCRAPE SERVE[=]ReqMETA: 200::GET
[=]SCRAPE SERVE[=]A[HREF]::Link request received at https://www.ancientfaith.com/podcasts/?sort=latest_episodes
[=]SCRAPE SERVE[=]LINK(s) EXTRACTED: ?filter=archived&sort=latest_episodes
[=]SCRAPE SERVE[=]ReqMETA: 200::GET
[=]SCRAPE SERVE[=]A[HREF]::Link request received at https://www.ancientfaith.com/podcasts/?sort=latest_episodes
[=]SCRAPE SERVE[=]LINK(s) EXTRACTED: ?sort=title
[=]SCRAPE SERVE[=]ReqMETA: 200::GET
[=]SCRAPE SERVE[=]A[HREF]::Link request received at https://www.ancientfaith.com/podcasts/?sort=latest_episodes
[=]SCRAPE SERVE[=]LINK(s) EXTRACTED: ?sort=title_reverse
[=]SCRAPE SERVE[=]ReqMETA: 200::GET
[=]SCRAPE SERVE[=]A[HREF]::Link request received at https://www.ancientfaith.com/podcasts/?sort=latest_episodes
[=]SCRAPE SERVE[=]LINK(s) EXTRACTED: ?sort=entry_date
[=]SCRAPE SERVE[=]ReqMETA: 200::GET
[=]SCRAPE SERVE[=]A[HREF]::Link request received at https://www.ancientfaith.com/podcasts/?sort=latest_episodes
[=]SCRAPE SERVE[=]LINK(s) EXTRACTED: ?sort=entry_date_reverse
[=]SCRAPE SERVE[=]ReqMETA: 200::GET
[=]SCRAPE SERVE[=]A[HREF]::Link request received at https://www.ancientfaith.com/podcasts/?sort=latest_episodes
[=]SCRAPE SERVE[=]LINK(s) EXTRACTED: ?sort=latest_episodes
[=]SCRAPE SERVE[=]ReqMETA: 200::GET
[=]SCRAPE SERVE[=]A[HREF]::Link request received at https://www.ancientfaith.com/podcasts/?sort=latest_episodes
[=]SCRAPE SERVE[=]LINK(s) EXTRACTED: /podcasts/how-to-be-an-orthodox-christian/
[=]SCRAPE SERVE[=]ReqMETA: 200::GET
[=]SCRAPE SERVE[=]A[HREF]::Link request received at https://www.ancientfaith.com/podcasts/?sort=latest_episodes
[=]SCRAPE SERVE[=]LINK(s) EXTRACTED: /podcasts/how-to-be-an-orthodox-christian/
[=]SCRAPE SERVE[=]ReqMETA: 200::GET
[=]SCRAPE SERVE[=]A[HREF]::Link request received at https://www.ancientfaith.com/podcasts/?sort=latest_episodes
[=]SCRAPE SERVE[=]LINK(s) EXTRACTED: /podcasts/how-to-be-an-orthodox-christian/
[=]SCRAPE SERVE[=]ReqMETA: 200::GET
[=]SCRAPE SERVE[=]A[HREF]::Link request received at https://www.ancientfaith.com/podcasts/?sort=latest_episodes
[=]SCRAPE SERVE[=]LINK(s) EXTRACTED: /podcasts/olivejar/
[=]SCRAPE SERVE[=]ReqMETA: 200::GET
[=]SCRAPE SERVE[=]A[HREF]::Link request received at https://www.ancientfaith.com/podcasts/?sort=latest_episodes
[=]SCRAPE SERVE[=]LINK(s) EXTRACTED: /podcasts/olivejar/
[=]SCRAPE SERVE[=]ReqMETA: 200::GET
[=]SCRAPE SERVE[=]A[HREF]::Link request received at https://www.ancientfaith.com/podcasts/?sort=latest_episodes
[=]SCRAPE SERVE[=]LINK(s) EXTRACTED: /podcasts/olivejar/
[=]SCRAPE SERVE[=]ReqMETA: 200::GET
[=]SCRAPE SERVE[=]A[HREF]::Link request received at https://www.ancientfaith.com/podcasts/?sort=latest_episodes
[=]SCRAPE SERVE[=]LINK(s) EXTRACTED: /podcasts/thepath/
[=]SCRAPE SERVE[=]ReqMETA: 200::GET
[=]SCRAPE SERVE[=]A[HREF]::Link request received at https://www.ancientfaith.com/podcasts/?sort=latest_episodes
[=]SCRAPE SERVE[=]LINK(s) EXTRACTED: /podcasts/thepath/
[=]SCRAPE SERVE[=]ReqMETA: 200::GET
[=]SCRAPE SERVE[=]A[HREF]::Link request received at https://www.ancientfaith.com/podcasts/?sort=latest_episodes
[=]SCRAPE SERVE[=]LINK(s) EXTRACTED: /podcasts/thepath/
[=]SCRAPE SERVE[=]ReqMETA: 200::GET
[=]SCRAPE SERVE[=]A[HREF]::Link request received at https://www.ancientfaith.com/podcasts/?sort=latest_episodes
[=]SCRAPE SERVE[=]LINK(s) EXTRACTED: /podcasts/saintoftheday/
[=]SCRAPE SERVE[=]ReqMETA: 200::GET
[=]SCRAPE SERVE[=]A[HREF]::Link request received at https://www.ancientfaith.com/podcasts/?sort=latest_episodes
[=]SCRAPE SERVE[=]LINK(s) EXTRACTED: /podcasts/saintoftheday/
[=]SCRAPE SERVE[=]ReqMETA: 200::GET
[=]SCRAPE SERVE[=]A[HREF]::Link request received at https://www.ancientfaith.com/podcasts/?sort=latest_episodes
[=]SCRAPE SERVE[=]LINK(s) EXTRACTED: /podcasts/saintoftheday/
[=]SCRAPE SERVE[=]ReqMETA: 200::GET
[=]SCRAPE SERVE[=]A[HREF]::Link request received at https://www.ancientfaith.com/podcasts/?sort=latest_episodes
[=]SCRAPE SERVE[=]LINK(s) EXTRACTED: /podcasts/tendingthegarden/
[=]SCRAPE SERVE[=]ReqMETA: 200::GET
[=]SCRAPE SERVE[=]A[HREF]::Link request received at https://www.ancientfaith.com/podcasts/?sort=latest_episodes
[=]SCRAPE SERVE[=]LINK(s) EXTRACTED: /podcasts/tendingthegarden/
[=]SCRAPE SERVE[=]ReqMETA: 200::GET
[=]SCRAPE SERVE[=]A[HREF]::Link request received at https://www.ancientfaith.com/podcasts/?sort=latest_episodes
[=]SCRAPE SERVE[=]LINK(s) EXTRACTED: /podcasts/tendingthegarden/
[=]SCRAPE SERVE[=]ReqMETA: 200::GET
[=]SCRAPE SERVE[=]A[HREF]::Link request received at https://www.ancientfaith.com/podcasts/?sort=latest_episodes
[=]SCRAPE SERVE[=]LINK(s) EXTRACTED: /podcasts/dailyscriptures/
[=]SCRAPE SERVE[=]ReqMETA: 200::GET
[=]SCRAPE SERVE[=]A[HREF]::Link request received at https://www.ancientfaith.com/podcasts/?sort=latest_episodes
[=]SCRAPE SERVE[=]LINK(s) EXTRACTED: /podcasts/dailyscriptures/
[=]SCRAPE SERVE[=]ReqMETA: 200::GET
[=]SCRAPE SERVE[=]A[HREF]::Link request received at https://www.ancientfaith.com/podcasts/?sort=latest_episodes
[=]SCRAPE SERVE[=]LINK(s) EXTRACTED: /podcasts/dailyscriptures/
[=]SCRAPE SERVE[=]ReqMETA: 200::GET
[=]SCRAPE SERVE[=]A[HREF]::Link request received at https://www.ancientfaith.com/podcasts/?sort=latest_episodes
[=]SCRAPE SERVE[=]LINK(s) EXTRACTED: /podcasts/dailyscriptureskids/
[=]SCRAPE SERVE[=]ReqMETA: 200::GET
[=]SCRAPE SERVE[=]A[HREF]::Link request received at https://www.ancientfaith.com/podcasts/?sort=latest_episodes
[=]SCRAPE SERVE[=]LINK(s) EXTRACTED: /podcasts/dailyscriptureskids/
[=]SCRAPE SERVE[=]ReqMETA: 200::GET
[=]SCRAPE SERVE[=]A[HREF]::Link request received at https://www.ancientfaith.com/podcasts/?sort=latest_episodes
[=]SCRAPE SERVE[=]LINK(s) EXTRACTED: /podcasts/dailyscriptureskids/
[=]SCRAPE SERVE[=]ReqMETA: 200::GET
[=]SCRAPE SERVE[=]A[HREF]::Link request received at https://www.ancientfaith.com/podcasts/?sort=latest_episodes
[=]SCRAPE SERVE[=]LINK(s) EXTRACTED: /podcasts/lightpast/
[=]SCRAPE SERVE[=]ReqMETA: 200::GET
[=]SCRAPE SERVE[=]A[HREF]::Link request received at https://www.ancientfaith.com/podcasts/?sort=latest_episodes
[=]SCRAPE SERVE[=]LINK(s) EXTRACTED: /podcasts/lightpast/
[=]SCRAPE SERVE[=]ReqMETA: 200::GET
[=]SCRAPE SERVE[=]A[HREF]::Link request received at https://www.ancientfaith.com/podcasts/?sort=latest_episodes
[=]SCRAPE SERVE[=]LINK(s) EXTRACTED: /podcasts/lightpast/
[=]SCRAPE SERVE[=]ReqMETA: 200::GET
[=]SCRAPE SERVE[=]A[HREF]::Link request received at https://www.ancientfaith.com/podcasts/?sort=latest_episodes
[=]SCRAPE SERVE[=]LINK(s) EXTRACTED: /podcasts/doxacast_remix/
[=]SCRAPE SERVE[=]ReqMETA: 200::GET
[=]SCRAPE SERVE[=]A[HREF]::Link request received at https://www.ancientfaith.com/podcasts/?sort=latest_episodes
[=]SCRAPE SERVE[=]LINK(s) EXTRACTED: /podcasts/doxacast_remix/
[=]SCRAPE SERVE[=]ReqMETA: 200::GET
[=]SCRAPE SERVE[=]A[HREF]::Link request received at https://www.ancientfaith.com/podcasts/?sort=latest_episodes
[=]SCRAPE SERVE[=]LINK(s) EXTRACTED: /podcasts/doxacast_remix/
[=]SCRAPE SERVE[=]ReqMETA: 200::GET
[=]SCRAPE SERVE[=]A[HREF]::Link request received at https://www.ancientfaith.com/podcasts/?sort=latest_episodes
[=]SCRAPE SERVE[=]LINK(s) EXTRACTED: /podcasts/amonsul/
[=]SCRAPE SERVE[=]ReqMETA: 200::GET
[=]SCRAPE SERVE[=]A[HREF]::Link request received at https://www.ancientfaith.com/podcasts/?sort=latest_episodes
[=]SCRAPE SERVE[=]LINK(s) EXTRACTED: /podcasts/amonsul/
[=]SCRAPE SERVE[=]ReqMETA: 200::GET
[=]SCRAPE SERVE[=]A[HREF]::Link request received at https://www.ancientfaith.com/podcasts/?sort=latest_episodes
[=]SCRAPE SERVE[=]LINK(s) EXTRACTED: /podcasts/amonsul/
[=]SCRAPE SERVE[=]ReqMETA: 200::GET
[=]SCRAPE SERVE[=]A[HREF]::Link request received at https://www.ancientfaith.com/podcasts/?sort=latest_episodes
[=]SCRAPE SERVE[=]LINK(s) EXTRACTED: /podcasts/easternchristianinsights/
[=]SCRAPE SERVE[=]ReqMETA: 200::GET
[=]SCRAPE SERVE[=]A[HREF]::Link request received at https://www.ancientfaith.com/podcasts/?sort=latest_episodes
[=]SCRAPE SERVE[=]LINK(s) EXTRACTED: /podcasts/easternchristianinsights/
[=]SCRAPE SERVE[=]ReqMETA: 200::GET
[=]SCRAPE SERVE[=]A[HREF]::Link request received at https://www.ancientfaith.com/podcasts/?sort=latest_episodes
[=]SCRAPE SERVE[=]LINK(s) EXTRACTED: /podcasts/easternchristianinsights/
[=]SCRAPE SERVE[=]ReqMETA: 200::GET
[=]SCRAPE SERVE[=]A[HREF]::Link request received at https://www.ancientfaith.com/podcasts/?sort=latest_episodes
[=]SCRAPE SERVE[=]LINK(s) EXTRACTED: /podcasts/wholecounsel/
[=]SCRAPE SERVE[=]ReqMETA: 200::GET
[=]SCRAPE SERVE[=]A[HREF]::Link request received at https://www.ancientfaith.com/podcasts/?sort=latest_episodes
[=]SCRAPE SERVE[=]LINK(s) EXTRACTED: /podcasts/wholecounsel/
[=]SCRAPE SERVE[=]ReqMETA: 200::GET
[=]SCRAPE SERVE[=]A[HREF]::Link request received at https://www.ancientfaith.com/podcasts/?sort=latest_episodes
[=]SCRAPE SERVE[=]LINK(s) EXTRACTED: /podcasts/wholecounsel/
[=]SCRAPE SERVE[=]ReqMETA: 200::GET
[=]SCRAPE SERVE[=]A[HREF]::Link request received at https://www.ancientfaith.com/podcasts/?sort=latest_episodes
[=]SCRAPE SERVE[=]LINK(s) EXTRACTED: /podcasts/fr-andrew-stephen-damick-lectures/
[=]SCRAPE SERVE[=]ReqMETA: 200::GET
[=]SCRAPE SERVE[=]A[HREF]::Link request received at https://www.ancientfaith.com/podcasts/?sort=latest_episodes
[=]SCRAPE SERVE[=]LINK(s) EXTRACTED: /podcasts/fr-andrew-stephen-damick-lectures/
[=]SCRAPE SERVE[=]ReqMETA: 200::GET
[=]SCRAPE SERVE[=]A[HREF]::Link request received at https://www.ancientfaith.com/podcasts/?sort=latest_episodes
[=]SCRAPE SERVE[=]LINK(s) EXTRACTED: /podcasts/fr-andrew-stephen-damick-lectures/
[=]SCRAPE SERVE[=]ReqMETA: 200::GET
[=]SCRAPE SERVE[=]A[HREF]::Link request received at https://www.ancientfaith.com/podcasts/?sort=latest_episodes
[=]SCRAPE SERVE[=]LINK(s) EXTRACTED: /podcasts/livewiththelouhs/
[=]SCRAPE SERVE[=]ReqMETA: 200::GET
[=]SCRAPE SERVE[=]A[HREF]::Link request received at https://www.ancientfaith.com/podcasts/?sort=latest_episodes
[=]SCRAPE SERVE[=]LINK(s) EXTRACTED: /podcasts/livewiththelouhs/
[=]SCRAPE SERVE[=]ReqMETA: 200::GET
[=]SCRAPE SERVE[=]A[HREF]::Link request received at https://www.ancientfaith.com/podcasts/?sort=latest_episodes
[=]SCRAPE SERVE[=]LINK(s) EXTRACTED: /podcasts/livewiththelouhs/
[=]SCRAPE SERVE[=]ReqMETA: 200::GET
[=]SCRAPE SERVE[=]A[HREF]::Link request received at https://www.ancientfaith.com/podcasts/?sort=latest_episodes
[=]SCRAPE SERVE[=]LINK(s) EXTRACTED: /podcasts/aftodaylive/
[=]SCRAPE SERVE[=]ReqMETA: 200::GET
[=]SCRAPE SERVE[=]A[HREF]::Link request received at https://www.ancientfaith.com/podcasts/?sort=latest_episodes
[=]SCRAPE SERVE[=]LINK(s) EXTRACTED: /podcasts/aftodaylive/
[=]SCRAPE SERVE[=]ReqMETA: 200::GET
[=]SCRAPE SERVE[=]A[HREF]::Link request received at https://www.ancientfaith.com/podcasts/?sort=latest_episodes
[=]SCRAPE SERVE[=]LINK(s) EXTRACTED: /podcasts/aftodaylive/
[=]SCRAPE SERVE[=]ReqMETA: 200::GET
[=]SCRAPE SERVE[=]A[HREF]::Link request received at https://www.ancientfaith.com/podcasts/?sort=latest_episodes
[=]SCRAPE SERVE[=]LINK(s) EXTRACTED: /podcasts/orthodoxengagement/
[=]SCRAPE SERVE[=]ReqMETA: 200::GET
[=]SCRAPE SERVE[=]A[HREF]::Link request received at https://www.ancientfaith.com/podcasts/?sort=latest_episodes
[=]SCRAPE SERVE[=]LINK(s) EXTRACTED: /podcasts/orthodoxengagement/
[=]SCRAPE SERVE[=]ReqMETA: 200::GET
[=]SCRAPE SERVE[=]A[HREF]::Link request received at https://www.ancientfaith.com/podcasts/?sort=latest_episodes
[=]SCRAPE SERVE[=]LINK(s) EXTRACTED: /podcasts/orthodoxengagement/
[=]SCRAPE SERVE[=]ReqMETA: 200::GET
[=]SCRAPE SERVE[=]A[HREF]::Link request received at https://www.ancientfaith.com/podcasts/?sort=latest_episodes
[=]SCRAPE SERVE[=]LINK(s) EXTRACTED: /podcasts/saintemmelia/
[=]SCRAPE SERVE[=]ReqMETA: 200::GET
[=]SCRAPE SERVE[=]A[HREF]::Link request received at https://www.ancientfaith.com/podcasts/?sort=latest_episodes
[=]SCRAPE SERVE[=]LINK(s) EXTRACTED: /podcasts/saintemmelia/
[=]SCRAPE SERVE[=]ReqMETA: 200::GET
[=]SCRAPE SERVE[=]A[HREF]::Link request received at https://www.ancientfaith.com/podcasts/?sort=latest_episodes
[=]SCRAPE SERVE[=]LINK(s) EXTRACTED: /podcasts/saintemmelia/
[=]SCRAPE SERVE[=]ReqMETA: 200::GET
[=]SCRAPE SERVE[=]A[HREF]::Link request received at https://www.ancientfaith.com/podcasts/?sort=latest_episodes
[=]SCRAPE SERVE[=]LINK(s) EXTRACTED: /podcasts/searchthescriptureslive/
[=]SCRAPE SERVE[=]ReqMETA: 200::GET
[=]SCRAPE SERVE[=]A[HREF]::Link request received at https://www.ancientfaith.com/podcasts/?sort=latest_episodes
[=]SCRAPE SERVE[=]LINK(s) EXTRACTED: /podcasts/searchthescriptureslive/
[=]SCRAPE SERVE[=]ReqMETA: 200::GET
[=]SCRAPE SERVE[=]A[HREF]::Link request received at https://www.ancientfaith.com/podcasts/?sort=latest_episodes
[=]SCRAPE SERVE[=]LINK(s) EXTRACTED: /podcasts/searchthescriptureslive/
[=]SCRAPE SERVE[=]ReqMETA: 200::GET
[=]SCRAPE SERVE[=]A[HREF]::Link request received at https://www.ancientfaith.com/podcasts/?sort=latest_episodes
[=]SCRAPE SERVE[=]LINK(s) EXTRACTED: /podcasts/the_roots_of_everything/
[=]SCRAPE SERVE[=]ReqMETA: 200::GET
[=]SCRAPE SERVE[=]A[HREF]::Link request received at https://www.ancientfaith.com/podcasts/?sort=latest_episodes
[=]SCRAPE SERVE[=]LINK(s) EXTRACTED: /podcasts/the_roots_of_everything/
[=]SCRAPE SERVE[=]ReqMETA: 200::GET
[=]SCRAPE SERVE[=]A[HREF]::Link request received at https://www.ancientfaith.com/podcasts/?sort=latest_episodes
[=]SCRAPE SERVE[=]LINK(s) EXTRACTED: /podcasts/the_roots_of_everything/
[=]SCRAPE SERVE[=]ReqMETA: 200::GET
[=]SCRAPE SERVE[=]A[HREF]::Link request received at https://www.ancientfaith.com/podcasts/?sort=latest_episodes
[=]SCRAPE SERVE[=]LINK(s) EXTRACTED: /podcasts/orthodoxylive/
[=]SCRAPE SERVE[=]ReqMETA: 200::GET
[=]SCRAPE SERVE[=]A[HREF]::Link request received at https://www.ancientfaith.com/podcasts/?sort=latest_episodes
[=]SCRAPE SERVE[=]LINK(s) EXTRACTED: /podcasts/orthodoxylive/
[=]SCRAPE SERVE[=]ReqMETA: 200::GET
[=]SCRAPE SERVE[=]A[HREF]::Link request received at https://www.ancientfaith.com/podcasts/?sort=latest_episodes
[=]SCRAPE SERVE[=]LINK(s) EXTRACTED: /podcasts/orthodoxylive/
[=]SCRAPE SERVE[=]ReqMETA: 200::GET
[=]SCRAPE SERVE[=]A[HREF]::Link request received at https://www.ancientfaith.com/podcasts/?sort=latest_episodes
[=]SCRAPE SERVE[=]LINK(s) EXTRACTED: /podcasts/comeandsee/
[=]SCRAPE SERVE[=]ReqMETA: 200::GET
[=]SCRAPE SERVE[=]A[HREF]::Link request received at https://www.ancientfaith.com/podcasts/?sort=latest_episodes
[=]SCRAPE SERVE[=]LINK(s) EXTRACTED: /podcasts/comeandsee/
[=]SCRAPE SERVE[=]ReqMETA: 200::GET
[=]SCRAPE SERVE[=]A[HREF]::Link request received at https://www.ancientfaith.com/podcasts/?sort=latest_episodes
[=]SCRAPE SERVE[=]LINK(s) EXTRACTED: /podcasts/comeandsee/
[=]SCRAPE SERVE[=]ReqMETA: 200::GET
[=]SCRAPE SERVE[=]A[HREF]::Link request received at https://www.ancientfaith.com/podcasts/?sort=latest_episodes
[=]SCRAPE SERVE[=]LINK(s) EXTRACTED: /podcasts/amvon/
[=]SCRAPE SERVE[=]ReqMETA: 200::GET
[=]SCRAPE SERVE[=]A[HREF]::Link request received at https://www.ancientfaith.com/podcasts/?sort=latest_episodes
[=]SCRAPE SERVE[=]LINK(s) EXTRACTED: /podcasts/amvon/
[=]SCRAPE SERVE[=]ReqMETA: 200::GET
[=]SCRAPE SERVE[=]A[HREF]::Link request received at https://www.ancientfaith.com/podcasts/?sort=latest_episodes
[=]SCRAPE SERVE[=]LINK(s) EXTRACTED: /podcasts/amvon/
[=]SCRAPE SERVE[=]ReqMETA: 200::GET
[=]SCRAPE SERVE[=]A[HREF]::Link request received at https://www.ancientfaith.com/podcasts/?sort=latest_episodes
[=]SCRAPE SERVE[=]LINK(s) EXTRACTED: /podcasts/gods_wondrous_saints/
[=]SCRAPE SERVE[=]ReqMETA: 200::GET
[=]SCRAPE SERVE[=]A[HREF]::Link request received at https://www.ancientfaith.com/podcasts/?sort=latest_episodes
[=]SCRAPE SERVE[=]LINK(s) EXTRACTED: /podcasts/gods_wondrous_saints/
[=]SCRAPE SERVE[=]ReqMETA: 200::GET
[=]SCRAPE SERVE[=]A[HREF]::Link request received at https://www.ancientfaith.com/podcasts/?sort=latest_episodes
[=]SCRAPE SERVE[=]LINK(s) EXTRACTED: /podcasts/gods_wondrous_saints/
[=]SCRAPE SERVE[=]ReqMETA: 200::GET
[=]SCRAPE SERVE[=]A[HREF]::Link request received at https://www.ancientfaith.com/podcasts/?sort=latest_episodes
[=]SCRAPE SERVE[=]LINK(s) EXTRACTED: /podcasts/features/
[=]SCRAPE SERVE[=]ReqMETA: 200::GET
[=]SCRAPE SERVE[=]A[HREF]::Link request received at https://www.ancientfaith.com/podcasts/?sort=latest_episodes
[=]SCRAPE SERVE[=]LINK(s) EXTRACTED: /podcasts/features/
[=]SCRAPE SERVE[=]ReqMETA: 200::GET
[=]SCRAPE SERVE[=]A[HREF]::Link request received at https://www.ancientfaith.com/podcasts/?sort=latest_episodes
[=]SCRAPE SERVE[=]LINK(s) EXTRACTED: /podcasts/features/
[=]SCRAPE SERVE[=]ReqMETA: 200::GET
[=]SCRAPE SERVE[=]A[HREF]::Link request received at https://www.ancientfaith.com/podcasts/?sort=latest_episodes
[=]SCRAPE SERVE[=]LINK(s) EXTRACTED: /podcasts/lampfortoday/
[=]SCRAPE SERVE[=]ReqMETA: 200::GET
[=]SCRAPE SERVE[=]A[HREF]::Link request received at https://www.ancientfaith.com/podcasts/?sort=latest_episodes
[=]SCRAPE SERVE[=]LINK(s) EXTRACTED: /podcasts/lampfortoday/
[=]SCRAPE SERVE[=]ReqMETA: 200::GET
[=]SCRAPE SERVE[=]A[HREF]::Link request received at https://www.ancientfaith.com/podcasts/?sort=latest_episodes
[=]SCRAPE SERVE[=]LINK(s) EXTRACTED: /podcasts/lampfortoday/
[=]SCRAPE SERVE[=]ReqMETA: 200::GET
[=]SCRAPE SERVE[=]A[HREF]::Link request received at https://www.ancientfaith.com/podcasts/?sort=latest_episodes
[=]SCRAPE SERVE[=]LINK(s) EXTRACTED: /podcasts/greattales/
[=]SCRAPE SERVE[=]ReqMETA: 200::GET
[=]SCRAPE SERVE[=]A[HREF]::Link request received at https://www.ancientfaith.com/podcasts/?sort=latest_episodes
[=]SCRAPE SERVE[=]LINK(s) EXTRACTED: /podcasts/greattales/
[=]SCRAPE SERVE[=]ReqMETA: 200::GET
[=]SCRAPE SERVE[=]A[HREF]::Link request received at https://www.ancientfaith.com/podcasts/?sort=latest_episodes
[=]SCRAPE SERVE[=]LINK(s) EXTRACTED: /podcasts/greattales/
[=]SCRAPE SERVE[=]ReqMETA: 200::GET
[=]SCRAPE SERVE[=]A[HREF]::Link request received at https://www.ancientfaith.com/podcasts/?sort=latest_episodes
[=]SCRAPE SERVE[=]LINK(s) EXTRACTED: /podcasts/shine-your-light/
[=]SCRAPE SERVE[=]ReqMETA: 200::GET
[=]SCRAPE SERVE[=]A[HREF]::Link request received at https://www.ancientfaith.com/podcasts/?sort=latest_episodes
[=]SCRAPE SERVE[=]LINK(s) EXTRACTED: /podcasts/shine-your-light/
[=]SCRAPE SERVE[=]ReqMETA: 200::GET
[=]SCRAPE SERVE[=]A[HREF]::Link request received at https://www.ancientfaith.com/podcasts/?sort=latest_episodes
[=]SCRAPE SERVE[=]LINK(s) EXTRACTED: /podcasts/shine-your-light/
[=]SCRAPE SERVE[=]ReqMETA: 200::GET
[=]SCRAPE SERVE[=]A[HREF]::Link request received at https://www.ancientfaith.com/podcasts/?sort=latest_episodes
[=]SCRAPE SERVE[=]LINK(s) EXTRACTED: /podcasts/orthodox_women_in_healing_ministries/
[=]SCRAPE SERVE[=]ReqMETA: 200::GET
[=]SCRAPE SERVE[=]A[HREF]::Link request received at https://www.ancientfaith.com/podcasts/?sort=latest_episodes
[=]SCRAPE SERVE[=]LINK(s) EXTRACTED: /podcasts/orthodox_women_in_healing_ministries/
[=]SCRAPE SERVE[=]ReqMETA: 200::GET
[=]SCRAPE SERVE[=]A[HREF]::Link request received at https://www.ancientfaith.com/podcasts/?sort=latest_episodes
[=]SCRAPE SERVE[=]LINK(s) EXTRACTED: /podcasts/orthodox_women_in_healing_ministries/
[=]SCRAPE SERVE[=]ReqMETA: 200::GET
[=]SCRAPE SERVE[=]A[HREF]::Link request received at https://www.ancientfaith.com/podcasts/?sort=latest_episodes
[=]SCRAPE SERVE[=]LINK(s) EXTRACTED: /podcasts/welcoming-gifts/
[=]SCRAPE SERVE[=]ReqMETA: 200::GET
[=]SCRAPE SERVE[=]A[HREF]::Link request received at https://www.ancientfaith.com/podcasts/?sort=latest_episodes
[=]SCRAPE SERVE[=]LINK(s) EXTRACTED: /podcasts/welcoming-gifts/
[=]SCRAPE SERVE[=]ReqMETA: 200::GET
[=]SCRAPE SERVE[=]A[HREF]::Link request received at https://www.ancientfaith.com/podcasts/?sort=latest_episodes
[=]SCRAPE SERVE[=]LINK(s) EXTRACTED: /podcasts/welcoming-gifts/
[=]SCRAPE SERVE[=]ReqMETA: 200::GET
[=]SCRAPE SERVE[=]A[HREF]::Link request received at https://www.ancientfaith.com/podcasts/?sort=latest_episodes
[=]SCRAPE SERVE[=]LINK(s) EXTRACTED: /podcasts/parables/
[=]SCRAPE SERVE[=]ReqMETA: 200::GET
[=]SCRAPE SERVE[=]A[HREF]::Link request received at https://www.ancientfaith.com/podcasts/?sort=latest_episodes
[=]SCRAPE SERVE[=]LINK(s) EXTRACTED: /podcasts/parables/
[=]SCRAPE SERVE[=]ReqMETA: 200::GET
[=]SCRAPE SERVE[=]A[HREF]::Link request received at https://www.ancientfaith.com/podcasts/?sort=latest_episodes
[=]SCRAPE SERVE[=]LINK(s) EXTRACTED: /podcasts/parables/
[=]SCRAPE SERVE[=]ReqMETA: 200::GET
[=]SCRAPE SERVE[=]A[HREF]::Link request received at https://www.ancientfaith.com/podcasts/?sort=latest_episodes
[=]SCRAPE SERVE[=]LINK(s) EXTRACTED: /workwithus/
[=]SCRAPE SERVE[=]ReqMETA: 200::GET
[=]SCRAPE SERVE[=]A[HREF]::Link request received at https://www.ancientfaith.com/podcasts/?sort=latest_episodes
[=]SCRAPE SERVE[=]LINK(s) EXTRACTED: /about/
[=]SCRAPE SERVE[=]ReqMETA: 200::GET
[=]SCRAPE SERVE[=]A[HREF]::Link request received at https://www.ancientfaith.com/podcasts/?sort=latest_episodes
[=]SCRAPE SERVE[=]LINK(s) EXTRACTED: /support/
[=]SCRAPE SERVE[=]ReqMETA: 200::GET
[=]SCRAPE SERVE[=]A[HREF]::Link request received at https://www.ancientfaith.com/podcasts/?sort=latest_episodes
[=]SCRAPE SERVE[=]LINK(s) EXTRACTED: /about/
[=]SCRAPE SERVE[=]ReqMETA: 200::GET
[=]SCRAPE SERVE[=]A[HREF]::Link request received at https://www.ancientfaith.com/podcasts/?sort=latest_episodes
[=]SCRAPE SERVE[=]LINK(s) EXTRACTED: https://store.ancientfaith.com
[=]SCRAPE SERVE[=]ReqMETA: 200::GET
[=]SCRAPE SERVE[=]A[HREF]::Link request received at https://www.ancientfaith.com/podcasts/?sort=latest_episodes
[=]SCRAPE SERVE[=]LINK(s) EXTRACTED: https://www.facebook.com/ancientfaithministries
[=]SCRAPE SERVE[=]ReqMETA: 200::GET
[=]SCRAPE SERVE[=]A[HREF]::Link request received at https://www.ancientfaith.com/podcasts/?sort=latest_episodes
[=]SCRAPE SERVE[=]LINK(s) EXTRACTED: https://www.youtube.com/@AncientFaithMinistries
[=]SCRAPE SERVE[=]ReqMETA: 200::GET
[=]SCRAPE SERVE[=]A[HREF]::Link request received at https://www.ancientfaith.com/podcasts/?sort=latest_episodes
[=]SCRAPE SERVE[=]LINK(s) EXTRACTED: https://www.instagram.com/ancientfaithministries/
[=]SCRAPE SERVE[=]ReqMETA: 200::GET
[=]SCRAPE SERVE[=]A[HREF]::Link request received at https://www.ancientfaith.com/podcasts/?sort=latest_episodes
[=]SCRAPE SERVE[=]LINK(s) EXTRACTED: https://www.tiktok.com/@ancientfaithministries
[=]SCRAPE SERVE[=]ReqMETA: 200::GET
[=]SCRAPE SERVE[=]A[HREF]::Link request received at https://www.ancientfaith.com/podcasts/?sort=latest_episodes
[=]SCRAPE SERVE[=]LINK(s) EXTRACTED: /
[=]SCRAPE SERVE[=]ReqMETA: 200::GET
[=]SCRAPE SERVE[=]A[HREF]::Link request received at https://www.ancientfaith.com/podcasts/?sort=latest_episodes
[=]SCRAPE SERVE[=]LINK(s) EXTRACTED: /topics/Ancient-Faith-Kids/
[=]SCRAPE SERVE[=]ReqMETA: 200::GET
[=]SCRAPE SERVE[=]A[HREF]::Link request received at https://www.ancientfaith.com/podcasts/?sort=latest_episodes
[=]SCRAPE SERVE[=]LINK(s) EXTRACTED: https://www.facebook.com/ancientfaithkids
[=]SCRAPE SERVE[=]ReqMETA: 200::GET
[=]SCRAPE SERVE[=]A[HREF]::Link request received at https://www.ancientfaith.com/podcasts/?sort=latest_episodes
[=]SCRAPE SERVE[=]LINK(s) EXTRACTED: https://www.youtube.com/@ancientfaith4kids
[=]SCRAPE SERVE[=]ReqMETA: 200::GET
[=]SCRAPE SERVE[=]A[HREF]::Link request received at https://www.ancientfaith.com/podcasts/?sort=latest_episodes
[=]SCRAPE SERVE[=]LINK(s) EXTRACTED: https://www.instagram.com/ancientfaithkids/
[=]SCRAPE SERVE[=]ReqMETA: 200::GET
[=]SCRAPE SERVE[=]A[HREF]::Link request received at https://www.ancientfaith.com/podcasts/?sort=latest_episodes
[=]SCRAPE SERVE[=]LINK(s) EXTRACTED: https://afm.kindful.com/?campaign=1193135
[=]SCRAPE SERVE[=]ReqMETA: 200::GET
[=]SCRAPE SERVE[=]A[HREF]::Link request received at https://www.ancientfaith.com/podcasts/?sort=latest_episodes
[=]SCRAPE SERVE[=]LINK(s) EXTRACTED: 
[=]SCRAPE SERVE[=]ReqMETA: 200::GET
[=]SCRAPE SERVE[=]A[HREF]::Link request received at https://www.ancientfaith.com/podcasts/?sort=latest_episodes
[=]SCRAPE SERVE[=]LINK(s) EXTRACTED: 
[=]SCRAPE SERVE[=]ReqMETA: 200::GET
[=]SCRAPE SERVE[=]A[HREF]::Link request received at https://www.ancientfaith.com/podcasts/?sort=latest_episodes
[=]SCRAPE SERVE[=]LINK(s) EXTRACTED: 
[=]SCRAPE SERVE[=]ReqMETA: 200::GET
[=]SCRAPE SERVE[=]visiting https://www.ancientfaith.com/podcasts/aftodaylive/
[=]SCRAPE SERVE[=]response received 200
[=]SCRAPE SERVE[=]A[HREF]::Link request received at https://www.ancientfaith.com/podcasts/aftodaylive/
[=]SCRAPE SERVE[=]LINK(s) EXTRACTED: /
[=]SCRAPE SERVE[=]ReqMETA: 200::GET
[=]SCRAPE SERVE[=]A[HREF]::Link request received at https://www.ancientfaith.com/podcasts/aftodaylive/
[=]SCRAPE SERVE[=]LINK(s) EXTRACTED: /radio/
[=]SCRAPE SERVE[=]ReqMETA: 200::GET
[=]SCRAPE SERVE[=]A[HREF]::Link request received at https://www.ancientfaith.com/podcasts/aftodaylive/
[=]SCRAPE SERVE[=]LINK(s) EXTRACTED: /radio/live-shows/
[=]SCRAPE SERVE[=]ReqMETA: 200::GET
[=]SCRAPE SERVE[=]A[HREF]::Link request received at https://www.ancientfaith.com/podcasts/aftodaylive/
[=]SCRAPE SERVE[=]LINK(s) EXTRACTED: /podcasts/
[=]SCRAPE SERVE[=]ReqMETA: 200::GET
[=]SCRAPE SERVE[=]A[HREF]::Link request received at https://www.ancientfaith.com/podcasts/aftodaylive/
[=]SCRAPE SERVE[=]LINK(s) EXTRACTED: /radio/sponsorships/
[=]SCRAPE SERVE[=]ReqMETA: 200::GET
[=]SCRAPE SERVE[=]A[HREF]::Link request received at https://www.ancientfaith.com/podcasts/aftodaylive/
[=]SCRAPE SERVE[=]LINK(s) EXTRACTED: /radio/digital-m/
[=]SCRAPE SERVE[=]ReqMETA: 200::GET
[=]SCRAPE SERVE[=]A[HREF]::Link request received at https://www.ancientfaith.com/podcasts/aftodaylive/
[=]SCRAPE SERVE[=]LINK(s) EXTRACTED: /publishing/
[=]SCRAPE SERVE[=]ReqMETA: 200::GET
[=]SCRAPE SERVE[=]A[HREF]::Link request received at https://www.ancientfaith.com/podcasts/aftodaylive/
[=]SCRAPE SERVE[=]LINK(s) EXTRACTED: /topics/Ancient-Faith-Kids/
[=]SCRAPE SERVE[=]ReqMETA: 200::GET
[=]SCRAPE SERVE[=]A[HREF]::Link request received at https://www.ancientfaith.com/podcasts/aftodaylive/
[=]SCRAPE SERVE[=]LINK(s) EXTRACTED: /events/
[=]SCRAPE SERVE[=]ReqMETA: 200::GET
[=]SCRAPE SERVE[=]A[HREF]::Link request received at https://www.ancientfaith.com/podcasts/aftodaylive/
[=]SCRAPE SERVE[=]LINK(s) EXTRACTED: /support/
[=]SCRAPE SERVE[=]ReqMETA: 200::GET
[=]SCRAPE SERVE[=]A[HREF]::Link request received at https://www.ancientfaith.com/podcasts/aftodaylive/
[=]SCRAPE SERVE[=]LINK(s) EXTRACTED: /about/
[=]SCRAPE SERVE[=]ReqMETA: 200::GET
[=]SCRAPE SERVE[=]A[HREF]::Link request received at https://www.ancientfaith.com/podcasts/aftodaylive/
[=]SCRAPE SERVE[=]LINK(s) EXTRACTED: /ceo-journal/
[=]SCRAPE SERVE[=]ReqMETA: 200::GET
[=]SCRAPE SERVE[=]A[HREF]::Link request received at https://www.ancientfaith.com/podcasts/aftodaylive/
[=]SCRAPE SERVE[=]LINK(s) EXTRACTED: https://store.ancientfaith.com/
[=]SCRAPE SERVE[=]ReqMETA: 200::GET
[=]SCRAPE SERVE[=]A[HREF]::Link request received at https://www.ancientfaith.com/podcasts/aftodaylive/
[=]SCRAPE SERVE[=]LINK(s) EXTRACTED: /login/
[=]SCRAPE SERVE[=]ReqMETA: 200::GET
[=]SCRAPE SERVE[=]A[HREF]::Link request received at https://www.ancientfaith.com/podcasts/aftodaylive/
[=]SCRAPE SERVE[=]LINK(s) EXTRACTED: /radio/
[=]SCRAPE SERVE[=]ReqMETA: 200::GET
[=]SCRAPE SERVE[=]A[HREF]::Link request received at https://www.ancientfaith.com/podcasts/aftodaylive/
[=]SCRAPE SERVE[=]LINK(s) EXTRACTED: /radio/live-shows/
[=]SCRAPE SERVE[=]ReqMETA: 200::GET
[=]SCRAPE SERVE[=]A[HREF]::Link request received at https://www.ancientfaith.com/podcasts/aftodaylive/
[=]SCRAPE SERVE[=]LINK(s) EXTRACTED: /podcasts/
[=]SCRAPE SERVE[=]ReqMETA: 200::GET
[=]SCRAPE SERVE[=]A[HREF]::Link request received at https://www.ancientfaith.com/podcasts/aftodaylive/
[=]SCRAPE SERVE[=]LINK(s) EXTRACTED: /radio/sponsorships/
[=]SCRAPE SERVE[=]ReqMETA: 200::GET
[=]SCRAPE SERVE[=]A[HREF]::Link request received at https://www.ancientfaith.com/podcasts/aftodaylive/
[=]SCRAPE SERVE[=]LINK(s) EXTRACTED: /radio/digital-m/
[=]SCRAPE SERVE[=]ReqMETA: 200::GET
[=]SCRAPE SERVE[=]A[HREF]::Link request received at https://www.ancientfaith.com/podcasts/aftodaylive/
[=]SCRAPE SERVE[=]LINK(s) EXTRACTED: /publishing/
[=]SCRAPE SERVE[=]ReqMETA: 200::GET
[=]SCRAPE SERVE[=]A[HREF]::Link request received at https://www.ancientfaith.com/podcasts/aftodaylive/
[=]SCRAPE SERVE[=]LINK(s) EXTRACTED: /topics/Ancient-Faith-Kids/
[=]SCRAPE SERVE[=]ReqMETA: 200::GET
[=]SCRAPE SERVE[=]A[HREF]::Link request received at https://www.ancientfaith.com/podcasts/aftodaylive/
[=]SCRAPE SERVE[=]LINK(s) EXTRACTED: /events/
[=]SCRAPE SERVE[=]ReqMETA: 200::GET
[=]SCRAPE SERVE[=]A[HREF]::Link request received at https://www.ancientfaith.com/podcasts/aftodaylive/
[=]SCRAPE SERVE[=]LINK(s) EXTRACTED: /support/
[=]SCRAPE SERVE[=]ReqMETA: 200::GET
[=]SCRAPE SERVE[=]A[HREF]::Link request received at https://www.ancientfaith.com/podcasts/aftodaylive/
[=]SCRAPE SERVE[=]LINK(s) EXTRACTED: /about/
[=]SCRAPE SERVE[=]ReqMETA: 200::GET
[=]SCRAPE SERVE[=]A[HREF]::Link request received at https://www.ancientfaith.com/podcasts/aftodaylive/
[=]SCRAPE SERVE[=]LINK(s) EXTRACTED: /ceo-journal/
[=]SCRAPE SERVE[=]ReqMETA: 200::GET
[=]SCRAPE SERVE[=]A[HREF]::Link request received at https://www.ancientfaith.com/podcasts/aftodaylive/
[=]SCRAPE SERVE[=]LINK(s) EXTRACTED: https://store.ancientfaith.com/
[=]SCRAPE SERVE[=]ReqMETA: 200::GET
[=]SCRAPE SERVE[=]A[HREF]::Link request received at https://www.ancientfaith.com/podcasts/aftodaylive/
[=]SCRAPE SERVE[=]LINK(s) EXTRACTED: /login/
[=]SCRAPE SERVE[=]ReqMETA: 200::GET
[=]SCRAPE SERVE[=]A[HREF]::Link request received at https://www.ancientfaith.com/podcasts/aftodaylive/
[=]SCRAPE SERVE[=]LINK(s) EXTRACTED: https://feeds.ancientfaith.com/aftodaylive
[=]SCRAPE SERVE[=]ReqMETA: 200::GET
[=]SCRAPE SERVE[=]A[HREF]::Link request received at https://www.ancientfaith.com/podcasts/aftodaylive/
[=]SCRAPE SERVE[=]LINK(s) EXTRACTED: https://podcasts.apple.com/us/podcast/id1495085996
[=]SCRAPE SERVE[=]ReqMETA: 200::GET
[=]SCRAPE SERVE[=]A[HREF]::Link request received at https://www.ancientfaith.com/podcasts/aftodaylive/
[=]SCRAPE SERVE[=]LINK(s) EXTRACTED: https://web.charityengine.net/Default.aspx?tsid=31584
[=]SCRAPE SERVE[=]ReqMETA: 200::GET
[=]SCRAPE SERVE[=]A[HREF]::Link request received at https://www.ancientfaith.com/podcasts/aftodaylive/
[=]SCRAPE SERVE[=]LINK(s) EXTRACTED: /podcasts/aftodaylive/?page=2
[=]SCRAPE SERVE[=]ReqMETA: 200::GET
[=]SCRAPE SERVE[=]A[HREF]::Link request received at https://www.ancientfaith.com/podcasts/aftodaylive/
[=]SCRAPE SERVE[=]LINK(s) EXTRACTED: /podcasts/aftodaylive/?page=54
[=]SCRAPE SERVE[=]ReqMETA: 200::GET
[=]SCRAPE SERVE[=]A[HREF]::Link request received at https://www.ancientfaith.com/podcasts/aftodaylive/
[=]SCRAPE SERVE[=]LINK(s) EXTRACTED: /podcasts/aftodaylive/panic-at-the-protest/
[=]SCRAPE SERVE[=]ReqMETA: 200::GET
[=]SCRAPE SERVE[=]A[HREF]::Link request received at https://www.ancientfaith.com/podcasts/aftodaylive/
[=]SCRAPE SERVE[=]LINK(s) EXTRACTED: /podcasts/aftodaylive/covering-holy-things/
[=]SCRAPE SERVE[=]ReqMETA: 200::GET
[=]SCRAPE SERVE[=]A[HREF]::Link request received at https://www.ancientfaith.com/podcasts/aftodaylive/
[=]SCRAPE SERVE[=]LINK(s) EXTRACTED: /podcasts/aftodaylive/do-you-really-know-isaiah-53/
[=]SCRAPE SERVE[=]ReqMETA: 200::GET
[=]SCRAPE SERVE[=]A[HREF]::Link request received at https://www.ancientfaith.com/podcasts/aftodaylive/
[=]SCRAPE SERVE[=]LINK(s) EXTRACTED: /podcasts/aftodaylive/euthanasia-the-mercy-trap/
[=]SCRAPE SERVE[=]ReqMETA: 200::GET
[=]SCRAPE SERVE[=]A[HREF]::Link request received at https://www.ancientfaith.com/podcasts/aftodaylive/
[=]SCRAPE SERVE[=]LINK(s) EXTRACTED: /podcasts/aftodaylive/roman-catholic-liturgical-reforms-bitter-fruit/
[=]SCRAPE SERVE[=]ReqMETA: 200::GET
[=]SCRAPE SERVE[=]A[HREF]::Link request received at https://www.ancientfaith.com/podcasts/aftodaylive/
[=]SCRAPE SERVE[=]LINK(s) EXTRACTED: /podcasts/aftodaylive/?page=2
[=]SCRAPE SERVE[=]ReqMETA: 200::GET
[=]SCRAPE SERVE[=]A[HREF]::Link request received at https://www.ancientfaith.com/podcasts/aftodaylive/
[=]SCRAPE SERVE[=]LINK(s) EXTRACTED: /podcasts/aftodaylive/?page=54
[=]SCRAPE SERVE[=]ReqMETA: 200::GET
[=]SCRAPE SERVE[=]A[HREF]::Link request received at https://www.ancientfaith.com/podcasts/aftodaylive/
[=]SCRAPE SERVE[=]LINK(s) EXTRACTED: /contributors/tom_soroka/
[=]SCRAPE SERVE[=]ReqMETA: 200::GET
[=]SCRAPE SERVE[=]A[HREF]::Link request received at https://www.ancientfaith.com/podcasts/aftodaylive/
[=]SCRAPE SERVE[=]LINK(s) EXTRACTED: mailto:aft@ancientfaith.com
[=]SCRAPE SERVE[=]ReqMETA: 200::GET
[=]SCRAPE SERVE[=]A[HREF]::Link request received at https://www.ancientfaith.com/podcasts/aftodaylive/
[=]SCRAPE SERVE[=]LINK(s) EXTRACTED: https://www.speakpipe.com/AFTodayLive
[=]SCRAPE SERVE[=]ReqMETA: 200::GET
[=]SCRAPE SERVE[=]A[HREF]::Link request received at https://www.ancientfaith.com/podcasts/aftodaylive/
[=]SCRAPE SERVE[=]LINK(s) EXTRACTED: /podcasts/aftoday/
[=]SCRAPE SERVE[=]ReqMETA: 200::GET
[=]SCRAPE SERVE[=]A[HREF]::Link request received at https://www.ancientfaith.com/podcasts/aftodaylive/
[=]SCRAPE SERVE[=]LINK(s) EXTRACTED: /podcasts/thepath/
[=]SCRAPE SERVE[=]ReqMETA: 200::GET
[=]SCRAPE SERVE[=]A[HREF]::Link request received at https://www.ancientfaith.com/podcasts/aftodaylive/
[=]SCRAPE SERVE[=]LINK(s) EXTRACTED: /podcasts/sermonsatstnicholas/
[=]SCRAPE SERVE[=]ReqMETA: 200::GET
[=]SCRAPE SERVE[=]A[HREF]::Link request received at https://www.ancientfaith.com/podcasts/aftodaylive/
[=]SCRAPE SERVE[=]LINK(s) EXTRACTED: /podcasts/dogmameetslife/
[=]SCRAPE SERVE[=]ReqMETA: 200::GET
[=]SCRAPE SERVE[=]A[HREF]::Link request received at https://www.ancientfaith.com/podcasts/aftodaylive/
[=]SCRAPE SERVE[=]LINK(s) EXTRACTED: /podcasts/orthodoxengagement/
[=]SCRAPE SERVE[=]ReqMETA: 200::GET
[=]SCRAPE SERVE[=]A[HREF]::Link request received at https://www.ancientfaith.com/podcasts/aftodaylive/
[=]SCRAPE SERVE[=]LINK(s) EXTRACTED: /workwithus/
[=]SCRAPE SERVE[=]ReqMETA: 200::GET
[=]SCRAPE SERVE[=]A[HREF]::Link request received at https://www.ancientfaith.com/podcasts/aftodaylive/
[=]SCRAPE SERVE[=]LINK(s) EXTRACTED: /about/
[=]SCRAPE SERVE[=]ReqMETA: 200::GET
[=]SCRAPE SERVE[=]A[HREF]::Link request received at https://www.ancientfaith.com/podcasts/aftodaylive/
[=]SCRAPE SERVE[=]LINK(s) EXTRACTED: /support/
[=]SCRAPE SERVE[=]ReqMETA: 200::GET
[=]SCRAPE SERVE[=]A[HREF]::Link request received at https://www.ancientfaith.com/podcasts/aftodaylive/
[=]SCRAPE SERVE[=]LINK(s) EXTRACTED: /about/
[=]SCRAPE SERVE[=]ReqMETA: 200::GET
[=]SCRAPE SERVE[=]A[HREF]::Link request received at https://www.ancientfaith.com/podcasts/aftodaylive/
[=]SCRAPE SERVE[=]LINK(s) EXTRACTED: https://store.ancientfaith.com
[=]SCRAPE SERVE[=]ReqMETA: 200::GET
[=]SCRAPE SERVE[=]A[HREF]::Link request received at https://www.ancientfaith.com/podcasts/aftodaylive/
[=]SCRAPE SERVE[=]LINK(s) EXTRACTED: https://www.facebook.com/ancientfaithministries
[=]SCRAPE SERVE[=]ReqMETA: 200::GET
[=]SCRAPE SERVE[=]A[HREF]::Link request received at https://www.ancientfaith.com/podcasts/aftodaylive/
[=]SCRAPE SERVE[=]LINK(s) EXTRACTED: https://www.youtube.com/@AncientFaithMinistries
[=]SCRAPE SERVE[=]ReqMETA: 200::GET
[=]SCRAPE SERVE[=]A[HREF]::Link request received at https://www.ancientfaith.com/podcasts/aftodaylive/
[=]SCRAPE SERVE[=]LINK(s) EXTRACTED: https://www.instagram.com/ancientfaithministries/
[=]SCRAPE SERVE[=]ReqMETA: 200::GET
[=]SCRAPE SERVE[=]A[HREF]::Link request received at https://www.ancientfaith.com/podcasts/aftodaylive/
[=]SCRAPE SERVE[=]LINK(s) EXTRACTED: https://www.tiktok.com/@ancientfaithministries
[=]SCRAPE SERVE[=]ReqMETA: 200::GET
[=]SCRAPE SERVE[=]A[HREF]::Link request received at https://www.ancientfaith.com/podcasts/aftodaylive/
[=]SCRAPE SERVE[=]LINK(s) EXTRACTED: /
[=]SCRAPE SERVE[=]ReqMETA: 200::GET
[=]SCRAPE SERVE[=]A[HREF]::Link request received at https://www.ancientfaith.com/podcasts/aftodaylive/
[=]SCRAPE SERVE[=]LINK(s) EXTRACTED: /topics/Ancient-Faith-Kids/
[=]SCRAPE SERVE[=]ReqMETA: 200::GET
[=]SCRAPE SERVE[=]A[HREF]::Link request received at https://www.ancientfaith.com/podcasts/aftodaylive/
[=]SCRAPE SERVE[=]LINK(s) EXTRACTED: https://www.facebook.com/ancientfaithkids
[=]SCRAPE SERVE[=]ReqMETA: 200::GET
[=]SCRAPE SERVE[=]A[HREF]::Link request received at https://www.ancientfaith.com/podcasts/aftodaylive/
[=]SCRAPE SERVE[=]LINK(s) EXTRACTED: https://www.youtube.com/@ancientfaith4kids
[=]SCRAPE SERVE[=]ReqMETA: 200::GET
[=]SCRAPE SERVE[=]A[HREF]::Link request received at https://www.ancientfaith.com/podcasts/aftodaylive/
[=]SCRAPE SERVE[=]LINK(s) EXTRACTED: https://www.instagram.com/ancientfaithkids/
[=]SCRAPE SERVE[=]ReqMETA: 200::GET
[=]SCRAPE SERVE[=]A[HREF]::Link request received at https://www.ancientfaith.com/podcasts/aftodaylive/
[=]SCRAPE SERVE[=]LINK(s) EXTRACTED: https://afm.kindful.com/?campaign=1193135
[=]SCRAPE SERVE[=]ReqMETA: 200::GET
[=]SCRAPE SERVE[=]A[HREF]::Link request received at https://www.ancientfaith.com/podcasts/aftodaylive/
[=]SCRAPE SERVE[=]LINK(s) EXTRACTED: 
[=]SCRAPE SERVE[=]ReqMETA: 200::GET
[=]SCRAPE SERVE[=]A[HREF]::Link request received at https://www.ancientfaith.com/podcasts/aftodaylive/
[=]SCRAPE SERVE[=]LINK(s) EXTRACTED: 
[=]SCRAPE SERVE[=]ReqMETA: 200::GET
[=]SCRAPE SERVE[=]A[HREF]::Link request received at https://www.ancientfaith.com/podcasts/aftodaylive/
[=]SCRAPE SERVE[=]LINK(s) EXTRACTED: 
[=]SCRAPE SERVE[=]ReqMETA: 200::GET
[=]SCRAPE SERVE[=]visiting https://www.ancientfaith.com/podcasts/amonsul/
[=]SCRAPE SERVE[=]response received 200
[=]SCRAPE SERVE[=]A[HREF]::Link request received at https://www.ancientfaith.com/podcasts/amonsul/
[=]SCRAPE SERVE[=]LINK(s) EXTRACTED: /
[=]SCRAPE SERVE[=]ReqMETA: 200::GET
[=]SCRAPE SERVE[=]A[HREF]::Link request received at https://www.ancientfaith.com/podcasts/amonsul/
[=]SCRAPE SERVE[=]LINK(s) EXTRACTED: /radio/
[=]SCRAPE SERVE[=]ReqMETA: 200::GET
[=]SCRAPE SERVE[=]A[HREF]::Link request received at https://www.ancientfaith.com/podcasts/amonsul/
[=]SCRAPE SERVE[=]LINK(s) EXTRACTED: /radio/live-shows/
[=]SCRAPE SERVE[=]ReqMETA: 200::GET
[=]SCRAPE SERVE[=]A[HREF]::Link request received at https://www.ancientfaith.com/podcasts/amonsul/
[=]SCRAPE SERVE[=]LINK(s) EXTRACTED: /podcasts/
[=]SCRAPE SERVE[=]ReqMETA: 200::GET
[=]SCRAPE SERVE[=]A[HREF]::Link request received at https://www.ancientfaith.com/podcasts/amonsul/
[=]SCRAPE SERVE[=]LINK(s) EXTRACTED: /radio/sponsorships/
[=]SCRAPE SERVE[=]ReqMETA: 200::GET
[=]SCRAPE SERVE[=]A[HREF]::Link request received at https://www.ancientfaith.com/podcasts/amonsul/
[=]SCRAPE SERVE[=]LINK(s) EXTRACTED: /radio/digital-m/
[=]SCRAPE SERVE[=]ReqMETA: 200::GET
[=]SCRAPE SERVE[=]A[HREF]::Link request received at https://www.ancientfaith.com/podcasts/amonsul/
[=]SCRAPE SERVE[=]LINK(s) EXTRACTED: /publishing/
[=]SCRAPE SERVE[=]ReqMETA: 200::GET
[=]SCRAPE SERVE[=]A[HREF]::Link request received at https://www.ancientfaith.com/podcasts/amonsul/
[=]SCRAPE SERVE[=]LINK(s) EXTRACTED: /topics/Ancient-Faith-Kids/
[=]SCRAPE SERVE[=]ReqMETA: 200::GET
[=]SCRAPE SERVE[=]A[HREF]::Link request received at https://www.ancientfaith.com/podcasts/amonsul/
[=]SCRAPE SERVE[=]LINK(s) EXTRACTED: /events/
[=]SCRAPE SERVE[=]ReqMETA: 200::GET
[=]SCRAPE SERVE[=]A[HREF]::Link request received at https://www.ancientfaith.com/podcasts/amonsul/
[=]SCRAPE SERVE[=]LINK(s) EXTRACTED: /support/
[=]SCRAPE SERVE[=]ReqMETA: 200::GET
[=]SCRAPE SERVE[=]A[HREF]::Link request received at https://www.ancientfaith.com/podcasts/amonsul/
[=]SCRAPE SERVE[=]LINK(s) EXTRACTED: /about/
[=]SCRAPE SERVE[=]ReqMETA: 200::GET
[=]SCRAPE SERVE[=]A[HREF]::Link request received at https://www.ancientfaith.com/podcasts/amonsul/
[=]SCRAPE SERVE[=]LINK(s) EXTRACTED: /ceo-journal/
[=]SCRAPE SERVE[=]ReqMETA: 200::GET
[=]SCRAPE SERVE[=]A[HREF]::Link request received at https://www.ancientfaith.com/podcasts/amonsul/
[=]SCRAPE SERVE[=]LINK(s) EXTRACTED: https://store.ancientfaith.com/
[=]SCRAPE SERVE[=]ReqMETA: 200::GET
[=]SCRAPE SERVE[=]A[HREF]::Link request received at https://www.ancientfaith.com/podcasts/amonsul/
[=]SCRAPE SERVE[=]LINK(s) EXTRACTED: /login/
[=]SCRAPE SERVE[=]ReqMETA: 200::GET
[=]SCRAPE SERVE[=]A[HREF]::Link request received at https://www.ancientfaith.com/podcasts/amonsul/
[=]SCRAPE SERVE[=]LINK(s) EXTRACTED: /radio/
[=]SCRAPE SERVE[=]ReqMETA: 200::GET
[=]SCRAPE SERVE[=]A[HREF]::Link request received at https://www.ancientfaith.com/podcasts/amonsul/
[=]SCRAPE SERVE[=]LINK(s) EXTRACTED: /radio/live-shows/
[=]SCRAPE SERVE[=]ReqMETA: 200::GET
[=]SCRAPE SERVE[=]A[HREF]::Link request received at https://www.ancientfaith.com/podcasts/amonsul/
[=]SCRAPE SERVE[=]LINK(s) EXTRACTED: /podcasts/
[=]SCRAPE SERVE[=]ReqMETA: 200::GET
[=]SCRAPE SERVE[=]A[HREF]::Link request received at https://www.ancientfaith.com/podcasts/amonsul/
[=]SCRAPE SERVE[=]LINK(s) EXTRACTED: /radio/sponsorships/
[=]SCRAPE SERVE[=]ReqMETA: 200::GET
[=]SCRAPE SERVE[=]A[HREF]::Link request received at https://www.ancientfaith.com/podcasts/amonsul/
[=]SCRAPE SERVE[=]LINK(s) EXTRACTED: /radio/digital-m/
[=]SCRAPE SERVE[=]ReqMETA: 200::GET
[=]SCRAPE SERVE[=]A[HREF]::Link request received at https://www.ancientfaith.com/podcasts/amonsul/
[=]SCRAPE SERVE[=]LINK(s) EXTRACTED: /publishing/
[=]SCRAPE SERVE[=]ReqMETA: 200::GET
[=]SCRAPE SERVE[=]A[HREF]::Link request received at https://www.ancientfaith.com/podcasts/amonsul/
[=]SCRAPE SERVE[=]LINK(s) EXTRACTED: /topics/Ancient-Faith-Kids/
[=]SCRAPE SERVE[=]ReqMETA: 200::GET
[=]SCRAPE SERVE[=]A[HREF]::Link request received at https://www.ancientfaith.com/podcasts/amonsul/
[=]SCRAPE SERVE[=]LINK(s) EXTRACTED: /events/
[=]SCRAPE SERVE[=]ReqMETA: 200::GET
[=]SCRAPE SERVE[=]A[HREF]::Link request received at https://www.ancientfaith.com/podcasts/amonsul/
[=]SCRAPE SERVE[=]LINK(s) EXTRACTED: /support/
[=]SCRAPE SERVE[=]ReqMETA: 200::GET
[=]SCRAPE SERVE[=]A[HREF]::Link request received at https://www.ancientfaith.com/podcasts/amonsul/
[=]SCRAPE SERVE[=]LINK(s) EXTRACTED: /about/
[=]SCRAPE SERVE[=]ReqMETA: 200::GET
[=]SCRAPE SERVE[=]A[HREF]::Link request received at https://www.ancientfaith.com/podcasts/amonsul/
[=]SCRAPE SERVE[=]LINK(s) EXTRACTED: /ceo-journal/
[=]SCRAPE SERVE[=]ReqMETA: 200::GET
[=]SCRAPE SERVE[=]A[HREF]::Link request received at https://www.ancientfaith.com/podcasts/amonsul/
[=]SCRAPE SERVE[=]LINK(s) EXTRACTED: https://store.ancientfaith.com/
[=]SCRAPE SERVE[=]ReqMETA: 200::GET
[=]SCRAPE SERVE[=]A[HREF]::Link request received at https://www.ancientfaith.com/podcasts/amonsul/
[=]SCRAPE SERVE[=]LINK(s) EXTRACTED: /login/
[=]SCRAPE SERVE[=]ReqMETA: 200::GET
[=]SCRAPE SERVE[=]A[HREF]::Link request received at https://www.ancientfaith.com/podcasts/amonsul/
[=]SCRAPE SERVE[=]LINK(s) EXTRACTED: https://feeds.ancientfaith.com/amonsul
[=]SCRAPE SERVE[=]ReqMETA: 200::GET
[=]SCRAPE SERVE[=]A[HREF]::Link request received at https://www.ancientfaith.com/podcasts/amonsul/
[=]SCRAPE SERVE[=]LINK(s) EXTRACTED: https://podcasts.apple.com/us/podcast/id1454179854
[=]SCRAPE SERVE[=]ReqMETA: 200::GET
[=]SCRAPE SERVE[=]A[HREF]::Link request received at https://www.ancientfaith.com/podcasts/amonsul/
[=]SCRAPE SERVE[=]LINK(s) EXTRACTED: https://web.charityengine.net/Default.aspx?tsid=31584
[=]SCRAPE SERVE[=]ReqMETA: 200::GET
[=]SCRAPE SERVE[=]A[HREF]::Link request received at https://www.ancientfaith.com/podcasts/amonsul/
[=]SCRAPE SERVE[=]LINK(s) EXTRACTED: /podcasts/amonsul/?page=2
[=]SCRAPE SERVE[=]ReqMETA: 200::GET
[=]SCRAPE SERVE[=]A[HREF]::Link request received at https://www.ancientfaith.com/podcasts/amonsul/
[=]SCRAPE SERVE[=]LINK(s) EXTRACTED: /podcasts/amonsul/?page=26
[=]SCRAPE SERVE[=]ReqMETA: 200::GET
[=]SCRAPE SERVE[=]A[HREF]::Link request received at https://www.ancientfaith.com/podcasts/amonsul/
[=]SCRAPE SERVE[=]LINK(s) EXTRACTED: /podcasts/amonsul/127-brandywine-bombadil-barrow-wights-bree-bruinen/
[=]SCRAPE SERVE[=]ReqMETA: 200::GET
[=]SCRAPE SERVE[=]A[HREF]::Link request received at https://www.ancientfaith.com/podcasts/amonsul/
[=]SCRAPE SERVE[=]LINK(s) EXTRACTED: /podcasts/amonsul/126-hobbits-on-the-hoof/
[=]SCRAPE SERVE[=]ReqMETA: 200::GET
[=]SCRAPE SERVE[=]A[HREF]::Link request received at https://www.ancientfaith.com/podcasts/amonsul/
[=]SCRAPE SERVE[=]LINK(s) EXTRACTED: /podcasts/amonsul/125-on-the-slopes-of-amon-sul/
[=]SCRAPE SERVE[=]ReqMETA: 200::GET
[=]SCRAPE SERVE[=]A[HREF]::Link request received at https://www.ancientfaith.com/podcasts/amonsul/
[=]SCRAPE SERVE[=]LINK(s) EXTRACTED: /podcasts/amonsul/124-looks-foul-but-feels-fair/
[=]SCRAPE SERVE[=]ReqMETA: 200::GET
[=]SCRAPE SERVE[=]A[HREF]::Link request received at https://www.ancientfaith.com/podcasts/amonsul/
[=]SCRAPE SERVE[=]LINK(s) EXTRACTED: /podcasts/amonsul/123-there-was-an-old-inn/
[=]SCRAPE SERVE[=]ReqMETA: 200::GET
[=]SCRAPE SERVE[=]A[HREF]::Link request received at https://www.ancientfaith.com/podcasts/amonsul/
[=]SCRAPE SERVE[=]LINK(s) EXTRACTED: /podcasts/amonsul/?page=2
[=]SCRAPE SERVE[=]ReqMETA: 200::GET
[=]SCRAPE SERVE[=]A[HREF]::Link request received at https://www.ancientfaith.com/podcasts/amonsul/
[=]SCRAPE SERVE[=]LINK(s) EXTRACTED: /podcasts/amonsul/?page=26
[=]SCRAPE SERVE[=]ReqMETA: 200::GET
[=]SCRAPE SERVE[=]A[HREF]::Link request received at https://www.ancientfaith.com/podcasts/amonsul/
[=]SCRAPE SERVE[=]LINK(s) EXTRACTED: /contributors/fr_anthony_cook/
[=]SCRAPE SERVE[=]ReqMETA: 200::GET
[=]SCRAPE SERVE[=]A[HREF]::Link request received at https://www.ancientfaith.com/podcasts/amonsul/
[=]SCRAPE SERVE[=]LINK(s) EXTRACTED: /contributors/andrew_stephen_damick/
[=]SCRAPE SERVE[=]ReqMETA: 200::GET
[=]SCRAPE SERVE[=]A[HREF]::Link request received at https://www.ancientfaith.com/podcasts/amonsul/
[=]SCRAPE SERVE[=]LINK(s) EXTRACTED: /contributors/richard_rohlin/
[=]SCRAPE SERVE[=]ReqMETA: 200::GET
[=]SCRAPE SERVE[=]A[HREF]::Link request received at https://www.ancientfaith.com/podcasts/amonsul/
[=]SCRAPE SERVE[=]LINK(s) EXTRACTED: mailto:amonsul@ancientfaith.com
[=]SCRAPE SERVE[=]ReqMETA: 200::GET
[=]SCRAPE SERVE[=]A[HREF]::Link request received at https://www.ancientfaith.com/podcasts/amonsul/
[=]SCRAPE SERVE[=]LINK(s) EXTRACTED: https://www.facebook.com/amonsulpodcast/
[=]SCRAPE SERVE[=]ReqMETA: 200::GET
[=]SCRAPE SERVE[=]A[HREF]::Link request received at https://www.ancientfaith.com/podcasts/amonsul/
[=]SCRAPE SERVE[=]LINK(s) EXTRACTED: https://www.youtube.com/@AmonS%C3%BBlPodcast
[=]SCRAPE SERVE[=]ReqMETA: 200::GET
[=]SCRAPE SERVE[=]A[HREF]::Link request received at https://www.ancientfaith.com/podcasts/amonsul/
[=]SCRAPE SERVE[=]LINK(s) EXTRACTED: /podcasts/orthodoxyheterodoxy/
[=]SCRAPE SERVE[=]ReqMETA: 200::GET
[=]SCRAPE SERVE[=]A[HREF]::Link request received at https://www.ancientfaith.com/podcasts/amonsul/
[=]SCRAPE SERVE[=]LINK(s) EXTRACTED: /podcasts/orthodoxengagement/
[=]SCRAPE SERVE[=]ReqMETA: 200::GET
[=]SCRAPE SERVE[=]A[HREF]::Link request received at https://www.ancientfaith.com/podcasts/amonsul/
[=]SCRAPE SERVE[=]LINK(s) EXTRACTED: /podcasts/areopagus/
[=]SCRAPE SERVE[=]ReqMETA: 200::GET
[=]SCRAPE SERVE[=]A[HREF]::Link request received at https://www.ancientfaith.com/podcasts/amonsul/
[=]SCRAPE SERVE[=]LINK(s) EXTRACTED: /podcasts/wolfandcross/
[=]SCRAPE SERVE[=]ReqMETA: 200::GET
[=]SCRAPE SERVE[=]A[HREF]::Link request received at https://www.ancientfaith.com/podcasts/amonsul/
[=]SCRAPE SERVE[=]LINK(s) EXTRACTED: /podcasts/lordofspirits/
[=]SCRAPE SERVE[=]ReqMETA: 200::GET
[=]SCRAPE SERVE[=]A[HREF]::Link request received at https://www.ancientfaith.com/podcasts/amonsul/
[=]SCRAPE SERVE[=]LINK(s) EXTRACTED: https://store.ancientfaith.com/an-introduction-to-god/
[=]SCRAPE SERVE[=]ReqMETA: 200::GET
[=]SCRAPE SERVE[=]A[HREF]::Link request received at https://www.ancientfaith.com/podcasts/amonsul/
[=]SCRAPE SERVE[=]LINK(s) EXTRACTED: https://store.ancientfaith.com/arise-o-god-the-gospel-of-christs-defeat-of-demons-sin-and-death/
[=]SCRAPE SERVE[=]ReqMETA: 200::GET
[=]SCRAPE SERVE[=]A[HREF]::Link request received at https://www.ancientfaith.com/podcasts/amonsul/
[=]SCRAPE SERVE[=]LINK(s) EXTRACTED: https://store.ancientfaith.com/bearing-god-the-life-and-works-of-st-ignatius-of-antioch-the-god-bearer/
[=]SCRAPE SERVE[=]ReqMETA: 200::GET
[=]SCRAPE SERVE[=]A[HREF]::Link request received at https://www.ancientfaith.com/podcasts/amonsul/
[=]SCRAPE SERVE[=]LINK(s) EXTRACTED: https://store.ancientfaith.com/orthodoxy-and-heterodoxy-finding-the-way-to-christ-in-a-complicated-religious-landscape
[=]SCRAPE SERVE[=]ReqMETA: 200::GET
[=]SCRAPE SERVE[=]A[HREF]::Link request received at https://www.ancientfaith.com/podcasts/amonsul/
[=]SCRAPE SERVE[=]LINK(s) EXTRACTED: https://store.ancientfaith.com/lord-of-spirits/
[=]SCRAPE SERVE[=]ReqMETA: 200::GET
[=]SCRAPE SERVE[=]A[HREF]::Link request received at https://www.ancientfaith.com/podcasts/amonsul/
[=]SCRAPE SERVE[=]LINK(s) EXTRACTED: /workwithus/
[=]SCRAPE SERVE[=]ReqMETA: 200::GET
[=]SCRAPE SERVE[=]A[HREF]::Link request received at https://www.ancientfaith.com/podcasts/amonsul/
[=]SCRAPE SERVE[=]LINK(s) EXTRACTED: /about/
[=]SCRAPE SERVE[=]ReqMETA: 200::GET
[=]SCRAPE SERVE[=]A[HREF]::Link request received at https://www.ancientfaith.com/podcasts/amonsul/
[=]SCRAPE SERVE[=]LINK(s) EXTRACTED: /support/
[=]SCRAPE SERVE[=]ReqMETA: 200::GET
[=]SCRAPE SERVE[=]A[HREF]::Link request received at https://www.ancientfaith.com/podcasts/amonsul/
[=]SCRAPE SERVE[=]LINK(s) EXTRACTED: /about/
[=]SCRAPE SERVE[=]ReqMETA: 200::GET
[=]SCRAPE SERVE[=]A[HREF]::Link request received at https://www.ancientfaith.com/podcasts/amonsul/
[=]SCRAPE SERVE[=]LINK(s) EXTRACTED: https://store.ancientfaith.com
[=]SCRAPE SERVE[=]ReqMETA: 200::GET
[=]SCRAPE SERVE[=]A[HREF]::Link request received at https://www.ancientfaith.com/podcasts/amonsul/
[=]SCRAPE SERVE[=]LINK(s) EXTRACTED: https://www.facebook.com/ancientfaithministries
[=]SCRAPE SERVE[=]ReqMETA: 200::GET
[=]SCRAPE SERVE[=]A[HREF]::Link request received at https://www.ancientfaith.com/podcasts/amonsul/
[=]SCRAPE SERVE[=]LINK(s) EXTRACTED: https://www.youtube.com/@AncientFaithMinistries
[=]SCRAPE SERVE[=]ReqMETA: 200::GET
[=]SCRAPE SERVE[=]A[HREF]::Link request received at https://www.ancientfaith.com/podcasts/amonsul/
[=]SCRAPE SERVE[=]LINK(s) EXTRACTED: https://www.instagram.com/ancientfaithministries/
[=]SCRAPE SERVE[=]ReqMETA: 200::GET
[=]SCRAPE SERVE[=]A[HREF]::Link request received at https://www.ancientfaith.com/podcasts/amonsul/
[=]SCRAPE SERVE[=]LINK(s) EXTRACTED: https://www.tiktok.com/@ancientfaithministries
[=]SCRAPE SERVE[=]ReqMETA: 200::GET
[=]SCRAPE SERVE[=]A[HREF]::Link request received at https://www.ancientfaith.com/podcasts/amonsul/
[=]SCRAPE SERVE[=]LINK(s) EXTRACTED: /
[=]SCRAPE SERVE[=]ReqMETA: 200::GET
[=]SCRAPE SERVE[=]A[HREF]::Link request received at https://www.ancientfaith.com/podcasts/amonsul/
[=]SCRAPE SERVE[=]LINK(s) EXTRACTED: /topics/Ancient-Faith-Kids/
[=]SCRAPE SERVE[=]ReqMETA: 200::GET
[=]SCRAPE SERVE[=]A[HREF]::Link request received at https://www.ancientfaith.com/podcasts/amonsul/
[=]SCRAPE SERVE[=]LINK(s) EXTRACTED: https://www.facebook.com/ancientfaithkids
[=]SCRAPE SERVE[=]ReqMETA: 200::GET
[=]SCRAPE SERVE[=]A[HREF]::Link request received at https://www.ancientfaith.com/podcasts/amonsul/
[=]SCRAPE SERVE[=]LINK(s) EXTRACTED: https://www.youtube.com/@ancientfaith4kids
[=]SCRAPE SERVE[=]ReqMETA: 200::GET
[=]SCRAPE SERVE[=]A[HREF]::Link request received at https://www.ancientfaith.com/podcasts/amonsul/
[=]SCRAPE SERVE[=]LINK(s) EXTRACTED: https://www.instagram.com/ancientfaithkids/
[=]SCRAPE SERVE[=]ReqMETA: 200::GET
[=]SCRAPE SERVE[=]A[HREF]::Link request received at https://www.ancientfaith.com/podcasts/amonsul/
[=]SCRAPE SERVE[=]LINK(s) EXTRACTED: https://afm.kindful.com/?campaign=1193135
[=]SCRAPE SERVE[=]ReqMETA: 200::GET
[=]SCRAPE SERVE[=]A[HREF]::Link request received at https://www.ancientfaith.com/podcasts/amonsul/
[=]SCRAPE SERVE[=]LINK(s) EXTRACTED: 
[=]SCRAPE SERVE[=]ReqMETA: 200::GET
[=]SCRAPE SERVE[=]A[HREF]::Link request received at https://www.ancientfaith.com/podcasts/amonsul/
[=]SCRAPE SERVE[=]LINK(s) EXTRACTED: 
[=]SCRAPE SERVE[=]ReqMETA: 200::GET
[=]SCRAPE SERVE[=]A[HREF]::Link request received at https://www.ancientfaith.com/podcasts/amonsul/
[=]SCRAPE SERVE[=]LINK(s) EXTRACTED: 
[=]SCRAPE SERVE[=]ReqMETA: 200::GET
[=]SCRAPE SERVE[=]visiting https://www.ancientfaith.com/podcasts/amvon/
[=]SCRAPE SERVE[=]response received 200
[=]SCRAPE SERVE[=]A[HREF]::Link request received at https://www.ancientfaith.com/podcasts/amvon/
[=]SCRAPE SERVE[=]LINK(s) EXTRACTED: /
[=]SCRAPE SERVE[=]ReqMETA: 200::GET
[=]SCRAPE SERVE[=]A[HREF]::Link request received at https://www.ancientfaith.com/podcasts/amvon/
[=]SCRAPE SERVE[=]LINK(s) EXTRACTED: /radio/
[=]SCRAPE SERVE[=]ReqMETA: 200::GET
[=]SCRAPE SERVE[=]A[HREF]::Link request received at https://www.ancientfaith.com/podcasts/amvon/
[=]SCRAPE SERVE[=]LINK(s) EXTRACTED: /radio/live-shows/
[=]SCRAPE SERVE[=]ReqMETA: 200::GET
[=]SCRAPE SERVE[=]A[HREF]::Link request received at https://www.ancientfaith.com/podcasts/amvon/
[=]SCRAPE SERVE[=]LINK(s) EXTRACTED: /podcasts/
[=]SCRAPE SERVE[=]ReqMETA: 200::GET
[=]SCRAPE SERVE[=]A[HREF]::Link request received at https://www.ancientfaith.com/podcasts/amvon/
[=]SCRAPE SERVE[=]LINK(s) EXTRACTED: /radio/sponsorships/
[=]SCRAPE SERVE[=]ReqMETA: 200::GET
[=]SCRAPE SERVE[=]A[HREF]::Link request received at https://www.ancientfaith.com/podcasts/amvon/
[=]SCRAPE SERVE[=]LINK(s) EXTRACTED: /radio/digital-m/
[=]SCRAPE SERVE[=]ReqMETA: 200::GET
[=]SCRAPE SERVE[=]A[HREF]::Link request received at https://www.ancientfaith.com/podcasts/amvon/
[=]SCRAPE SERVE[=]LINK(s) EXTRACTED: /publishing/
[=]SCRAPE SERVE[=]ReqMETA: 200::GET
[=]SCRAPE SERVE[=]A[HREF]::Link request received at https://www.ancientfaith.com/podcasts/amvon/
[=]SCRAPE SERVE[=]LINK(s) EXTRACTED: /topics/Ancient-Faith-Kids/
[=]SCRAPE SERVE[=]ReqMETA: 200::GET
[=]SCRAPE SERVE[=]A[HREF]::Link request received at https://www.ancientfaith.com/podcasts/amvon/
[=]SCRAPE SERVE[=]LINK(s) EXTRACTED: /events/
[=]SCRAPE SERVE[=]ReqMETA: 200::GET
[=]SCRAPE SERVE[=]A[HREF]::Link request received at https://www.ancientfaith.com/podcasts/amvon/
[=]SCRAPE SERVE[=]LINK(s) EXTRACTED: /support/
[=]SCRAPE SERVE[=]ReqMETA: 200::GET
[=]SCRAPE SERVE[=]A[HREF]::Link request received at https://www.ancientfaith.com/podcasts/amvon/
[=]SCRAPE SERVE[=]LINK(s) EXTRACTED: /about/
[=]SCRAPE SERVE[=]ReqMETA: 200::GET
[=]SCRAPE SERVE[=]A[HREF]::Link request received at https://www.ancientfaith.com/podcasts/amvon/
[=]SCRAPE SERVE[=]LINK(s) EXTRACTED: /ceo-journal/
[=]SCRAPE SERVE[=]ReqMETA: 200::GET
[=]SCRAPE SERVE[=]A[HREF]::Link request received at https://www.ancientfaith.com/podcasts/amvon/
[=]SCRAPE SERVE[=]LINK(s) EXTRACTED: https://store.ancientfaith.com/
[=]SCRAPE SERVE[=]ReqMETA: 200::GET
[=]SCRAPE SERVE[=]A[HREF]::Link request received at https://www.ancientfaith.com/podcasts/amvon/
[=]SCRAPE SERVE[=]LINK(s) EXTRACTED: /login/
[=]SCRAPE SERVE[=]ReqMETA: 200::GET
[=]SCRAPE SERVE[=]A[HREF]::Link request received at https://www.ancientfaith.com/podcasts/amvon/
[=]SCRAPE SERVE[=]LINK(s) EXTRACTED: /radio/
[=]SCRAPE SERVE[=]ReqMETA: 200::GET
[=]SCRAPE SERVE[=]A[HREF]::Link request received at https://www.ancientfaith.com/podcasts/amvon/
[=]SCRAPE SERVE[=]LINK(s) EXTRACTED: /radio/live-shows/
[=]SCRAPE SERVE[=]ReqMETA: 200::GET
[=]SCRAPE SERVE[=]A[HREF]::Link request received at https://www.ancientfaith.com/podcasts/amvon/
[=]SCRAPE SERVE[=]LINK(s) EXTRACTED: /podcasts/
[=]SCRAPE SERVE[=]ReqMETA: 200::GET
[=]SCRAPE SERVE[=]A[HREF]::Link request received at https://www.ancientfaith.com/podcasts/amvon/
[=]SCRAPE SERVE[=]LINK(s) EXTRACTED: /radio/sponsorships/
[=]SCRAPE SERVE[=]ReqMETA: 200::GET
[=]SCRAPE SERVE[=]A[HREF]::Link request received at https://www.ancientfaith.com/podcasts/amvon/
[=]SCRAPE SERVE[=]LINK(s) EXTRACTED: /radio/digital-m/
[=]SCRAPE SERVE[=]ReqMETA: 200::GET
[=]SCRAPE SERVE[=]A[HREF]::Link request received at https://www.ancientfaith.com/podcasts/amvon/
[=]SCRAPE SERVE[=]LINK(s) EXTRACTED: /publishing/
[=]SCRAPE SERVE[=]ReqMETA: 200::GET
[=]SCRAPE SERVE[=]A[HREF]::Link request received at https://www.ancientfaith.com/podcasts/amvon/
[=]SCRAPE SERVE[=]LINK(s) EXTRACTED: /topics/Ancient-Faith-Kids/
[=]SCRAPE SERVE[=]ReqMETA: 200::GET
[=]SCRAPE SERVE[=]A[HREF]::Link request received at https://www.ancientfaith.com/podcasts/amvon/
[=]SCRAPE SERVE[=]LINK(s) EXTRACTED: /events/
[=]SCRAPE SERVE[=]ReqMETA: 200::GET
[=]SCRAPE SERVE[=]A[HREF]::Link request received at https://www.ancientfaith.com/podcasts/amvon/
[=]SCRAPE SERVE[=]LINK(s) EXTRACTED: /support/
[=]SCRAPE SERVE[=]ReqMETA: 200::GET
[=]SCRAPE SERVE[=]A[HREF]::Link request received at https://www.ancientfaith.com/podcasts/amvon/
[=]SCRAPE SERVE[=]LINK(s) EXTRACTED: /about/
[=]SCRAPE SERVE[=]ReqMETA: 200::GET
[=]SCRAPE SERVE[=]A[HREF]::Link request received at https://www.ancientfaith.com/podcasts/amvon/
[=]SCRAPE SERVE[=]LINK(s) EXTRACTED: /ceo-journal/
[=]SCRAPE SERVE[=]ReqMETA: 200::GET
[=]SCRAPE SERVE[=]A[HREF]::Link request received at https://www.ancientfaith.com/podcasts/amvon/
[=]SCRAPE SERVE[=]LINK(s) EXTRACTED: https://store.ancientfaith.com/
[=]SCRAPE SERVE[=]ReqMETA: 200::GET
[=]SCRAPE SERVE[=]A[HREF]::Link request received at https://www.ancientfaith.com/podcasts/amvon/
[=]SCRAPE SERVE[=]LINK(s) EXTRACTED: /login/
[=]SCRAPE SERVE[=]ReqMETA: 200::GET
[=]SCRAPE SERVE[=]A[HREF]::Link request received at https://www.ancientfaith.com/podcasts/amvon/
[=]SCRAPE SERVE[=]LINK(s) EXTRACTED: https://feeds.ancientfaith.com/amvon
[=]SCRAPE SERVE[=]ReqMETA: 200::GET
[=]SCRAPE SERVE[=]A[HREF]::Link request received at https://www.ancientfaith.com/podcasts/amvon/
[=]SCRAPE SERVE[=]LINK(s) EXTRACTED: https://podcasts.apple.com/us/podcast/id630323725
[=]SCRAPE SERVE[=]ReqMETA: 200::GET
[=]SCRAPE SERVE[=]A[HREF]::Link request received at https://www.ancientfaith.com/podcasts/amvon/
[=]SCRAPE SERVE[=]LINK(s) EXTRACTED: https://web.charityengine.net/Default.aspx?tsid=31584
[=]SCRAPE SERVE[=]ReqMETA: 200::GET
[=]SCRAPE SERVE[=]A[HREF]::Link request received at https://www.ancientfaith.com/podcasts/amvon/
[=]SCRAPE SERVE[=]LINK(s) EXTRACTED: /podcasts/amvon/?page=2
[=]SCRAPE SERVE[=]ReqMETA: 200::GET
[=]SCRAPE SERVE[=]A[HREF]::Link request received at https://www.ancientfaith.com/podcasts/amvon/
[=]SCRAPE SERVE[=]LINK(s) EXTRACTED: /podcasts/amvon/?page=114
[=]SCRAPE SERVE[=]ReqMETA: 200::GET
[=]SCRAPE SERVE[=]A[HREF]::Link request received at https://www.ancientfaith.com/podcasts/amvon/
[=]SCRAPE SERVE[=]LINK(s) EXTRACTED: /podcasts/amvon/image-of-god/
[=]SCRAPE SERVE[=]ReqMETA: 200::GET
[=]SCRAPE SERVE[=]A[HREF]::Link request received at https://www.ancientfaith.com/podcasts/amvon/
[=]SCRAPE SERVE[=]LINK(s) EXTRACTED: /podcasts/amvon/rend-your-hearts/
[=]SCRAPE SERVE[=]ReqMETA: 200::GET
[=]SCRAPE SERVE[=]A[HREF]::Link request received at https://www.ancientfaith.com/podcasts/amvon/
[=]SCRAPE SERVE[=]LINK(s) EXTRACTED: /podcasts/amvon/the-two-meetings-of-the-lord/
[=]SCRAPE SERVE[=]ReqMETA: 200::GET
[=]SCRAPE SERVE[=]A[HREF]::Link request received at https://www.ancientfaith.com/podcasts/amvon/
[=]SCRAPE SERVE[=]LINK(s) EXTRACTED: /podcasts/amvon/st-maria-of-gatchina/
[=]SCRAPE SERVE[=]ReqMETA: 200::GET
[=]SCRAPE SERVE[=]A[HREF]::Link request received at https://www.ancientfaith.com/podcasts/amvon/
[=]SCRAPE SERVE[=]LINK(s) EXTRACTED: /podcasts/amvon/preparing-to-meet-christ-mark-11-8/
[=]SCRAPE SERVE[=]ReqMETA: 200::GET
[=]SCRAPE SERVE[=]A[HREF]::Link request received at https://www.ancientfaith.com/podcasts/amvon/
[=]SCRAPE SERVE[=]LINK(s) EXTRACTED: /podcasts/amvon/?page=2
[=]SCRAPE SERVE[=]ReqMETA: 200::GET
[=]SCRAPE SERVE[=]A[HREF]::Link request received at https://www.ancientfaith.com/podcasts/amvon/
[=]SCRAPE SERVE[=]LINK(s) EXTRACTED: /podcasts/amvon/?page=114
[=]SCRAPE SERVE[=]ReqMETA: 200::GET
[=]SCRAPE SERVE[=]A[HREF]::Link request received at https://www.ancientfaith.com/podcasts/amvon/
[=]SCRAPE SERVE[=]LINK(s) EXTRACTED: /contributors/john_whiteford/
[=]SCRAPE SERVE[=]ReqMETA: 200::GET
[=]SCRAPE SERVE[=]A[HREF]::Link request received at https://www.ancientfaith.com/podcasts/amvon/
[=]SCRAPE SERVE[=]LINK(s) EXTRACTED: mailto:amvon@ancientfaith.com
[=]SCRAPE SERVE[=]ReqMETA: 200::GET
[=]SCRAPE SERVE[=]A[HREF]::Link request received at https://www.ancientfaith.com/podcasts/amvon/
[=]SCRAPE SERVE[=]LINK(s) EXTRACTED: http://www.saintjonah.org
[=]SCRAPE SERVE[=]ReqMETA: 200::GET
[=]SCRAPE SERVE[=]A[HREF]::Link request received at https://www.ancientfaith.com/podcasts/amvon/
[=]SCRAPE SERVE[=]LINK(s) EXTRACTED: /workwithus/
[=]SCRAPE SERVE[=]ReqMETA: 200::GET
[=]SCRAPE SERVE[=]A[HREF]::Link request received at https://www.ancientfaith.com/podcasts/amvon/
[=]SCRAPE SERVE[=]LINK(s) EXTRACTED: /about/
[=]SCRAPE SERVE[=]ReqMETA: 200::GET
[=]SCRAPE SERVE[=]A[HREF]::Link request received at https://www.ancientfaith.com/podcasts/amvon/
[=]SCRAPE SERVE[=]LINK(s) EXTRACTED: /support/
[=]SCRAPE SERVE[=]ReqMETA: 200::GET
[=]SCRAPE SERVE[=]A[HREF]::Link request received at https://www.ancientfaith.com/podcasts/amvon/
[=]SCRAPE SERVE[=]LINK(s) EXTRACTED: /about/
[=]SCRAPE SERVE[=]ReqMETA: 200::GET
[=]SCRAPE SERVE[=]A[HREF]::Link request received at https://www.ancientfaith.com/podcasts/amvon/
[=]SCRAPE SERVE[=]LINK(s) EXTRACTED: https://store.ancientfaith.com
[=]SCRAPE SERVE[=]ReqMETA: 200::GET
[=]SCRAPE SERVE[=]A[HREF]::Link request received at https://www.ancientfaith.com/podcasts/amvon/
[=]SCRAPE SERVE[=]LINK(s) EXTRACTED: https://www.facebook.com/ancientfaithministries
[=]SCRAPE SERVE[=]ReqMETA: 200::GET
[=]SCRAPE SERVE[=]A[HREF]::Link request received at https://www.ancientfaith.com/podcasts/amvon/
[=]SCRAPE SERVE[=]LINK(s) EXTRACTED: https://www.youtube.com/@AncientFaithMinistries
[=]SCRAPE SERVE[=]ReqMETA: 200::GET
[=]SCRAPE SERVE[=]A[HREF]::Link request received at https://www.ancientfaith.com/podcasts/amvon/
[=]SCRAPE SERVE[=]LINK(s) EXTRACTED: https://www.instagram.com/ancientfaithministries/
[=]SCRAPE SERVE[=]ReqMETA: 200::GET
[=]SCRAPE SERVE[=]A[HREF]::Link request received at https://www.ancientfaith.com/podcasts/amvon/
[=]SCRAPE SERVE[=]LINK(s) EXTRACTED: https://www.tiktok.com/@ancientfaithministries
[=]SCRAPE SERVE[=]ReqMETA: 200::GET
[=]SCRAPE SERVE[=]A[HREF]::Link request received at https://www.ancientfaith.com/podcasts/amvon/
[=]SCRAPE SERVE[=]LINK(s) EXTRACTED: /
[=]SCRAPE SERVE[=]ReqMETA: 200::GET
[=]SCRAPE SERVE[=]A[HREF]::Link request received at https://www.ancientfaith.com/podcasts/amvon/
[=]SCRAPE SERVE[=]LINK(s) EXTRACTED: /topics/Ancient-Faith-Kids/
[=]SCRAPE SERVE[=]ReqMETA: 200::GET
[=]SCRAPE SERVE[=]A[HREF]::Link request received at https://www.ancientfaith.com/podcasts/amvon/
[=]SCRAPE SERVE[=]LINK(s) EXTRACTED: https://www.facebook.com/ancientfaithkids
[=]SCRAPE SERVE[=]ReqMETA: 200::GET
[=]SCRAPE SERVE[=]A[HREF]::Link request received at https://www.ancientfaith.com/podcasts/amvon/
[=]SCRAPE SERVE[=]LINK(s) EXTRACTED: https://www.youtube.com/@ancientfaith4kids
[=]SCRAPE SERVE[=]ReqMETA: 200::GET
[=]SCRAPE SERVE[=]A[HREF]::Link request received at https://www.ancientfaith.com/podcasts/amvon/
[=]SCRAPE SERVE[=]LINK(s) EXTRACTED: https://www.instagram.com/ancientfaithkids/
[=]SCRAPE SERVE[=]ReqMETA: 200::GET
[=]SCRAPE SERVE[=]A[HREF]::Link request received at https://www.ancientfaith.com/podcasts/amvon/
[=]SCRAPE SERVE[=]LINK(s) EXTRACTED: https://afm.kindful.com/?campaign=1193135
[=]SCRAPE SERVE[=]ReqMETA: 200::GET
[=]SCRAPE SERVE[=]A[HREF]::Link request received at https://www.ancientfaith.com/podcasts/amvon/
[=]SCRAPE SERVE[=]LINK(s) EXTRACTED: 
[=]SCRAPE SERVE[=]ReqMETA: 200::GET
[=]SCRAPE SERVE[=]A[HREF]::Link request received at https://www.ancientfaith.com/podcasts/amvon/
[=]SCRAPE SERVE[=]LINK(s) EXTRACTED: 
[=]SCRAPE SERVE[=]ReqMETA: 200::GET
[=]SCRAPE SERVE[=]A[HREF]::Link request received at https://www.ancientfaith.com/podcasts/amvon/
[=]SCRAPE SERVE[=]LINK(s) EXTRACTED: 
[=]SCRAPE SERVE[=]ReqMETA: 200::GET
[=]SCRAPE SERVE[=]visiting https://www.ancientfaith.com/podcasts/comeandsee/
[=]SCRAPE SERVE[=]response received 200
[=]SCRAPE SERVE[=]A[HREF]::Link request received at https://www.ancientfaith.com/podcasts/comeandsee/
[=]SCRAPE SERVE[=]LINK(s) EXTRACTED: /
[=]SCRAPE SERVE[=]ReqMETA: 200::GET
[=]SCRAPE SERVE[=]A[HREF]::Link request received at https://www.ancientfaith.com/podcasts/comeandsee/
[=]SCRAPE SERVE[=]LINK(s) EXTRACTED: /radio/
[=]SCRAPE SERVE[=]ReqMETA: 200::GET
[=]SCRAPE SERVE[=]A[HREF]::Link request received at https://www.ancientfaith.com/podcasts/comeandsee/
[=]SCRAPE SERVE[=]LINK(s) EXTRACTED: /radio/live-shows/
[=]SCRAPE SERVE[=]ReqMETA: 200::GET
[=]SCRAPE SERVE[=]A[HREF]::Link request received at https://www.ancientfaith.com/podcasts/comeandsee/
[=]SCRAPE SERVE[=]LINK(s) EXTRACTED: /podcasts/
[=]SCRAPE SERVE[=]ReqMETA: 200::GET
[=]SCRAPE SERVE[=]A[HREF]::Link request received at https://www.ancientfaith.com/podcasts/comeandsee/
[=]SCRAPE SERVE[=]LINK(s) EXTRACTED: /radio/sponsorships/
[=]SCRAPE SERVE[=]ReqMETA: 200::GET
[=]SCRAPE SERVE[=]A[HREF]::Link request received at https://www.ancientfaith.com/podcasts/comeandsee/
[=]SCRAPE SERVE[=]LINK(s) EXTRACTED: /radio/digital-m/
[=]SCRAPE SERVE[=]ReqMETA: 200::GET
[=]SCRAPE SERVE[=]A[HREF]::Link request received at https://www.ancientfaith.com/podcasts/comeandsee/
[=]SCRAPE SERVE[=]LINK(s) EXTRACTED: /publishing/
[=]SCRAPE SERVE[=]ReqMETA: 200::GET
[=]SCRAPE SERVE[=]A[HREF]::Link request received at https://www.ancientfaith.com/podcasts/comeandsee/
[=]SCRAPE SERVE[=]LINK(s) EXTRACTED: /topics/Ancient-Faith-Kids/
[=]SCRAPE SERVE[=]ReqMETA: 200::GET
[=]SCRAPE SERVE[=]A[HREF]::Link request received at https://www.ancientfaith.com/podcasts/comeandsee/
[=]SCRAPE SERVE[=]LINK(s) EXTRACTED: /events/
[=]SCRAPE SERVE[=]ReqMETA: 200::GET
[=]SCRAPE SERVE[=]A[HREF]::Link request received at https://www.ancientfaith.com/podcasts/comeandsee/
[=]SCRAPE SERVE[=]LINK(s) EXTRACTED: /support/
[=]SCRAPE SERVE[=]ReqMETA: 200::GET
[=]SCRAPE SERVE[=]A[HREF]::Link request received at https://www.ancientfaith.com/podcasts/comeandsee/
[=]SCRAPE SERVE[=]LINK(s) EXTRACTED: /about/
[=]SCRAPE SERVE[=]ReqMETA: 200::GET
[=]SCRAPE SERVE[=]A[HREF]::Link request received at https://www.ancientfaith.com/podcasts/comeandsee/
[=]SCRAPE SERVE[=]LINK(s) EXTRACTED: /ceo-journal/
[=]SCRAPE SERVE[=]ReqMETA: 200::GET
[=]SCRAPE SERVE[=]A[HREF]::Link request received at https://www.ancientfaith.com/podcasts/comeandsee/
[=]SCRAPE SERVE[=]LINK(s) EXTRACTED: https://store.ancientfaith.com/
[=]SCRAPE SERVE[=]ReqMETA: 200::GET
[=]SCRAPE SERVE[=]A[HREF]::Link request received at https://www.ancientfaith.com/podcasts/comeandsee/
[=]SCRAPE SERVE[=]LINK(s) EXTRACTED: /login/
[=]SCRAPE SERVE[=]ReqMETA: 200::GET
[=]SCRAPE SERVE[=]A[HREF]::Link request received at https://www.ancientfaith.com/podcasts/comeandsee/
[=]SCRAPE SERVE[=]LINK(s) EXTRACTED: /radio/
[=]SCRAPE SERVE[=]ReqMETA: 200::GET
[=]SCRAPE SERVE[=]A[HREF]::Link request received at https://www.ancientfaith.com/podcasts/comeandsee/
[=]SCRAPE SERVE[=]LINK(s) EXTRACTED: /radio/live-shows/
[=]SCRAPE SERVE[=]ReqMETA: 200::GET
[=]SCRAPE SERVE[=]A[HREF]::Link request received at https://www.ancientfaith.com/podcasts/comeandsee/
[=]SCRAPE SERVE[=]LINK(s) EXTRACTED: /podcasts/
[=]SCRAPE SERVE[=]ReqMETA: 200::GET
[=]SCRAPE SERVE[=]A[HREF]::Link request received at https://www.ancientfaith.com/podcasts/comeandsee/
[=]SCRAPE SERVE[=]LINK(s) EXTRACTED: /radio/sponsorships/
[=]SCRAPE SERVE[=]ReqMETA: 200::GET
[=]SCRAPE SERVE[=]A[HREF]::Link request received at https://www.ancientfaith.com/podcasts/comeandsee/
[=]SCRAPE SERVE[=]LINK(s) EXTRACTED: /radio/digital-m/
[=]SCRAPE SERVE[=]ReqMETA: 200::GET
[=]SCRAPE SERVE[=]A[HREF]::Link request received at https://www.ancientfaith.com/podcasts/comeandsee/
[=]SCRAPE SERVE[=]LINK(s) EXTRACTED: /publishing/
[=]SCRAPE SERVE[=]ReqMETA: 200::GET
[=]SCRAPE SERVE[=]A[HREF]::Link request received at https://www.ancientfaith.com/podcasts/comeandsee/
[=]SCRAPE SERVE[=]LINK(s) EXTRACTED: /topics/Ancient-Faith-Kids/
[=]SCRAPE SERVE[=]ReqMETA: 200::GET
[=]SCRAPE SERVE[=]A[HREF]::Link request received at https://www.ancientfaith.com/podcasts/comeandsee/
[=]SCRAPE SERVE[=]LINK(s) EXTRACTED: /events/
[=]SCRAPE SERVE[=]ReqMETA: 200::GET
[=]SCRAPE SERVE[=]A[HREF]::Link request received at https://www.ancientfaith.com/podcasts/comeandsee/
[=]SCRAPE SERVE[=]LINK(s) EXTRACTED: /support/
[=]SCRAPE SERVE[=]ReqMETA: 200::GET
[=]SCRAPE SERVE[=]A[HREF]::Link request received at https://www.ancientfaith.com/podcasts/comeandsee/
[=]SCRAPE SERVE[=]LINK(s) EXTRACTED: /about/
[=]SCRAPE SERVE[=]ReqMETA: 200::GET
[=]SCRAPE SERVE[=]A[HREF]::Link request received at https://www.ancientfaith.com/podcasts/comeandsee/
[=]SCRAPE SERVE[=]LINK(s) EXTRACTED: /ceo-journal/
[=]SCRAPE SERVE[=]ReqMETA: 200::GET
[=]SCRAPE SERVE[=]A[HREF]::Link request received at https://www.ancientfaith.com/podcasts/comeandsee/
[=]SCRAPE SERVE[=]LINK(s) EXTRACTED: https://store.ancientfaith.com/
[=]SCRAPE SERVE[=]ReqMETA: 200::GET
[=]SCRAPE SERVE[=]A[HREF]::Link request received at https://www.ancientfaith.com/podcasts/comeandsee/
[=]SCRAPE SERVE[=]LINK(s) EXTRACTED: /login/
[=]SCRAPE SERVE[=]ReqMETA: 200::GET
[=]SCRAPE SERVE[=]A[HREF]::Link request received at https://www.ancientfaith.com/podcasts/comeandsee/
[=]SCRAPE SERVE[=]LINK(s) EXTRACTED: https://feeds.ancientfaith.com/comeandsee
[=]SCRAPE SERVE[=]ReqMETA: 200::GET
[=]SCRAPE SERVE[=]A[HREF]::Link request received at https://www.ancientfaith.com/podcasts/comeandsee/
[=]SCRAPE SERVE[=]LINK(s) EXTRACTED: https://podcasts.apple.com/us/podcast/id890603124
[=]SCRAPE SERVE[=]ReqMETA: 200::GET
[=]SCRAPE SERVE[=]A[HREF]::Link request received at https://www.ancientfaith.com/podcasts/comeandsee/
[=]SCRAPE SERVE[=]LINK(s) EXTRACTED: https://web.charityengine.net/Default.aspx?tsid=31584
[=]SCRAPE SERVE[=]ReqMETA: 200::GET
[=]SCRAPE SERVE[=]A[HREF]::Link request received at https://www.ancientfaith.com/podcasts/comeandsee/
[=]SCRAPE SERVE[=]LINK(s) EXTRACTED: /podcasts/comeandsee/?page=2
[=]SCRAPE SERVE[=]ReqMETA: 200::GET
[=]SCRAPE SERVE[=]A[HREF]::Link request received at https://www.ancientfaith.com/podcasts/comeandsee/
[=]SCRAPE SERVE[=]LINK(s) EXTRACTED: /podcasts/comeandsee/?page=84
[=]SCRAPE SERVE[=]ReqMETA: 200::GET
[=]SCRAPE SERVE[=]A[HREF]::Link request received at https://www.ancientfaith.com/podcasts/comeandsee/
[=]SCRAPE SERVE[=]LINK(s) EXTRACTED: /podcasts/comeandsee/perfect-orthodox-fasting/
[=]SCRAPE SERVE[=]ReqMETA: 200::GET
[=]SCRAPE SERVE[=]A[HREF]::Link request received at https://www.ancientfaith.com/podcasts/comeandsee/
[=]SCRAPE SERVE[=]LINK(s) EXTRACTED: /podcasts/comeandsee/namby-pamby-religion-yuk/
[=]SCRAPE SERVE[=]ReqMETA: 200::GET
[=]SCRAPE SERVE[=]A[HREF]::Link request received at https://www.ancientfaith.com/podcasts/comeandsee/
[=]SCRAPE SERVE[=]LINK(s) EXTRACTED: /podcasts/comeandsee/restoring-the-image/
[=]SCRAPE SERVE[=]ReqMETA: 200::GET
[=]SCRAPE SERVE[=]A[HREF]::Link request received at https://www.ancientfaith.com/podcasts/comeandsee/
[=]SCRAPE SERVE[=]LINK(s) EXTRACTED: /podcasts/comeandsee/how-to-fast-for-great-lent/
[=]SCRAPE SERVE[=]ReqMETA: 200::GET
[=]SCRAPE SERVE[=]A[HREF]::Link request received at https://www.ancientfaith.com/podcasts/comeandsee/
[=]SCRAPE SERVE[=]LINK(s) EXTRACTED: /podcasts/comeandsee/dont-fast-like-that/
[=]SCRAPE SERVE[=]ReqMETA: 200::GET
[=]SCRAPE SERVE[=]A[HREF]::Link request received at https://www.ancientfaith.com/podcasts/comeandsee/
[=]SCRAPE SERVE[=]LINK(s) EXTRACTED: /podcasts/comeandsee/?page=2
[=]SCRAPE SERVE[=]ReqMETA: 200::GET
[=]SCRAPE SERVE[=]A[HREF]::Link request received at https://www.ancientfaith.com/podcasts/comeandsee/
[=]SCRAPE SERVE[=]LINK(s) EXTRACTED: /podcasts/comeandsee/?page=84
[=]SCRAPE SERVE[=]ReqMETA: 200::GET
[=]SCRAPE SERVE[=]A[HREF]::Link request received at https://www.ancientfaith.com/podcasts/comeandsee/
[=]SCRAPE SERVE[=]LINK(s) EXTRACTED: /contributors/philip_hall/
[=]SCRAPE SERVE[=]ReqMETA: 200::GET
[=]SCRAPE SERVE[=]A[HREF]::Link request received at https://www.ancientfaith.com/podcasts/comeandsee/
[=]SCRAPE SERVE[=]LINK(s) EXTRACTED: mailto:comeandsee@ancientfaith.com
[=]SCRAPE SERVE[=]ReqMETA: 200::GET
[=]SCRAPE SERVE[=]A[HREF]::Link request received at https://www.ancientfaith.com/podcasts/comeandsee/
[=]SCRAPE SERVE[=]LINK(s) EXTRACTED: /workwithus/
[=]SCRAPE SERVE[=]ReqMETA: 200::GET
[=]SCRAPE SERVE[=]A[HREF]::Link request received at https://www.ancientfaith.com/podcasts/comeandsee/
[=]SCRAPE SERVE[=]LINK(s) EXTRACTED: /about/
[=]SCRAPE SERVE[=]ReqMETA: 200::GET
[=]SCRAPE SERVE[=]A[HREF]::Link request received at https://www.ancientfaith.com/podcasts/comeandsee/
[=]SCRAPE SERVE[=]LINK(s) EXTRACTED: /support/
[=]SCRAPE SERVE[=]ReqMETA: 200::GET
[=]SCRAPE SERVE[=]A[HREF]::Link request received at https://www.ancientfaith.com/podcasts/comeandsee/
[=]SCRAPE SERVE[=]LINK(s) EXTRACTED: /about/
[=]SCRAPE SERVE[=]ReqMETA: 200::GET
[=]SCRAPE SERVE[=]A[HREF]::Link request received at https://www.ancientfaith.com/podcasts/comeandsee/
[=]SCRAPE SERVE[=]LINK(s) EXTRACTED: https://store.ancientfaith.com
[=]SCRAPE SERVE[=]ReqMETA: 200::GET
[=]SCRAPE SERVE[=]A[HREF]::Link request received at https://www.ancientfaith.com/podcasts/comeandsee/
[=]SCRAPE SERVE[=]LINK(s) EXTRACTED: https://www.facebook.com/ancientfaithministries
[=]SCRAPE SERVE[=]ReqMETA: 200::GET
[=]SCRAPE SERVE[=]A[HREF]::Link request received at https://www.ancientfaith.com/podcasts/comeandsee/
[=]SCRAPE SERVE[=]LINK(s) EXTRACTED: https://www.youtube.com/@AncientFaithMinistries
[=]SCRAPE SERVE[=]ReqMETA: 200::GET
[=]SCRAPE SERVE[=]A[HREF]::Link request received at https://www.ancientfaith.com/podcasts/comeandsee/
[=]SCRAPE SERVE[=]LINK(s) EXTRACTED: https://www.instagram.com/ancientfaithministries/
[=]SCRAPE SERVE[=]ReqMETA: 200::GET
[=]SCRAPE SERVE[=]A[HREF]::Link request received at https://www.ancientfaith.com/podcasts/comeandsee/
[=]SCRAPE SERVE[=]LINK(s) EXTRACTED: https://www.tiktok.com/@ancientfaithministries
[=]SCRAPE SERVE[=]ReqMETA: 200::GET
[=]SCRAPE SERVE[=]A[HREF]::Link request received at https://www.ancientfaith.com/podcasts/comeandsee/
[=]SCRAPE SERVE[=]LINK(s) EXTRACTED: /
[=]SCRAPE SERVE[=]ReqMETA: 200::GET
[=]SCRAPE SERVE[=]A[HREF]::Link request received at https://www.ancientfaith.com/podcasts/comeandsee/
[=]SCRAPE SERVE[=]LINK(s) EXTRACTED: /topics/Ancient-Faith-Kids/
[=]SCRAPE SERVE[=]ReqMETA: 200::GET
[=]SCRAPE SERVE[=]A[HREF]::Link request received at https://www.ancientfaith.com/podcasts/comeandsee/
[=]SCRAPE SERVE[=]LINK(s) EXTRACTED: https://www.facebook.com/ancientfaithkids
[=]SCRAPE SERVE[=]ReqMETA: 200::GET
[=]SCRAPE SERVE[=]A[HREF]::Link request received at https://www.ancientfaith.com/podcasts/comeandsee/
[=]SCRAPE SERVE[=]LINK(s) EXTRACTED: https://www.youtube.com/@ancientfaith4kids
[=]SCRAPE SERVE[=]ReqMETA: 200::GET
[=]SCRAPE SERVE[=]A[HREF]::Link request received at https://www.ancientfaith.com/podcasts/comeandsee/
[=]SCRAPE SERVE[=]LINK(s) EXTRACTED: https://www.instagram.com/ancientfaithkids/
[=]SCRAPE SERVE[=]ReqMETA: 200::GET
[=]SCRAPE SERVE[=]A[HREF]::Link request received at https://www.ancientfaith.com/podcasts/comeandsee/
[=]SCRAPE SERVE[=]LINK(s) EXTRACTED: https://afm.kindful.com/?campaign=1193135
[=]SCRAPE SERVE[=]ReqMETA: 200::GET
[=]SCRAPE SERVE[=]A[HREF]::Link request received at https://www.ancientfaith.com/podcasts/comeandsee/
[=]SCRAPE SERVE[=]LINK(s) EXTRACTED: 
[=]SCRAPE SERVE[=]ReqMETA: 200::GET
[=]SCRAPE SERVE[=]A[HREF]::Link request received at https://www.ancientfaith.com/podcasts/comeandsee/
[=]SCRAPE SERVE[=]LINK(s) EXTRACTED: 
[=]SCRAPE SERVE[=]ReqMETA: 200::GET
[=]SCRAPE SERVE[=]A[HREF]::Link request received at https://www.ancientfaith.com/podcasts/comeandsee/
[=]SCRAPE SERVE[=]LINK(s) EXTRACTED: 
[=]SCRAPE SERVE[=]ReqMETA: 200::GET
[=]SCRAPE SERVE[=]visiting https://www.ancientfaith.com/podcasts/dailyscriptures/
[=]SCRAPE SERVE[=]response received 200
[=]SCRAPE SERVE[=]A[HREF]::Link request received at https://www.ancientfaith.com/podcasts/dailyscriptures/
[=]SCRAPE SERVE[=]LINK(s) EXTRACTED: /
[=]SCRAPE SERVE[=]ReqMETA: 200::GET
[=]SCRAPE SERVE[=]A[HREF]::Link request received at https://www.ancientfaith.com/podcasts/dailyscriptures/
[=]SCRAPE SERVE[=]LINK(s) EXTRACTED: /radio/
[=]SCRAPE SERVE[=]ReqMETA: 200::GET
[=]SCRAPE SERVE[=]A[HREF]::Link request received at https://www.ancientfaith.com/podcasts/dailyscriptures/
[=]SCRAPE SERVE[=]LINK(s) EXTRACTED: /radio/live-shows/
[=]SCRAPE SERVE[=]ReqMETA: 200::GET
[=]SCRAPE SERVE[=]A[HREF]::Link request received at https://www.ancientfaith.com/podcasts/dailyscriptures/
[=]SCRAPE SERVE[=]LINK(s) EXTRACTED: /podcasts/
[=]SCRAPE SERVE[=]ReqMETA: 200::GET
[=]SCRAPE SERVE[=]A[HREF]::Link request received at https://www.ancientfaith.com/podcasts/dailyscriptures/
[=]SCRAPE SERVE[=]LINK(s) EXTRACTED: /radio/sponsorships/
[=]SCRAPE SERVE[=]ReqMETA: 200::GET
[=]SCRAPE SERVE[=]A[HREF]::Link request received at https://www.ancientfaith.com/podcasts/dailyscriptures/
[=]SCRAPE SERVE[=]LINK(s) EXTRACTED: /radio/digital-m/
[=]SCRAPE SERVE[=]ReqMETA: 200::GET
[=]SCRAPE SERVE[=]A[HREF]::Link request received at https://www.ancientfaith.com/podcasts/dailyscriptures/
[=]SCRAPE SERVE[=]LINK(s) EXTRACTED: /publishing/
[=]SCRAPE SERVE[=]ReqMETA: 200::GET
[=]SCRAPE SERVE[=]A[HREF]::Link request received at https://www.ancientfaith.com/podcasts/dailyscriptures/
[=]SCRAPE SERVE[=]LINK(s) EXTRACTED: /topics/Ancient-Faith-Kids/
[=]SCRAPE SERVE[=]ReqMETA: 200::GET
[=]SCRAPE SERVE[=]A[HREF]::Link request received at https://www.ancientfaith.com/podcasts/dailyscriptures/
[=]SCRAPE SERVE[=]LINK(s) EXTRACTED: /events/
[=]SCRAPE SERVE[=]ReqMETA: 200::GET
[=]SCRAPE SERVE[=]A[HREF]::Link request received at https://www.ancientfaith.com/podcasts/dailyscriptures/
[=]SCRAPE SERVE[=]LINK(s) EXTRACTED: /support/
[=]SCRAPE SERVE[=]ReqMETA: 200::GET
[=]SCRAPE SERVE[=]A[HREF]::Link request received at https://www.ancientfaith.com/podcasts/dailyscriptures/
[=]SCRAPE SERVE[=]LINK(s) EXTRACTED: /about/
[=]SCRAPE SERVE[=]ReqMETA: 200::GET
[=]SCRAPE SERVE[=]A[HREF]::Link request received at https://www.ancientfaith.com/podcasts/dailyscriptures/
[=]SCRAPE SERVE[=]LINK(s) EXTRACTED: /ceo-journal/
[=]SCRAPE SERVE[=]ReqMETA: 200::GET
[=]SCRAPE SERVE[=]A[HREF]::Link request received at https://www.ancientfaith.com/podcasts/dailyscriptures/
[=]SCRAPE SERVE[=]LINK(s) EXTRACTED: https://store.ancientfaith.com/
[=]SCRAPE SERVE[=]ReqMETA: 200::GET
[=]SCRAPE SERVE[=]A[HREF]::Link request received at https://www.ancientfaith.com/podcasts/dailyscriptures/
[=]SCRAPE SERVE[=]LINK(s) EXTRACTED: /login/
[=]SCRAPE SERVE[=]ReqMETA: 200::GET
[=]SCRAPE SERVE[=]A[HREF]::Link request received at https://www.ancientfaith.com/podcasts/dailyscriptures/
[=]SCRAPE SERVE[=]LINK(s) EXTRACTED: /radio/
[=]SCRAPE SERVE[=]ReqMETA: 200::GET
[=]SCRAPE SERVE[=]A[HREF]::Link request received at https://www.ancientfaith.com/podcasts/dailyscriptures/
[=]SCRAPE SERVE[=]LINK(s) EXTRACTED: /radio/live-shows/
[=]SCRAPE SERVE[=]ReqMETA: 200::GET
[=]SCRAPE SERVE[=]A[HREF]::Link request received at https://www.ancientfaith.com/podcasts/dailyscriptures/
[=]SCRAPE SERVE[=]LINK(s) EXTRACTED: /podcasts/
[=]SCRAPE SERVE[=]ReqMETA: 200::GET
[=]SCRAPE SERVE[=]A[HREF]::Link request received at https://www.ancientfaith.com/podcasts/dailyscriptures/
[=]SCRAPE SERVE[=]LINK(s) EXTRACTED: /radio/sponsorships/
[=]SCRAPE SERVE[=]ReqMETA: 200::GET
[=]SCRAPE SERVE[=]A[HREF]::Link request received at https://www.ancientfaith.com/podcasts/dailyscriptures/
[=]SCRAPE SERVE[=]LINK(s) EXTRACTED: /radio/digital-m/
[=]SCRAPE SERVE[=]ReqMETA: 200::GET
[=]SCRAPE SERVE[=]A[HREF]::Link request received at https://www.ancientfaith.com/podcasts/dailyscriptures/
[=]SCRAPE SERVE[=]LINK(s) EXTRACTED: /publishing/
[=]SCRAPE SERVE[=]ReqMETA: 200::GET
[=]SCRAPE SERVE[=]A[HREF]::Link request received at https://www.ancientfaith.com/podcasts/dailyscriptures/
[=]SCRAPE SERVE[=]LINK(s) EXTRACTED: /topics/Ancient-Faith-Kids/
[=]SCRAPE SERVE[=]ReqMETA: 200::GET
[=]SCRAPE SERVE[=]A[HREF]::Link request received at https://www.ancientfaith.com/podcasts/dailyscriptures/
[=]SCRAPE SERVE[=]LINK(s) EXTRACTED: /events/
[=]SCRAPE SERVE[=]ReqMETA: 200::GET
[=]SCRAPE SERVE[=]A[HREF]::Link request received at https://www.ancientfaith.com/podcasts/dailyscriptures/
[=]SCRAPE SERVE[=]LINK(s) EXTRACTED: /support/
[=]SCRAPE SERVE[=]ReqMETA: 200::GET
[=]SCRAPE SERVE[=]A[HREF]::Link request received at https://www.ancientfaith.com/podcasts/dailyscriptures/
[=]SCRAPE SERVE[=]LINK(s) EXTRACTED: /about/
[=]SCRAPE SERVE[=]ReqMETA: 200::GET
[=]SCRAPE SERVE[=]A[HREF]::Link request received at https://www.ancientfaith.com/podcasts/dailyscriptures/
[=]SCRAPE SERVE[=]LINK(s) EXTRACTED: /ceo-journal/
[=]SCRAPE SERVE[=]ReqMETA: 200::GET
[=]SCRAPE SERVE[=]A[HREF]::Link request received at https://www.ancientfaith.com/podcasts/dailyscriptures/
[=]SCRAPE SERVE[=]LINK(s) EXTRACTED: https://store.ancientfaith.com/
[=]SCRAPE SERVE[=]ReqMETA: 200::GET
[=]SCRAPE SERVE[=]A[HREF]::Link request received at https://www.ancientfaith.com/podcasts/dailyscriptures/
[=]SCRAPE SERVE[=]LINK(s) EXTRACTED: /login/
[=]SCRAPE SERVE[=]ReqMETA: 200::GET
[=]SCRAPE SERVE[=]A[HREF]::Link request received at https://www.ancientfaith.com/podcasts/dailyscriptures/
[=]SCRAPE SERVE[=]LINK(s) EXTRACTED: https://feeds.ancientfaith.com/dailyscriptures
[=]SCRAPE SERVE[=]ReqMETA: 200::GET
[=]SCRAPE SERVE[=]A[HREF]::Link request received at https://www.ancientfaith.com/podcasts/dailyscriptures/
[=]SCRAPE SERVE[=]LINK(s) EXTRACTED: https://podcasts.apple.com/us/podcast/id1457400599
[=]SCRAPE SERVE[=]ReqMETA: 200::GET
[=]SCRAPE SERVE[=]A[HREF]::Link request received at https://www.ancientfaith.com/podcasts/dailyscriptures/
[=]SCRAPE SERVE[=]LINK(s) EXTRACTED: https://web.charityengine.net/Default.aspx?tsid=31584
[=]SCRAPE SERVE[=]ReqMETA: 200::GET
[=]SCRAPE SERVE[=]A[HREF]::Link request received at https://www.ancientfaith.com/podcasts/dailyscriptures/
[=]SCRAPE SERVE[=]LINK(s) EXTRACTED: /podcasts/dailyscriptures/?page=2
[=]SCRAPE SERVE[=]ReqMETA: 200::GET
[=]SCRAPE SERVE[=]A[HREF]::Link request received at https://www.ancientfaith.com/podcasts/dailyscriptures/
[=]SCRAPE SERVE[=]LINK(s) EXTRACTED: /podcasts/dailyscriptures/?page=529
[=]SCRAPE SERVE[=]ReqMETA: 200::GET
[=]SCRAPE SERVE[=]A[HREF]::Link request received at https://www.ancientfaith.com/podcasts/dailyscriptures/
[=]SCRAPE SERVE[=]LINK(s) EXTRACTED: /podcasts/dailyscriptures/march-26-2026/
[=]SCRAPE SERVE[=]ReqMETA: 200::GET
[=]SCRAPE SERVE[=]A[HREF]::Link request received at https://www.ancientfaith.com/podcasts/dailyscriptures/
[=]SCRAPE SERVE[=]LINK(s) EXTRACTED: /podcasts/dailyscriptures/march-25-2026/
[=]SCRAPE SERVE[=]ReqMETA: 200::GET
[=]SCRAPE SERVE[=]A[HREF]::Link request received at https://www.ancientfaith.com/podcasts/dailyscriptures/
[=]SCRAPE SERVE[=]LINK(s) EXTRACTED: /podcasts/dailyscriptures/march-24-2026/
[=]SCRAPE SERVE[=]ReqMETA: 200::GET
[=]SCRAPE SERVE[=]A[HREF]::Link request received at https://www.ancientfaith.com/podcasts/dailyscriptures/
[=]SCRAPE SERVE[=]LINK(s) EXTRACTED: /podcasts/dailyscriptures/march-23-2026/
[=]SCRAPE SERVE[=]ReqMETA: 200::GET
[=]SCRAPE SERVE[=]A[HREF]::Link request received at https://www.ancientfaith.com/podcasts/dailyscriptures/
[=]SCRAPE SERVE[=]LINK(s) EXTRACTED: /podcasts/dailyscriptures/march-22-2026/
[=]SCRAPE SERVE[=]ReqMETA: 200::GET
[=]SCRAPE SERVE[=]A[HREF]::Link request received at https://www.ancientfaith.com/podcasts/dailyscriptures/
[=]SCRAPE SERVE[=]LINK(s) EXTRACTED: /podcasts/dailyscriptures/?page=2
[=]SCRAPE SERVE[=]ReqMETA: 200::GET
[=]SCRAPE SERVE[=]A[HREF]::Link request received at https://www.ancientfaith.com/podcasts/dailyscriptures/
[=]SCRAPE SERVE[=]LINK(s) EXTRACTED: /podcasts/dailyscriptures/?page=529
[=]SCRAPE SERVE[=]ReqMETA: 200::GET
[=]SCRAPE SERVE[=]A[HREF]::Link request received at https://www.ancientfaith.com/podcasts/dailyscriptures/
[=]SCRAPE SERVE[=]LINK(s) EXTRACTED: /contributors/fr_alexis_kouri/
[=]SCRAPE SERVE[=]ReqMETA: 200::GET
[=]SCRAPE SERVE[=]A[HREF]::Link request received at https://www.ancientfaith.com/podcasts/dailyscriptures/
[=]SCRAPE SERVE[=]LINK(s) EXTRACTED: mailto:dailyscriptures@ancientfaith.com
[=]SCRAPE SERVE[=]ReqMETA: 200::GET
[=]SCRAPE SERVE[=]A[HREF]::Link request received at https://www.ancientfaith.com/podcasts/dailyscriptures/
[=]SCRAPE SERVE[=]LINK(s) EXTRACTED: /podcasts/dailyscriptureskids/
[=]SCRAPE SERVE[=]ReqMETA: 200::GET
[=]SCRAPE SERVE[=]A[HREF]::Link request received at https://www.ancientfaith.com/podcasts/dailyscriptures/
[=]SCRAPE SERVE[=]LINK(s) EXTRACTED: https://store.ancientfaith.com/the-orthodox-study-bible-ancient-faith-edition-hardcover-ancient-christianity-speaks-to-todays-world/
[=]SCRAPE SERVE[=]ReqMETA: 200::GET
[=]SCRAPE SERVE[=]A[HREF]::Link request received at https://www.ancientfaith.com/podcasts/dailyscriptures/
[=]SCRAPE SERVE[=]LINK(s) EXTRACTED: /workwithus/
[=]SCRAPE SERVE[=]ReqMETA: 200::GET
[=]SCRAPE SERVE[=]A[HREF]::Link request received at https://www.ancientfaith.com/podcasts/dailyscriptures/
[=]SCRAPE SERVE[=]LINK(s) EXTRACTED: /about/
[=]SCRAPE SERVE[=]ReqMETA: 200::GET
[=]SCRAPE SERVE[=]A[HREF]::Link request received at https://www.ancientfaith.com/podcasts/dailyscriptures/
[=]SCRAPE SERVE[=]LINK(s) EXTRACTED: /support/
[=]SCRAPE SERVE[=]ReqMETA: 200::GET
[=]SCRAPE SERVE[=]A[HREF]::Link request received at https://www.ancientfaith.com/podcasts/dailyscriptures/
[=]SCRAPE SERVE[=]LINK(s) EXTRACTED: /about/
[=]SCRAPE SERVE[=]ReqMETA: 200::GET
[=]SCRAPE SERVE[=]A[HREF]::Link request received at https://www.ancientfaith.com/podcasts/dailyscriptures/
[=]SCRAPE SERVE[=]LINK(s) EXTRACTED: https://store.ancientfaith.com
[=]SCRAPE SERVE[=]ReqMETA: 200::GET
[=]SCRAPE SERVE[=]A[HREF]::Link request received at https://www.ancientfaith.com/podcasts/dailyscriptures/
[=]SCRAPE SERVE[=]LINK(s) EXTRACTED: https://www.facebook.com/ancientfaithministries
[=]SCRAPE SERVE[=]ReqMETA: 200::GET
[=]SCRAPE SERVE[=]A[HREF]::Link request received at https://www.ancientfaith.com/podcasts/dailyscriptures/
[=]SCRAPE SERVE[=]LINK(s) EXTRACTED: https://www.youtube.com/@AncientFaithMinistries
[=]SCRAPE SERVE[=]ReqMETA: 200::GET
[=]SCRAPE SERVE[=]A[HREF]::Link request received at https://www.ancientfaith.com/podcasts/dailyscriptures/
[=]SCRAPE SERVE[=]LINK(s) EXTRACTED: https://www.instagram.com/ancientfaithministries/
[=]SCRAPE SERVE[=]ReqMETA: 200::GET
[=]SCRAPE SERVE[=]A[HREF]::Link request received at https://www.ancientfaith.com/podcasts/dailyscriptures/
[=]SCRAPE SERVE[=]LINK(s) EXTRACTED: https://www.tiktok.com/@ancientfaithministries
[=]SCRAPE SERVE[=]ReqMETA: 200::GET
[=]SCRAPE SERVE[=]A[HREF]::Link request received at https://www.ancientfaith.com/podcasts/dailyscriptures/
[=]SCRAPE SERVE[=]LINK(s) EXTRACTED: /
[=]SCRAPE SERVE[=]ReqMETA: 200::GET
[=]SCRAPE SERVE[=]A[HREF]::Link request received at https://www.ancientfaith.com/podcasts/dailyscriptures/
[=]SCRAPE SERVE[=]LINK(s) EXTRACTED: /topics/Ancient-Faith-Kids/
[=]SCRAPE SERVE[=]ReqMETA: 200::GET
[=]SCRAPE SERVE[=]A[HREF]::Link request received at https://www.ancientfaith.com/podcasts/dailyscriptures/
[=]SCRAPE SERVE[=]LINK(s) EXTRACTED: https://www.facebook.com/ancientfaithkids
[=]SCRAPE SERVE[=]ReqMETA: 200::GET
[=]SCRAPE SERVE[=]A[HREF]::Link request received at https://www.ancientfaith.com/podcasts/dailyscriptures/
[=]SCRAPE SERVE[=]LINK(s) EXTRACTED: https://www.youtube.com/@ancientfaith4kids
[=]SCRAPE SERVE[=]ReqMETA: 200::GET
[=]SCRAPE SERVE[=]A[HREF]::Link request received at https://www.ancientfaith.com/podcasts/dailyscriptures/
[=]SCRAPE SERVE[=]LINK(s) EXTRACTED: https://www.instagram.com/ancientfaithkids/
[=]SCRAPE SERVE[=]ReqMETA: 200::GET
[=]SCRAPE SERVE[=]A[HREF]::Link request received at https://www.ancientfaith.com/podcasts/dailyscriptures/
[=]SCRAPE SERVE[=]LINK(s) EXTRACTED: https://afm.kindful.com/?campaign=1193135
[=]SCRAPE SERVE[=]ReqMETA: 200::GET
[=]SCRAPE SERVE[=]A[HREF]::Link request received at https://www.ancientfaith.com/podcasts/dailyscriptures/
[=]SCRAPE SERVE[=]LINK(s) EXTRACTED: 
[=]SCRAPE SERVE[=]ReqMETA: 200::GET
[=]SCRAPE SERVE[=]A[HREF]::Link request received at https://www.ancientfaith.com/podcasts/dailyscriptures/
[=]SCRAPE SERVE[=]LINK(s) EXTRACTED: 
[=]SCRAPE SERVE[=]ReqMETA: 200::GET
[=]SCRAPE SERVE[=]A[HREF]::Link request received at https://www.ancientfaith.com/podcasts/dailyscriptures/
[=]SCRAPE SERVE[=]LINK(s) EXTRACTED: 
[=]SCRAPE SERVE[=]ReqMETA: 200::GET
[=]SCRAPE SERVE[=]visiting https://www.ancientfaith.com/podcasts/dailyscriptureskids/
[=]SCRAPE SERVE[=]response received 200
[=]SCRAPE SERVE[=]A[HREF]::Link request received at https://www.ancientfaith.com/podcasts/dailyscriptureskids/
[=]SCRAPE SERVE[=]LINK(s) EXTRACTED: /
[=]SCRAPE SERVE[=]ReqMETA: 200::GET
[=]SCRAPE SERVE[=]A[HREF]::Link request received at https://www.ancientfaith.com/podcasts/dailyscriptureskids/
[=]SCRAPE SERVE[=]LINK(s) EXTRACTED: /radio/
[=]SCRAPE SERVE[=]ReqMETA: 200::GET
[=]SCRAPE SERVE[=]A[HREF]::Link request received at https://www.ancientfaith.com/podcasts/dailyscriptureskids/
[=]SCRAPE SERVE[=]LINK(s) EXTRACTED: /radio/live-shows/
[=]SCRAPE SERVE[=]ReqMETA: 200::GET
[=]SCRAPE SERVE[=]A[HREF]::Link request received at https://www.ancientfaith.com/podcasts/dailyscriptureskids/
[=]SCRAPE SERVE[=]LINK(s) EXTRACTED: /podcasts/
[=]SCRAPE SERVE[=]ReqMETA: 200::GET
[=]SCRAPE SERVE[=]A[HREF]::Link request received at https://www.ancientfaith.com/podcasts/dailyscriptureskids/
[=]SCRAPE SERVE[=]LINK(s) EXTRACTED: /radio/sponsorships/
[=]SCRAPE SERVE[=]ReqMETA: 200::GET
[=]SCRAPE SERVE[=]A[HREF]::Link request received at https://www.ancientfaith.com/podcasts/dailyscriptureskids/
[=]SCRAPE SERVE[=]LINK(s) EXTRACTED: /radio/digital-m/
[=]SCRAPE SERVE[=]ReqMETA: 200::GET
[=]SCRAPE SERVE[=]A[HREF]::Link request received at https://www.ancientfaith.com/podcasts/dailyscriptureskids/
[=]SCRAPE SERVE[=]LINK(s) EXTRACTED: /publishing/
[=]SCRAPE SERVE[=]ReqMETA: 200::GET
[=]SCRAPE SERVE[=]A[HREF]::Link request received at https://www.ancientfaith.com/podcasts/dailyscriptureskids/
[=]SCRAPE SERVE[=]LINK(s) EXTRACTED: /topics/Ancient-Faith-Kids/
[=]SCRAPE SERVE[=]ReqMETA: 200::GET
[=]SCRAPE SERVE[=]A[HREF]::Link request received at https://www.ancientfaith.com/podcasts/dailyscriptureskids/
[=]SCRAPE SERVE[=]LINK(s) EXTRACTED: /events/
[=]SCRAPE SERVE[=]ReqMETA: 200::GET
[=]SCRAPE SERVE[=]A[HREF]::Link request received at https://www.ancientfaith.com/podcasts/dailyscriptureskids/
[=]SCRAPE SERVE[=]LINK(s) EXTRACTED: /support/
[=]SCRAPE SERVE[=]ReqMETA: 200::GET
[=]SCRAPE SERVE[=]A[HREF]::Link request received at https://www.ancientfaith.com/podcasts/dailyscriptureskids/
[=]SCRAPE SERVE[=]LINK(s) EXTRACTED: /about/
[=]SCRAPE SERVE[=]ReqMETA: 200::GET
[=]SCRAPE SERVE[=]A[HREF]::Link request received at https://www.ancientfaith.com/podcasts/dailyscriptureskids/
[=]SCRAPE SERVE[=]LINK(s) EXTRACTED: /ceo-journal/
[=]SCRAPE SERVE[=]ReqMETA: 200::GET
[=]SCRAPE SERVE[=]A[HREF]::Link request received at https://www.ancientfaith.com/podcasts/dailyscriptureskids/
[=]SCRAPE SERVE[=]LINK(s) EXTRACTED: https://store.ancientfaith.com/
[=]SCRAPE SERVE[=]ReqMETA: 200::GET
[=]SCRAPE SERVE[=]A[HREF]::Link request received at https://www.ancientfaith.com/podcasts/dailyscriptureskids/
[=]SCRAPE SERVE[=]LINK(s) EXTRACTED: /login/
[=]SCRAPE SERVE[=]ReqMETA: 200::GET
[=]SCRAPE SERVE[=]A[HREF]::Link request received at https://www.ancientfaith.com/podcasts/dailyscriptureskids/
[=]SCRAPE SERVE[=]LINK(s) EXTRACTED: /radio/
[=]SCRAPE SERVE[=]ReqMETA: 200::GET
[=]SCRAPE SERVE[=]A[HREF]::Link request received at https://www.ancientfaith.com/podcasts/dailyscriptureskids/
[=]SCRAPE SERVE[=]LINK(s) EXTRACTED: /radio/live-shows/
[=]SCRAPE SERVE[=]ReqMETA: 200::GET
[=]SCRAPE SERVE[=]A[HREF]::Link request received at https://www.ancientfaith.com/podcasts/dailyscriptureskids/
[=]SCRAPE SERVE[=]LINK(s) EXTRACTED: /podcasts/
[=]SCRAPE SERVE[=]ReqMETA: 200::GET
[=]SCRAPE SERVE[=]A[HREF]::Link request received at https://www.ancientfaith.com/podcasts/dailyscriptureskids/
[=]SCRAPE SERVE[=]LINK(s) EXTRACTED: /radio/sponsorships/
[=]SCRAPE SERVE[=]ReqMETA: 200::GET
[=]SCRAPE SERVE[=]A[HREF]::Link request received at https://www.ancientfaith.com/podcasts/dailyscriptureskids/
[=]SCRAPE SERVE[=]LINK(s) EXTRACTED: /radio/digital-m/
[=]SCRAPE SERVE[=]ReqMETA: 200::GET
[=]SCRAPE SERVE[=]A[HREF]::Link request received at https://www.ancientfaith.com/podcasts/dailyscriptureskids/
[=]SCRAPE SERVE[=]LINK(s) EXTRACTED: /publishing/
[=]SCRAPE SERVE[=]ReqMETA: 200::GET
[=]SCRAPE SERVE[=]A[HREF]::Link request received at https://www.ancientfaith.com/podcasts/dailyscriptureskids/
[=]SCRAPE SERVE[=]LINK(s) EXTRACTED: /topics/Ancient-Faith-Kids/
[=]SCRAPE SERVE[=]ReqMETA: 200::GET
[=]SCRAPE SERVE[=]A[HREF]::Link request received at https://www.ancientfaith.com/podcasts/dailyscriptureskids/
[=]SCRAPE SERVE[=]LINK(s) EXTRACTED: /events/
[=]SCRAPE SERVE[=]ReqMETA: 200::GET
[=]SCRAPE SERVE[=]A[HREF]::Link request received at https://www.ancientfaith.com/podcasts/dailyscriptureskids/
[=]SCRAPE SERVE[=]LINK(s) EXTRACTED: /support/
[=]SCRAPE SERVE[=]ReqMETA: 200::GET
[=]SCRAPE SERVE[=]A[HREF]::Link request received at https://www.ancientfaith.com/podcasts/dailyscriptureskids/
[=]SCRAPE SERVE[=]LINK(s) EXTRACTED: /about/
[=]SCRAPE SERVE[=]ReqMETA: 200::GET
[=]SCRAPE SERVE[=]A[HREF]::Link request received at https://www.ancientfaith.com/podcasts/dailyscriptureskids/
[=]SCRAPE SERVE[=]LINK(s) EXTRACTED: /ceo-journal/
[=]SCRAPE SERVE[=]ReqMETA: 200::GET
[=]SCRAPE SERVE[=]A[HREF]::Link request received at https://www.ancientfaith.com/podcasts/dailyscriptureskids/
[=]SCRAPE SERVE[=]LINK(s) EXTRACTED: https://store.ancientfaith.com/
[=]SCRAPE SERVE[=]ReqMETA: 200::GET
[=]SCRAPE SERVE[=]A[HREF]::Link request received at https://www.ancientfaith.com/podcasts/dailyscriptureskids/
[=]SCRAPE SERVE[=]LINK(s) EXTRACTED: /login/
[=]SCRAPE SERVE[=]ReqMETA: 200::GET
[=]SCRAPE SERVE[=]A[HREF]::Link request received at https://www.ancientfaith.com/podcasts/dailyscriptureskids/
[=]SCRAPE SERVE[=]LINK(s) EXTRACTED: https://feeds.ancientfaith.com/dailyscriptureskids
[=]SCRAPE SERVE[=]ReqMETA: 200::GET
[=]SCRAPE SERVE[=]A[HREF]::Link request received at https://www.ancientfaith.com/podcasts/dailyscriptureskids/
[=]SCRAPE SERVE[=]LINK(s) EXTRACTED: https://podcasts.apple.com/us/podcast/id1602863574
[=]SCRAPE SERVE[=]ReqMETA: 200::GET
[=]SCRAPE SERVE[=]A[HREF]::Link request received at https://www.ancientfaith.com/podcasts/dailyscriptureskids/
[=]SCRAPE SERVE[=]LINK(s) EXTRACTED: https://web.charityengine.net/Default.aspx?tsid=31584
[=]SCRAPE SERVE[=]ReqMETA: 200::GET
[=]SCRAPE SERVE[=]A[HREF]::Link request received at https://www.ancientfaith.com/podcasts/dailyscriptureskids/
[=]SCRAPE SERVE[=]LINK(s) EXTRACTED: /podcasts/dailyscriptureskids/?page=2
[=]SCRAPE SERVE[=]ReqMETA: 200::GET
[=]SCRAPE SERVE[=]A[HREF]::Link request received at https://www.ancientfaith.com/podcasts/dailyscriptureskids/
[=]SCRAPE SERVE[=]LINK(s) EXTRACTED: /podcasts/dailyscriptureskids/?page=308
[=]SCRAPE SERVE[=]ReqMETA: 200::GET
[=]SCRAPE SERVE[=]A[HREF]::Link request received at https://www.ancientfaith.com/podcasts/dailyscriptureskids/
[=]SCRAPE SERVE[=]LINK(s) EXTRACTED: /podcasts/dailyscriptureskids/march-26-2026/
[=]SCRAPE SERVE[=]ReqMETA: 200::GET
[=]SCRAPE SERVE[=]A[HREF]::Link request received at https://www.ancientfaith.com/podcasts/dailyscriptureskids/
[=]SCRAPE SERVE[=]LINK(s) EXTRACTED: /podcasts/dailyscriptureskids/march-25-2026/
[=]SCRAPE SERVE[=]ReqMETA: 200::GET
[=]SCRAPE SERVE[=]A[HREF]::Link request received at https://www.ancientfaith.com/podcasts/dailyscriptureskids/
[=]SCRAPE SERVE[=]LINK(s) EXTRACTED: /podcasts/dailyscriptureskids/march-24-2026/
[=]SCRAPE SERVE[=]ReqMETA: 200::GET
[=]SCRAPE SERVE[=]A[HREF]::Link request received at https://www.ancientfaith.com/podcasts/dailyscriptureskids/
[=]SCRAPE SERVE[=]LINK(s) EXTRACTED: /podcasts/dailyscriptureskids/march-23-2026/
[=]SCRAPE SERVE[=]ReqMETA: 200::GET
[=]SCRAPE SERVE[=]A[HREF]::Link request received at https://www.ancientfaith.com/podcasts/dailyscriptureskids/
[=]SCRAPE SERVE[=]LINK(s) EXTRACTED: /podcasts/dailyscriptureskids/march-22-2026/
[=]SCRAPE SERVE[=]ReqMETA: 200::GET
[=]SCRAPE SERVE[=]A[HREF]::Link request received at https://www.ancientfaith.com/podcasts/dailyscriptureskids/
[=]SCRAPE SERVE[=]LINK(s) EXTRACTED: /podcasts/dailyscriptureskids/?page=2
[=]SCRAPE SERVE[=]ReqMETA: 200::GET
[=]SCRAPE SERVE[=]A[HREF]::Link request received at https://www.ancientfaith.com/podcasts/dailyscriptureskids/
[=]SCRAPE SERVE[=]LINK(s) EXTRACTED: /podcasts/dailyscriptureskids/?page=308
[=]SCRAPE SERVE[=]ReqMETA: 200::GET
[=]SCRAPE SERVE[=]A[HREF]::Link request received at https://www.ancientfaith.com/podcasts/dailyscriptureskids/
[=]SCRAPE SERVE[=]LINK(s) EXTRACTED: /contributors/fr_alexis_kouri/
[=]SCRAPE SERVE[=]ReqMETA: 200::GET
[=]SCRAPE SERVE[=]A[HREF]::Link request received at https://www.ancientfaith.com/podcasts/dailyscriptureskids/
[=]SCRAPE SERVE[=]LINK(s) EXTRACTED: mailto:dailyscriptureskids@ancientfaith.com
[=]SCRAPE SERVE[=]ReqMETA: 200::GET
[=]SCRAPE SERVE[=]A[HREF]::Link request received at https://www.ancientfaith.com/podcasts/dailyscriptureskids/
[=]SCRAPE SERVE[=]LINK(s) EXTRACTED: /workwithus/
[=]SCRAPE SERVE[=]ReqMETA: 200::GET
[=]SCRAPE SERVE[=]A[HREF]::Link request received at https://www.ancientfaith.com/podcasts/dailyscriptureskids/
[=]SCRAPE SERVE[=]LINK(s) EXTRACTED: /about/
[=]SCRAPE SERVE[=]ReqMETA: 200::GET
[=]SCRAPE SERVE[=]A[HREF]::Link request received at https://www.ancientfaith.com/podcasts/dailyscriptureskids/
[=]SCRAPE SERVE[=]LINK(s) EXTRACTED: /support/
[=]SCRAPE SERVE[=]ReqMETA: 200::GET
[=]SCRAPE SERVE[=]A[HREF]::Link request received at https://www.ancientfaith.com/podcasts/dailyscriptureskids/
[=]SCRAPE SERVE[=]LINK(s) EXTRACTED: /about/
[=]SCRAPE SERVE[=]ReqMETA: 200::GET
[=]SCRAPE SERVE[=]A[HREF]::Link request received at https://www.ancientfaith.com/podcasts/dailyscriptureskids/
[=]SCRAPE SERVE[=]LINK(s) EXTRACTED: https://store.ancientfaith.com
[=]SCRAPE SERVE[=]ReqMETA: 200::GET
[=]SCRAPE SERVE[=]A[HREF]::Link request received at https://www.ancientfaith.com/podcasts/dailyscriptureskids/
[=]SCRAPE SERVE[=]LINK(s) EXTRACTED: https://www.facebook.com/ancientfaithministries
[=]SCRAPE SERVE[=]ReqMETA: 200::GET
[=]SCRAPE SERVE[=]A[HREF]::Link request received at https://www.ancientfaith.com/podcasts/dailyscriptureskids/
[=]SCRAPE SERVE[=]LINK(s) EXTRACTED: https://www.youtube.com/@AncientFaithMinistries
[=]SCRAPE SERVE[=]ReqMETA: 200::GET
[=]SCRAPE SERVE[=]A[HREF]::Link request received at https://www.ancientfaith.com/podcasts/dailyscriptureskids/
[=]SCRAPE SERVE[=]LINK(s) EXTRACTED: https://www.instagram.com/ancientfaithministries/
[=]SCRAPE SERVE[=]ReqMETA: 200::GET
[=]SCRAPE SERVE[=]A[HREF]::Link request received at https://www.ancientfaith.com/podcasts/dailyscriptureskids/
[=]SCRAPE SERVE[=]LINK(s) EXTRACTED: https://www.tiktok.com/@ancientfaithministries
[=]SCRAPE SERVE[=]ReqMETA: 200::GET
[=]SCRAPE SERVE[=]A[HREF]::Link request received at https://www.ancientfaith.com/podcasts/dailyscriptureskids/
[=]SCRAPE SERVE[=]LINK(s) EXTRACTED: /
[=]SCRAPE SERVE[=]ReqMETA: 200::GET
[=]SCRAPE SERVE[=]A[HREF]::Link request received at https://www.ancientfaith.com/podcasts/dailyscriptureskids/
[=]SCRAPE SERVE[=]LINK(s) EXTRACTED: /topics/Ancient-Faith-Kids/
[=]SCRAPE SERVE[=]ReqMETA: 200::GET
[=]SCRAPE SERVE[=]A[HREF]::Link request received at https://www.ancientfaith.com/podcasts/dailyscriptureskids/
[=]SCRAPE SERVE[=]LINK(s) EXTRACTED: https://www.facebook.com/ancientfaithkids
[=]SCRAPE SERVE[=]ReqMETA: 200::GET
[=]SCRAPE SERVE[=]A[HREF]::Link request received at https://www.ancientfaith.com/podcasts/dailyscriptureskids/
[=]SCRAPE SERVE[=]LINK(s) EXTRACTED: https://www.youtube.com/@ancientfaith4kids
[=]SCRAPE SERVE[=]ReqMETA: 200::GET
[=]SCRAPE SERVE[=]A[HREF]::Link request received at https://www.ancientfaith.com/podcasts/dailyscriptureskids/
[=]SCRAPE SERVE[=]LINK(s) EXTRACTED: https://www.instagram.com/ancientfaithkids/
[=]SCRAPE SERVE[=]ReqMETA: 200::GET
[=]SCRAPE SERVE[=]A[HREF]::Link request received at https://www.ancientfaith.com/podcasts/dailyscriptureskids/
[=]SCRAPE SERVE[=]LINK(s) EXTRACTED: https://afm.kindful.com/?campaign=1193135
[=]SCRAPE SERVE[=]ReqMETA: 200::GET
[=]SCRAPE SERVE[=]A[HREF]::Link request received at https://www.ancientfaith.com/podcasts/dailyscriptureskids/
[=]SCRAPE SERVE[=]LINK(s) EXTRACTED: 
[=]SCRAPE SERVE[=]ReqMETA: 200::GET
[=]SCRAPE SERVE[=]A[HREF]::Link request received at https://www.ancientfaith.com/podcasts/dailyscriptureskids/
[=]SCRAPE SERVE[=]LINK(s) EXTRACTED: 
[=]SCRAPE SERVE[=]ReqMETA: 200::GET
[=]SCRAPE SERVE[=]A[HREF]::Link request received at https://www.ancientfaith.com/podcasts/dailyscriptureskids/
[=]SCRAPE SERVE[=]LINK(s) EXTRACTED: 
[=]SCRAPE SERVE[=]ReqMETA: 200::GET
[=]SCRAPE SERVE[=]visiting https://www.ancientfaith.com/podcasts/doxacast_remix/
[=]SCRAPE SERVE[=]response received 200
[=]SCRAPE SERVE[=]A[HREF]::Link request received at https://www.ancientfaith.com/podcasts/doxacast_remix/
[=]SCRAPE SERVE[=]LINK(s) EXTRACTED: /
[=]SCRAPE SERVE[=]ReqMETA: 200::GET
[=]SCRAPE SERVE[=]A[HREF]::Link request received at https://www.ancientfaith.com/podcasts/doxacast_remix/
[=]SCRAPE SERVE[=]LINK(s) EXTRACTED: /radio/
[=]SCRAPE SERVE[=]ReqMETA: 200::GET
[=]SCRAPE SERVE[=]A[HREF]::Link request received at https://www.ancientfaith.com/podcasts/doxacast_remix/
[=]SCRAPE SERVE[=]LINK(s) EXTRACTED: /radio/live-shows/
[=]SCRAPE SERVE[=]ReqMETA: 200::GET
[=]SCRAPE SERVE[=]A[HREF]::Link request received at https://www.ancientfaith.com/podcasts/doxacast_remix/
[=]SCRAPE SERVE[=]LINK(s) EXTRACTED: /podcasts/
[=]SCRAPE SERVE[=]ReqMETA: 200::GET
[=]SCRAPE SERVE[=]A[HREF]::Link request received at https://www.ancientfaith.com/podcasts/doxacast_remix/
[=]SCRAPE SERVE[=]LINK(s) EXTRACTED: /radio/sponsorships/
[=]SCRAPE SERVE[=]ReqMETA: 200::GET
[=]SCRAPE SERVE[=]A[HREF]::Link request received at https://www.ancientfaith.com/podcasts/doxacast_remix/
[=]SCRAPE SERVE[=]LINK(s) EXTRACTED: /radio/digital-m/
[=]SCRAPE SERVE[=]ReqMETA: 200::GET
[=]SCRAPE SERVE[=]A[HREF]::Link request received at https://www.ancientfaith.com/podcasts/doxacast_remix/
[=]SCRAPE SERVE[=]LINK(s) EXTRACTED: /publishing/
[=]SCRAPE SERVE[=]ReqMETA: 200::GET
[=]SCRAPE SERVE[=]A[HREF]::Link request received at https://www.ancientfaith.com/podcasts/doxacast_remix/
[=]SCRAPE SERVE[=]LINK(s) EXTRACTED: /topics/Ancient-Faith-Kids/
[=]SCRAPE SERVE[=]ReqMETA: 200::GET
[=]SCRAPE SERVE[=]A[HREF]::Link request received at https://www.ancientfaith.com/podcasts/doxacast_remix/
[=]SCRAPE SERVE[=]LINK(s) EXTRACTED: /events/
[=]SCRAPE SERVE[=]ReqMETA: 200::GET
[=]SCRAPE SERVE[=]A[HREF]::Link request received at https://www.ancientfaith.com/podcasts/doxacast_remix/
[=]SCRAPE SERVE[=]LINK(s) EXTRACTED: /support/
[=]SCRAPE SERVE[=]ReqMETA: 200::GET
[=]SCRAPE SERVE[=]A[HREF]::Link request received at https://www.ancientfaith.com/podcasts/doxacast_remix/
[=]SCRAPE SERVE[=]LINK(s) EXTRACTED: /about/
[=]SCRAPE SERVE[=]ReqMETA: 200::GET
[=]SCRAPE SERVE[=]A[HREF]::Link request received at https://www.ancientfaith.com/podcasts/doxacast_remix/
[=]SCRAPE SERVE[=]LINK(s) EXTRACTED: /ceo-journal/
[=]SCRAPE SERVE[=]ReqMETA: 200::GET
[=]SCRAPE SERVE[=]A[HREF]::Link request received at https://www.ancientfaith.com/podcasts/doxacast_remix/
[=]SCRAPE SERVE[=]LINK(s) EXTRACTED: https://store.ancientfaith.com/
[=]SCRAPE SERVE[=]ReqMETA: 200::GET
[=]SCRAPE SERVE[=]A[HREF]::Link request received at https://www.ancientfaith.com/podcasts/doxacast_remix/
[=]SCRAPE SERVE[=]LINK(s) EXTRACTED: /login/
[=]SCRAPE SERVE[=]ReqMETA: 200::GET
[=]SCRAPE SERVE[=]A[HREF]::Link request received at https://www.ancientfaith.com/podcasts/doxacast_remix/
[=]SCRAPE SERVE[=]LINK(s) EXTRACTED: /radio/
[=]SCRAPE SERVE[=]ReqMETA: 200::GET
[=]SCRAPE SERVE[=]A[HREF]::Link request received at https://www.ancientfaith.com/podcasts/doxacast_remix/
[=]SCRAPE SERVE[=]LINK(s) EXTRACTED: /radio/live-shows/
[=]SCRAPE SERVE[=]ReqMETA: 200::GET
[=]SCRAPE SERVE[=]A[HREF]::Link request received at https://www.ancientfaith.com/podcasts/doxacast_remix/
[=]SCRAPE SERVE[=]LINK(s) EXTRACTED: /podcasts/
[=]SCRAPE SERVE[=]ReqMETA: 200::GET
[=]SCRAPE SERVE[=]A[HREF]::Link request received at https://www.ancientfaith.com/podcasts/doxacast_remix/
[=]SCRAPE SERVE[=]LINK(s) EXTRACTED: /radio/sponsorships/
[=]SCRAPE SERVE[=]ReqMETA: 200::GET
[=]SCRAPE SERVE[=]A[HREF]::Link request received at https://www.ancientfaith.com/podcasts/doxacast_remix/
[=]SCRAPE SERVE[=]LINK(s) EXTRACTED: /radio/digital-m/
[=]SCRAPE SERVE[=]ReqMETA: 200::GET
[=]SCRAPE SERVE[=]A[HREF]::Link request received at https://www.ancientfaith.com/podcasts/doxacast_remix/
[=]SCRAPE SERVE[=]LINK(s) EXTRACTED: /publishing/
[=]SCRAPE SERVE[=]ReqMETA: 200::GET
[=]SCRAPE SERVE[=]A[HREF]::Link request received at https://www.ancientfaith.com/podcasts/doxacast_remix/
[=]SCRAPE SERVE[=]LINK(s) EXTRACTED: /topics/Ancient-Faith-Kids/
[=]SCRAPE SERVE[=]ReqMETA: 200::GET
[=]SCRAPE SERVE[=]A[HREF]::Link request received at https://www.ancientfaith.com/podcasts/doxacast_remix/
[=]SCRAPE SERVE[=]LINK(s) EXTRACTED: /events/
[=]SCRAPE SERVE[=]ReqMETA: 200::GET
[=]SCRAPE SERVE[=]A[HREF]::Link request received at https://www.ancientfaith.com/podcasts/doxacast_remix/
[=]SCRAPE SERVE[=]LINK(s) EXTRACTED: /support/
[=]SCRAPE SERVE[=]ReqMETA: 200::GET
[=]SCRAPE SERVE[=]A[HREF]::Link request received at https://www.ancientfaith.com/podcasts/doxacast_remix/
[=]SCRAPE SERVE[=]LINK(s) EXTRACTED: /about/
[=]SCRAPE SERVE[=]ReqMETA: 200::GET
[=]SCRAPE SERVE[=]A[HREF]::Link request received at https://www.ancientfaith.com/podcasts/doxacast_remix/
[=]SCRAPE SERVE[=]LINK(s) EXTRACTED: /ceo-journal/
[=]SCRAPE SERVE[=]ReqMETA: 200::GET
[=]SCRAPE SERVE[=]A[HREF]::Link request received at https://www.ancientfaith.com/podcasts/doxacast_remix/
[=]SCRAPE SERVE[=]LINK(s) EXTRACTED: https://store.ancientfaith.com/
[=]SCRAPE SERVE[=]ReqMETA: 200::GET
[=]SCRAPE SERVE[=]A[HREF]::Link request received at https://www.ancientfaith.com/podcasts/doxacast_remix/
[=]SCRAPE SERVE[=]LINK(s) EXTRACTED: /login/
[=]SCRAPE SERVE[=]ReqMETA: 200::GET
[=]SCRAPE SERVE[=]A[HREF]::Link request received at https://www.ancientfaith.com/podcasts/doxacast_remix/
[=]SCRAPE SERVE[=]LINK(s) EXTRACTED: https://feeds.ancientfaith.com/doxacast_remix
[=]SCRAPE SERVE[=]ReqMETA: 200::GET
[=]SCRAPE SERVE[=]A[HREF]::Link request received at https://www.ancientfaith.com/podcasts/doxacast_remix/
[=]SCRAPE SERVE[=]LINK(s) EXTRACTED: https://web.charityengine.net/Default.aspx?tsid=31584
[=]SCRAPE SERVE[=]ReqMETA: 200::GET
[=]SCRAPE SERVE[=]A[HREF]::Link request received at https://www.ancientfaith.com/podcasts/doxacast_remix/
[=]SCRAPE SERVE[=]LINK(s) EXTRACTED: /podcasts/doxacast_remix/?page=2
[=]SCRAPE SERVE[=]ReqMETA: 200::GET
[=]SCRAPE SERVE[=]A[HREF]::Link request received at https://www.ancientfaith.com/podcasts/doxacast_remix/
[=]SCRAPE SERVE[=]LINK(s) EXTRACTED: /podcasts/doxacast_remix/?page=8
[=]SCRAPE SERVE[=]ReqMETA: 200::GET
[=]SCRAPE SERVE[=]A[HREF]::Link request received at https://www.ancientfaith.com/podcasts/doxacast_remix/
[=]SCRAPE SERVE[=]LINK(s) EXTRACTED: /podcasts/doxacast_remix/the-emergence-of-shadows-babylon-5-watch-part-5/
[=]SCRAPE SERVE[=]ReqMETA: 200::GET
[=]SCRAPE SERVE[=]A[HREF]::Link request received at https://www.ancientfaith.com/podcasts/doxacast_remix/
[=]SCRAPE SERVE[=]LINK(s) EXTRACTED: /podcasts/doxacast_remix/are-there-no-true-knights-among-you-honor-and-goodness-in-a-knight-of-the-seven-kingdoms/
[=]SCRAPE SERVE[=]ReqMETA: 200::GET
[=]SCRAPE SERVE[=]A[HREF]::Link request received at https://www.ancientfaith.com/podcasts/doxacast_remix/
[=]SCRAPE SERVE[=]LINK(s) EXTRACTED: /podcasts/doxacast_remix/choice-and-destiny-in-blade-runner-2049/
[=]SCRAPE SERVE[=]ReqMETA: 200::GET
[=]SCRAPE SERVE[=]A[HREF]::Link request received at https://www.ancientfaith.com/podcasts/doxacast_remix/
[=]SCRAPE SERVE[=]LINK(s) EXTRACTED: /podcasts/doxacast_remix/good-and-evil-and-creative-chaos-in-cooperative-gaming/
[=]SCRAPE SERVE[=]ReqMETA: 200::GET
[=]SCRAPE SERVE[=]A[HREF]::Link request received at https://www.ancientfaith.com/podcasts/doxacast_remix/
[=]SCRAPE SERVE[=]LINK(s) EXTRACTED: /podcasts/doxacast_remix/android-dreams-blade-runner-and-the-facsimile-of-humanity/
[=]SCRAPE SERVE[=]ReqMETA: 200::GET
[=]SCRAPE SERVE[=]A[HREF]::Link request received at https://www.ancientfaith.com/podcasts/doxacast_remix/
[=]SCRAPE SERVE[=]LINK(s) EXTRACTED: /podcasts/doxacast_remix/?page=2
[=]SCRAPE SERVE[=]ReqMETA: 200::GET
[=]SCRAPE SERVE[=]A[HREF]::Link request received at https://www.ancientfaith.com/podcasts/doxacast_remix/
[=]SCRAPE SERVE[=]LINK(s) EXTRACTED: /podcasts/doxacast_remix/?page=8
[=]SCRAPE SERVE[=]ReqMETA: 200::GET
[=]SCRAPE SERVE[=]A[HREF]::Link request received at https://www.ancientfaith.com/podcasts/doxacast_remix/
[=]SCRAPE SERVE[=]LINK(s) EXTRACTED: /contributors/cindy_collins_smith/
[=]SCRAPE SERVE[=]ReqMETA: 200::GET
[=]SCRAPE SERVE[=]A[HREF]::Link request received at https://www.ancientfaith.com/podcasts/doxacast_remix/
[=]SCRAPE SERVE[=]LINK(s) EXTRACTED: mailto:doxaconplanning@gmail.com
[=]SCRAPE SERVE[=]ReqMETA: 200::GET
[=]SCRAPE SERVE[=]A[HREF]::Link request received at https://www.ancientfaith.com/podcasts/doxacast_remix/
[=]SCRAPE SERVE[=]LINK(s) EXTRACTED: http://www.doxacon.org
[=]SCRAPE SERVE[=]ReqMETA: 200::GET
[=]SCRAPE SERVE[=]A[HREF]::Link request received at https://www.ancientfaith.com/podcasts/doxacast_remix/
[=]SCRAPE SERVE[=]LINK(s) EXTRACTED: /workwithus/
[=]SCRAPE SERVE[=]ReqMETA: 200::GET
[=]SCRAPE SERVE[=]A[HREF]::Link request received at https://www.ancientfaith.com/podcasts/doxacast_remix/
[=]SCRAPE SERVE[=]LINK(s) EXTRACTED: /about/
[=]SCRAPE SERVE[=]ReqMETA: 200::GET
[=]SCRAPE SERVE[=]A[HREF]::Link request received at https://www.ancientfaith.com/podcasts/doxacast_remix/
[=]SCRAPE SERVE[=]LINK(s) EXTRACTED: /support/
[=]SCRAPE SERVE[=]ReqMETA: 200::GET
[=]SCRAPE SERVE[=]A[HREF]::Link request received at https://www.ancientfaith.com/podcasts/doxacast_remix/
[=]SCRAPE SERVE[=]LINK(s) EXTRACTED: /about/
[=]SCRAPE SERVE[=]ReqMETA: 200::GET
[=]SCRAPE SERVE[=]A[HREF]::Link request received at https://www.ancientfaith.com/podcasts/doxacast_remix/
[=]SCRAPE SERVE[=]LINK(s) EXTRACTED: https://store.ancientfaith.com
[=]SCRAPE SERVE[=]ReqMETA: 200::GET
[=]SCRAPE SERVE[=]A[HREF]::Link request received at https://www.ancientfaith.com/podcasts/doxacast_remix/
[=]SCRAPE SERVE[=]LINK(s) EXTRACTED: https://www.facebook.com/ancientfaithministries
[=]SCRAPE SERVE[=]ReqMETA: 200::GET
[=]SCRAPE SERVE[=]A[HREF]::Link request received at https://www.ancientfaith.com/podcasts/doxacast_remix/
[=]SCRAPE SERVE[=]LINK(s) EXTRACTED: https://www.youtube.com/@AncientFaithMinistries
[=]SCRAPE SERVE[=]ReqMETA: 200::GET
[=]SCRAPE SERVE[=]A[HREF]::Link request received at https://www.ancientfaith.com/podcasts/doxacast_remix/
[=]SCRAPE SERVE[=]LINK(s) EXTRACTED: https://www.instagram.com/ancientfaithministries/
[=]SCRAPE SERVE[=]ReqMETA: 200::GET
[=]SCRAPE SERVE[=]A[HREF]::Link request received at https://www.ancientfaith.com/podcasts/doxacast_remix/
[=]SCRAPE SERVE[=]LINK(s) EXTRACTED: https://www.tiktok.com/@ancientfaithministries
[=]SCRAPE SERVE[=]ReqMETA: 200::GET
[=]SCRAPE SERVE[=]A[HREF]::Link request received at https://www.ancientfaith.com/podcasts/doxacast_remix/
[=]SCRAPE SERVE[=]LINK(s) EXTRACTED: /
[=]SCRAPE SERVE[=]ReqMETA: 200::GET
[=]SCRAPE SERVE[=]A[HREF]::Link request received at https://www.ancientfaith.com/podcasts/doxacast_remix/
[=]SCRAPE SERVE[=]LINK(s) EXTRACTED: /topics/Ancient-Faith-Kids/
[=]SCRAPE SERVE[=]ReqMETA: 200::GET
[=]SCRAPE SERVE[=]A[HREF]::Link request received at https://www.ancientfaith.com/podcasts/doxacast_remix/
[=]SCRAPE SERVE[=]LINK(s) EXTRACTED: https://www.facebook.com/ancientfaithkids
[=]SCRAPE SERVE[=]ReqMETA: 200::GET
[=]SCRAPE SERVE[=]A[HREF]::Link request received at https://www.ancientfaith.com/podcasts/doxacast_remix/
[=]SCRAPE SERVE[=]LINK(s) EXTRACTED: https://www.youtube.com/@ancientfaith4kids
[=]SCRAPE SERVE[=]ReqMETA: 200::GET
[=]SCRAPE SERVE[=]A[HREF]::Link request received at https://www.ancientfaith.com/podcasts/doxacast_remix/
[=]SCRAPE SERVE[=]LINK(s) EXTRACTED: https://www.instagram.com/ancientfaithkids/
[=]SCRAPE SERVE[=]ReqMETA: 200::GET
[=]SCRAPE SERVE[=]A[HREF]::Link request received at https://www.ancientfaith.com/podcasts/doxacast_remix/
[=]SCRAPE SERVE[=]LINK(s) EXTRACTED: https://afm.kindful.com/?campaign=1193135
[=]SCRAPE SERVE[=]ReqMETA: 200::GET
[=]SCRAPE SERVE[=]A[HREF]::Link request received at https://www.ancientfaith.com/podcasts/doxacast_remix/
[=]SCRAPE SERVE[=]LINK(s) EXTRACTED: 
[=]SCRAPE SERVE[=]ReqMETA: 200::GET
[=]SCRAPE SERVE[=]A[HREF]::Link request received at https://www.ancientfaith.com/podcasts/doxacast_remix/
[=]SCRAPE SERVE[=]LINK(s) EXTRACTED: 
[=]SCRAPE SERVE[=]ReqMETA: 200::GET
[=]SCRAPE SERVE[=]A[HREF]::Link request received at https://www.ancientfaith.com/podcasts/doxacast_remix/
[=]SCRAPE SERVE[=]LINK(s) EXTRACTED: 
[=]SCRAPE SERVE[=]ReqMETA: 200::GET
[=]SCRAPE SERVE[=]visiting https://www.ancientfaith.com/podcasts/easternchristianinsights/
[=]SCRAPE SERVE[=]response received 200
[=]SCRAPE SERVE[=]A[HREF]::Link request received at https://www.ancientfaith.com/podcasts/easternchristianinsights/
[=]SCRAPE SERVE[=]LINK(s) EXTRACTED: /
[=]SCRAPE SERVE[=]ReqMETA: 200::GET
[=]SCRAPE SERVE[=]A[HREF]::Link request received at https://www.ancientfaith.com/podcasts/easternchristianinsights/
[=]SCRAPE SERVE[=]LINK(s) EXTRACTED: /radio/
[=]SCRAPE SERVE[=]ReqMETA: 200::GET
[=]SCRAPE SERVE[=]A[HREF]::Link request received at https://www.ancientfaith.com/podcasts/easternchristianinsights/
[=]SCRAPE SERVE[=]LINK(s) EXTRACTED: /radio/live-shows/
[=]SCRAPE SERVE[=]ReqMETA: 200::GET
[=]SCRAPE SERVE[=]A[HREF]::Link request received at https://www.ancientfaith.com/podcasts/easternchristianinsights/
[=]SCRAPE SERVE[=]LINK(s) EXTRACTED: /podcasts/
[=]SCRAPE SERVE[=]ReqMETA: 200::GET
[=]SCRAPE SERVE[=]A[HREF]::Link request received at https://www.ancientfaith.com/podcasts/easternchristianinsights/
[=]SCRAPE SERVE[=]LINK(s) EXTRACTED: /radio/sponsorships/
[=]SCRAPE SERVE[=]ReqMETA: 200::GET
[=]SCRAPE SERVE[=]A[HREF]::Link request received at https://www.ancientfaith.com/podcasts/easternchristianinsights/
[=]SCRAPE SERVE[=]LINK(s) EXTRACTED: /radio/digital-m/
[=]SCRAPE SERVE[=]ReqMETA: 200::GET
[=]SCRAPE SERVE[=]A[HREF]::Link request received at https://www.ancientfaith.com/podcasts/easternchristianinsights/
[=]SCRAPE SERVE[=]LINK(s) EXTRACTED: /publishing/
[=]SCRAPE SERVE[=]ReqMETA: 200::GET
[=]SCRAPE SERVE[=]A[HREF]::Link request received at https://www.ancientfaith.com/podcasts/easternchristianinsights/
[=]SCRAPE SERVE[=]LINK(s) EXTRACTED: /topics/Ancient-Faith-Kids/
[=]SCRAPE SERVE[=]ReqMETA: 200::GET
[=]SCRAPE SERVE[=]A[HREF]::Link request received at https://www.ancientfaith.com/podcasts/easternchristianinsights/
[=]SCRAPE SERVE[=]LINK(s) EXTRACTED: /events/
[=]SCRAPE SERVE[=]ReqMETA: 200::GET
[=]SCRAPE SERVE[=]A[HREF]::Link request received at https://www.ancientfaith.com/podcasts/easternchristianinsights/
[=]SCRAPE SERVE[=]LINK(s) EXTRACTED: /support/
[=]SCRAPE SERVE[=]ReqMETA: 200::GET
[=]SCRAPE SERVE[=]A[HREF]::Link request received at https://www.ancientfaith.com/podcasts/easternchristianinsights/
[=]SCRAPE SERVE[=]LINK(s) EXTRACTED: /about/
[=]SCRAPE SERVE[=]ReqMETA: 200::GET
[=]SCRAPE SERVE[=]A[HREF]::Link request received at https://www.ancientfaith.com/podcasts/easternchristianinsights/
[=]SCRAPE SERVE[=]LINK(s) EXTRACTED: /ceo-journal/
[=]SCRAPE SERVE[=]ReqMETA: 200::GET
[=]SCRAPE SERVE[=]A[HREF]::Link request received at https://www.ancientfaith.com/podcasts/easternchristianinsights/
[=]SCRAPE SERVE[=]LINK(s) EXTRACTED: https://store.ancientfaith.com/
[=]SCRAPE SERVE[=]ReqMETA: 200::GET
[=]SCRAPE SERVE[=]A[HREF]::Link request received at https://www.ancientfaith.com/podcasts/easternchristianinsights/
[=]SCRAPE SERVE[=]LINK(s) EXTRACTED: /login/
[=]SCRAPE SERVE[=]ReqMETA: 200::GET
[=]SCRAPE SERVE[=]A[HREF]::Link request received at https://www.ancientfaith.com/podcasts/easternchristianinsights/
[=]SCRAPE SERVE[=]LINK(s) EXTRACTED: /radio/
[=]SCRAPE SERVE[=]ReqMETA: 200::GET
[=]SCRAPE SERVE[=]A[HREF]::Link request received at https://www.ancientfaith.com/podcasts/easternchristianinsights/
[=]SCRAPE SERVE[=]LINK(s) EXTRACTED: /radio/live-shows/
[=]SCRAPE SERVE[=]ReqMETA: 200::GET
[=]SCRAPE SERVE[=]A[HREF]::Link request received at https://www.ancientfaith.com/podcasts/easternchristianinsights/
[=]SCRAPE SERVE[=]LINK(s) EXTRACTED: /podcasts/
[=]SCRAPE SERVE[=]ReqMETA: 200::GET
[=]SCRAPE SERVE[=]A[HREF]::Link request received at https://www.ancientfaith.com/podcasts/easternchristianinsights/
[=]SCRAPE SERVE[=]LINK(s) EXTRACTED: /radio/sponsorships/
[=]SCRAPE SERVE[=]ReqMETA: 200::GET
[=]SCRAPE SERVE[=]A[HREF]::Link request received at https://www.ancientfaith.com/podcasts/easternchristianinsights/
[=]SCRAPE SERVE[=]LINK(s) EXTRACTED: /radio/digital-m/
[=]SCRAPE SERVE[=]ReqMETA: 200::GET
[=]SCRAPE SERVE[=]A[HREF]::Link request received at https://www.ancientfaith.com/podcasts/easternchristianinsights/
[=]SCRAPE SERVE[=]LINK(s) EXTRACTED: /publishing/
[=]SCRAPE SERVE[=]ReqMETA: 200::GET
[=]SCRAPE SERVE[=]A[HREF]::Link request received at https://www.ancientfaith.com/podcasts/easternchristianinsights/
[=]SCRAPE SERVE[=]LINK(s) EXTRACTED: /topics/Ancient-Faith-Kids/
[=]SCRAPE SERVE[=]ReqMETA: 200::GET
[=]SCRAPE SERVE[=]A[HREF]::Link request received at https://www.ancientfaith.com/podcasts/easternchristianinsights/
[=]SCRAPE SERVE[=]LINK(s) EXTRACTED: /events/
[=]SCRAPE SERVE[=]ReqMETA: 200::GET
[=]SCRAPE SERVE[=]A[HREF]::Link request received at https://www.ancientfaith.com/podcasts/easternchristianinsights/
[=]SCRAPE SERVE[=]LINK(s) EXTRACTED: /support/
[=]SCRAPE SERVE[=]ReqMETA: 200::GET
[=]SCRAPE SERVE[=]A[HREF]::Link request received at https://www.ancientfaith.com/podcasts/easternchristianinsights/
[=]SCRAPE SERVE[=]LINK(s) EXTRACTED: /about/
[=]SCRAPE SERVE[=]ReqMETA: 200::GET
[=]SCRAPE SERVE[=]A[HREF]::Link request received at https://www.ancientfaith.com/podcasts/easternchristianinsights/
[=]SCRAPE SERVE[=]LINK(s) EXTRACTED: /ceo-journal/
[=]SCRAPE SERVE[=]ReqMETA: 200::GET
[=]SCRAPE SERVE[=]A[HREF]::Link request received at https://www.ancientfaith.com/podcasts/easternchristianinsights/
[=]SCRAPE SERVE[=]LINK(s) EXTRACTED: https://store.ancientfaith.com/
[=]SCRAPE SERVE[=]ReqMETA: 200::GET
[=]SCRAPE SERVE[=]A[HREF]::Link request received at https://www.ancientfaith.com/podcasts/easternchristianinsights/
[=]SCRAPE SERVE[=]LINK(s) EXTRACTED: /login/
[=]SCRAPE SERVE[=]ReqMETA: 200::GET
[=]SCRAPE SERVE[=]A[HREF]::Link request received at https://www.ancientfaith.com/podcasts/easternchristianinsights/
[=]SCRAPE SERVE[=]LINK(s) EXTRACTED: https://feeds.ancientfaith.com/easternchristianinsights
[=]SCRAPE SERVE[=]ReqMETA: 200::GET
[=]SCRAPE SERVE[=]A[HREF]::Link request received at https://www.ancientfaith.com/podcasts/easternchristianinsights/
[=]SCRAPE SERVE[=]LINK(s) EXTRACTED: https://podcasts.apple.com/us/podcast/id1038526586
[=]SCRAPE SERVE[=]ReqMETA: 200::GET
[=]SCRAPE SERVE[=]A[HREF]::Link request received at https://www.ancientfaith.com/podcasts/easternchristianinsights/
[=]SCRAPE SERVE[=]LINK(s) EXTRACTED: https://web.charityengine.net/Default.aspx?tsid=31584
[=]SCRAPE SERVE[=]ReqMETA: 200::GET
[=]SCRAPE SERVE[=]A[HREF]::Link request received at https://www.ancientfaith.com/podcasts/easternchristianinsights/
[=]SCRAPE SERVE[=]LINK(s) EXTRACTED: /podcasts/easternchristianinsights/?page=2
[=]SCRAPE SERVE[=]ReqMETA: 200::GET
[=]SCRAPE SERVE[=]A[HREF]::Link request received at https://www.ancientfaith.com/podcasts/easternchristianinsights/
[=]SCRAPE SERVE[=]LINK(s) EXTRACTED: /podcasts/easternchristianinsights/?page=87
[=]SCRAPE SERVE[=]ReqMETA: 200::GET
[=]SCRAPE SERVE[=]A[HREF]::Link request received at https://www.ancientfaith.com/podcasts/easternchristianinsights/
[=]SCRAPE SERVE[=]LINK(s) EXTRACTED: /podcasts/easternchristianinsights/the-sunday-of-the-adoration-of-the-holy-cross/
[=]SCRAPE SERVE[=]ReqMETA: 200::GET
[=]SCRAPE SERVE[=]A[HREF]::Link request received at https://www.ancientfaith.com/podcasts/easternchristianinsights/
[=]SCRAPE SERVE[=]LINK(s) EXTRACTED: /podcasts/easternchristianinsights/the-sunday-of-st-gregory-palamas/
[=]SCRAPE SERVE[=]ReqMETA: 200::GET
[=]SCRAPE SERVE[=]A[HREF]::Link request received at https://www.ancientfaith.com/podcasts/easternchristianinsights/
[=]SCRAPE SERVE[=]LINK(s) EXTRACTED: /podcasts/easternchristianinsights/the-sunday-of-orthodoxy/
[=]SCRAPE SERVE[=]ReqMETA: 200::GET
[=]SCRAPE SERVE[=]A[HREF]::Link request received at https://www.ancientfaith.com/podcasts/easternchristianinsights/
[=]SCRAPE SERVE[=]LINK(s) EXTRACTED: /podcasts/easternchristianinsights/forgiveness-sunday/
[=]SCRAPE SERVE[=]ReqMETA: 200::GET
[=]SCRAPE SERVE[=]A[HREF]::Link request received at https://www.ancientfaith.com/podcasts/easternchristianinsights/
[=]SCRAPE SERVE[=]LINK(s) EXTRACTED: /podcasts/easternchristianinsights/the-last-judgement/
[=]SCRAPE SERVE[=]ReqMETA: 200::GET
[=]SCRAPE SERVE[=]A[HREF]::Link request received at https://www.ancientfaith.com/podcasts/easternchristianinsights/
[=]SCRAPE SERVE[=]LINK(s) EXTRACTED: /podcasts/easternchristianinsights/?page=2
[=]SCRAPE SERVE[=]ReqMETA: 200::GET
[=]SCRAPE SERVE[=]A[HREF]::Link request received at https://www.ancientfaith.com/podcasts/easternchristianinsights/
[=]SCRAPE SERVE[=]LINK(s) EXTRACTED: /podcasts/easternchristianinsights/?page=87
[=]SCRAPE SERVE[=]ReqMETA: 200::GET
[=]SCRAPE SERVE[=]A[HREF]::Link request received at https://www.ancientfaith.com/podcasts/easternchristianinsights/
[=]SCRAPE SERVE[=]LINK(s) EXTRACTED: /contributors/philip_lemasters/
[=]SCRAPE SERVE[=]ReqMETA: 200::GET
[=]SCRAPE SERVE[=]A[HREF]::Link request received at https://www.ancientfaith.com/podcasts/easternchristianinsights/
[=]SCRAPE SERVE[=]LINK(s) EXTRACTED: mailto:easternchristian@ancientfaith.com
[=]SCRAPE SERVE[=]ReqMETA: 200::GET
[=]SCRAPE SERVE[=]A[HREF]::Link request received at https://www.ancientfaith.com/podcasts/easternchristianinsights/
[=]SCRAPE SERVE[=]LINK(s) EXTRACTED: http://www.stlukeorthodox.net
[=]SCRAPE SERVE[=]ReqMETA: 200::GET
[=]SCRAPE SERVE[=]A[HREF]::Link request received at https://www.ancientfaith.com/podcasts/easternchristianinsights/
[=]SCRAPE SERVE[=]LINK(s) EXTRACTED: /workwithus/
[=]SCRAPE SERVE[=]ReqMETA: 200::GET
[=]SCRAPE SERVE[=]A[HREF]::Link request received at https://www.ancientfaith.com/podcasts/easternchristianinsights/
[=]SCRAPE SERVE[=]LINK(s) EXTRACTED: /about/
[=]SCRAPE SERVE[=]ReqMETA: 200::GET
[=]SCRAPE SERVE[=]A[HREF]::Link request received at https://www.ancientfaith.com/podcasts/easternchristianinsights/
[=]SCRAPE SERVE[=]LINK(s) EXTRACTED: /support/
[=]SCRAPE SERVE[=]ReqMETA: 200::GET
[=]SCRAPE SERVE[=]A[HREF]::Link request received at https://www.ancientfaith.com/podcasts/easternchristianinsights/
[=]SCRAPE SERVE[=]LINK(s) EXTRACTED: /about/
[=]SCRAPE SERVE[=]ReqMETA: 200::GET
[=]SCRAPE SERVE[=]A[HREF]::Link request received at https://www.ancientfaith.com/podcasts/easternchristianinsights/
[=]SCRAPE SERVE[=]LINK(s) EXTRACTED: https://store.ancientfaith.com
[=]SCRAPE SERVE[=]ReqMETA: 200::GET
[=]SCRAPE SERVE[=]A[HREF]::Link request received at https://www.ancientfaith.com/podcasts/easternchristianinsights/
[=]SCRAPE SERVE[=]LINK(s) EXTRACTED: https://www.facebook.com/ancientfaithministries
[=]SCRAPE SERVE[=]ReqMETA: 200::GET
[=]SCRAPE SERVE[=]A[HREF]::Link request received at https://www.ancientfaith.com/podcasts/easternchristianinsights/
[=]SCRAPE SERVE[=]LINK(s) EXTRACTED: https://www.youtube.com/@AncientFaithMinistries
[=]SCRAPE SERVE[=]ReqMETA: 200::GET
[=]SCRAPE SERVE[=]A[HREF]::Link request received at https://www.ancientfaith.com/podcasts/easternchristianinsights/
[=]SCRAPE SERVE[=]LINK(s) EXTRACTED: https://www.instagram.com/ancientfaithministries/
[=]SCRAPE SERVE[=]ReqMETA: 200::GET
[=]SCRAPE SERVE[=]A[HREF]::Link request received at https://www.ancientfaith.com/podcasts/easternchristianinsights/
[=]SCRAPE SERVE[=]LINK(s) EXTRACTED: https://www.tiktok.com/@ancientfaithministries
[=]SCRAPE SERVE[=]ReqMETA: 200::GET
[=]SCRAPE SERVE[=]A[HREF]::Link request received at https://www.ancientfaith.com/podcasts/easternchristianinsights/
[=]SCRAPE SERVE[=]LINK(s) EXTRACTED: /
[=]SCRAPE SERVE[=]ReqMETA: 200::GET
[=]SCRAPE SERVE[=]A[HREF]::Link request received at https://www.ancientfaith.com/podcasts/easternchristianinsights/
[=]SCRAPE SERVE[=]LINK(s) EXTRACTED: /topics/Ancient-Faith-Kids/
[=]SCRAPE SERVE[=]ReqMETA: 200::GET
[=]SCRAPE SERVE[=]A[HREF]::Link request received at https://www.ancientfaith.com/podcasts/easternchristianinsights/
[=]SCRAPE SERVE[=]LINK(s) EXTRACTED: https://www.facebook.com/ancientfaithkids
[=]SCRAPE SERVE[=]ReqMETA: 200::GET
[=]SCRAPE SERVE[=]A[HREF]::Link request received at https://www.ancientfaith.com/podcasts/easternchristianinsights/
[=]SCRAPE SERVE[=]LINK(s) EXTRACTED: https://www.youtube.com/@ancientfaith4kids
[=]SCRAPE SERVE[=]ReqMETA: 200::GET
[=]SCRAPE SERVE[=]A[HREF]::Link request received at https://www.ancientfaith.com/podcasts/easternchristianinsights/
[=]SCRAPE SERVE[=]LINK(s) EXTRACTED: https://www.instagram.com/ancientfaithkids/
[=]SCRAPE SERVE[=]ReqMETA: 200::GET
[=]SCRAPE SERVE[=]A[HREF]::Link request received at https://www.ancientfaith.com/podcasts/easternchristianinsights/
[=]SCRAPE SERVE[=]LINK(s) EXTRACTED: https://afm.kindful.com/?campaign=1193135
[=]SCRAPE SERVE[=]ReqMETA: 200::GET
[=]SCRAPE SERVE[=]A[HREF]::Link request received at https://www.ancientfaith.com/podcasts/easternchristianinsights/
[=]SCRAPE SERVE[=]LINK(s) EXTRACTED: 
[=]SCRAPE SERVE[=]ReqMETA: 200::GET
[=]SCRAPE SERVE[=]A[HREF]::Link request received at https://www.ancientfaith.com/podcasts/easternchristianinsights/
[=]SCRAPE SERVE[=]LINK(s) EXTRACTED: 
[=]SCRAPE SERVE[=]ReqMETA: 200::GET
[=]SCRAPE SERVE[=]A[HREF]::Link request received at https://www.ancientfaith.com/podcasts/easternchristianinsights/
[=]SCRAPE SERVE[=]LINK(s) EXTRACTED: 
[=]SCRAPE SERVE[=]ReqMETA: 200::GET
[=]SCRAPE SERVE[=]visiting https://www.ancientfaith.com/podcasts/features/
[=]SCRAPE SERVE[=]response received 200
[=]SCRAPE SERVE[=]A[HREF]::Link request received at https://www.ancientfaith.com/podcasts/features/
[=]SCRAPE SERVE[=]LINK(s) EXTRACTED: /
[=]SCRAPE SERVE[=]ReqMETA: 200::GET
[=]SCRAPE SERVE[=]A[HREF]::Link request received at https://www.ancientfaith.com/podcasts/features/
[=]SCRAPE SERVE[=]LINK(s) EXTRACTED: /radio/
[=]SCRAPE SERVE[=]ReqMETA: 200::GET
[=]SCRAPE SERVE[=]A[HREF]::Link request received at https://www.ancientfaith.com/podcasts/features/
[=]SCRAPE SERVE[=]LINK(s) EXTRACTED: /radio/live-shows/
[=]SCRAPE SERVE[=]ReqMETA: 200::GET
[=]SCRAPE SERVE[=]A[HREF]::Link request received at https://www.ancientfaith.com/podcasts/features/
[=]SCRAPE SERVE[=]LINK(s) EXTRACTED: /podcasts/
[=]SCRAPE SERVE[=]ReqMETA: 200::GET
[=]SCRAPE SERVE[=]A[HREF]::Link request received at https://www.ancientfaith.com/podcasts/features/
[=]SCRAPE SERVE[=]LINK(s) EXTRACTED: /radio/sponsorships/
[=]SCRAPE SERVE[=]ReqMETA: 200::GET
[=]SCRAPE SERVE[=]A[HREF]::Link request received at https://www.ancientfaith.com/podcasts/features/
[=]SCRAPE SERVE[=]LINK(s) EXTRACTED: /radio/digital-m/
[=]SCRAPE SERVE[=]ReqMETA: 200::GET
[=]SCRAPE SERVE[=]A[HREF]::Link request received at https://www.ancientfaith.com/podcasts/features/
[=]SCRAPE SERVE[=]LINK(s) EXTRACTED: /publishing/
[=]SCRAPE SERVE[=]ReqMETA: 200::GET
[=]SCRAPE SERVE[=]A[HREF]::Link request received at https://www.ancientfaith.com/podcasts/features/
[=]SCRAPE SERVE[=]LINK(s) EXTRACTED: /topics/Ancient-Faith-Kids/
[=]SCRAPE SERVE[=]ReqMETA: 200::GET
[=]SCRAPE SERVE[=]A[HREF]::Link request received at https://www.ancientfaith.com/podcasts/features/
[=]SCRAPE SERVE[=]LINK(s) EXTRACTED: /events/
[=]SCRAPE SERVE[=]ReqMETA: 200::GET
[=]SCRAPE SERVE[=]A[HREF]::Link request received at https://www.ancientfaith.com/podcasts/features/
[=]SCRAPE SERVE[=]LINK(s) EXTRACTED: /support/
[=]SCRAPE SERVE[=]ReqMETA: 200::GET
[=]SCRAPE SERVE[=]A[HREF]::Link request received at https://www.ancientfaith.com/podcasts/features/
[=]SCRAPE SERVE[=]LINK(s) EXTRACTED: /about/
[=]SCRAPE SERVE[=]ReqMETA: 200::GET
[=]SCRAPE SERVE[=]A[HREF]::Link request received at https://www.ancientfaith.com/podcasts/features/
[=]SCRAPE SERVE[=]LINK(s) EXTRACTED: /ceo-journal/
[=]SCRAPE SERVE[=]ReqMETA: 200::GET
[=]SCRAPE SERVE[=]A[HREF]::Link request received at https://www.ancientfaith.com/podcasts/features/
[=]SCRAPE SERVE[=]LINK(s) EXTRACTED: https://store.ancientfaith.com/
[=]SCRAPE SERVE[=]ReqMETA: 200::GET
[=]SCRAPE SERVE[=]A[HREF]::Link request received at https://www.ancientfaith.com/podcasts/features/
[=]SCRAPE SERVE[=]LINK(s) EXTRACTED: /login/
[=]SCRAPE SERVE[=]ReqMETA: 200::GET
[=]SCRAPE SERVE[=]A[HREF]::Link request received at https://www.ancientfaith.com/podcasts/features/
[=]SCRAPE SERVE[=]LINK(s) EXTRACTED: /radio/
[=]SCRAPE SERVE[=]ReqMETA: 200::GET
[=]SCRAPE SERVE[=]A[HREF]::Link request received at https://www.ancientfaith.com/podcasts/features/
[=]SCRAPE SERVE[=]LINK(s) EXTRACTED: /radio/live-shows/
[=]SCRAPE SERVE[=]ReqMETA: 200::GET
[=]SCRAPE SERVE[=]A[HREF]::Link request received at https://www.ancientfaith.com/podcasts/features/
[=]SCRAPE SERVE[=]LINK(s) EXTRACTED: /podcasts/
[=]SCRAPE SERVE[=]ReqMETA: 200::GET
[=]SCRAPE SERVE[=]A[HREF]::Link request received at https://www.ancientfaith.com/podcasts/features/
[=]SCRAPE SERVE[=]LINK(s) EXTRACTED: /radio/sponsorships/
[=]SCRAPE SERVE[=]ReqMETA: 200::GET
[=]SCRAPE SERVE[=]A[HREF]::Link request received at https://www.ancientfaith.com/podcasts/features/
[=]SCRAPE SERVE[=]LINK(s) EXTRACTED: /radio/digital-m/
[=]SCRAPE SERVE[=]ReqMETA: 200::GET
[=]SCRAPE SERVE[=]A[HREF]::Link request received at https://www.ancientfaith.com/podcasts/features/
[=]SCRAPE SERVE[=]LINK(s) EXTRACTED: /publishing/
[=]SCRAPE SERVE[=]ReqMETA: 200::GET
[=]SCRAPE SERVE[=]A[HREF]::Link request received at https://www.ancientfaith.com/podcasts/features/
[=]SCRAPE SERVE[=]LINK(s) EXTRACTED: /topics/Ancient-Faith-Kids/
[=]SCRAPE SERVE[=]ReqMETA: 200::GET
[=]SCRAPE SERVE[=]A[HREF]::Link request received at https://www.ancientfaith.com/podcasts/features/
[=]SCRAPE SERVE[=]LINK(s) EXTRACTED: /events/
[=]SCRAPE SERVE[=]ReqMETA: 200::GET
[=]SCRAPE SERVE[=]A[HREF]::Link request received at https://www.ancientfaith.com/podcasts/features/
[=]SCRAPE SERVE[=]LINK(s) EXTRACTED: /support/
[=]SCRAPE SERVE[=]ReqMETA: 200::GET
[=]SCRAPE SERVE[=]A[HREF]::Link request received at https://www.ancientfaith.com/podcasts/features/
[=]SCRAPE SERVE[=]LINK(s) EXTRACTED: /about/
[=]SCRAPE SERVE[=]ReqMETA: 200::GET
[=]SCRAPE SERVE[=]A[HREF]::Link request received at https://www.ancientfaith.com/podcasts/features/
[=]SCRAPE SERVE[=]LINK(s) EXTRACTED: /ceo-journal/
[=]SCRAPE SERVE[=]ReqMETA: 200::GET
[=]SCRAPE SERVE[=]A[HREF]::Link request received at https://www.ancientfaith.com/podcasts/features/
[=]SCRAPE SERVE[=]LINK(s) EXTRACTED: https://store.ancientfaith.com/
[=]SCRAPE SERVE[=]ReqMETA: 200::GET
[=]SCRAPE SERVE[=]A[HREF]::Link request received at https://www.ancientfaith.com/podcasts/features/
[=]SCRAPE SERVE[=]LINK(s) EXTRACTED: /login/
[=]SCRAPE SERVE[=]ReqMETA: 200::GET
[=]SCRAPE SERVE[=]A[HREF]::Link request received at https://www.ancientfaith.com/podcasts/features/
[=]SCRAPE SERVE[=]LINK(s) EXTRACTED: https://feeds.ancientfaith.com/features
[=]SCRAPE SERVE[=]ReqMETA: 200::GET
[=]SCRAPE SERVE[=]A[HREF]::Link request received at https://www.ancientfaith.com/podcasts/features/
[=]SCRAPE SERVE[=]LINK(s) EXTRACTED: https://podcasts.apple.com/us/podcast/id276532135
[=]SCRAPE SERVE[=]ReqMETA: 200::GET
[=]SCRAPE SERVE[=]A[HREF]::Link request received at https://www.ancientfaith.com/podcasts/features/
[=]SCRAPE SERVE[=]LINK(s) EXTRACTED: https://web.charityengine.net/Default.aspx?tsid=31584
[=]SCRAPE SERVE[=]ReqMETA: 200::GET
[=]SCRAPE SERVE[=]A[HREF]::Link request received at https://www.ancientfaith.com/podcasts/features/
[=]SCRAPE SERVE[=]LINK(s) EXTRACTED: /podcasts/features/?page=2
[=]SCRAPE SERVE[=]ReqMETA: 200::GET
[=]SCRAPE SERVE[=]A[HREF]::Link request received at https://www.ancientfaith.com/podcasts/features/
[=]SCRAPE SERVE[=]LINK(s) EXTRACTED: /podcasts/features/?page=135
[=]SCRAPE SERVE[=]ReqMETA: 200::GET
[=]SCRAPE SERVE[=]A[HREF]::Link request received at https://www.ancientfaith.com/podcasts/features/
[=]SCRAPE SERVE[=]LINK(s) EXTRACTED: /podcasts/features/the-order-of-saint-ignatius-its-history-structure-and-mission/
[=]SCRAPE SERVE[=]ReqMETA: 200::GET
[=]SCRAPE SERVE[=]A[HREF]::Link request received at https://www.ancientfaith.com/podcasts/features/
[=]SCRAPE SERVE[=]LINK(s) EXTRACTED: /podcasts/features/lets-build-our-church-w-nicholas-malara/
[=]SCRAPE SERVE[=]ReqMETA: 200::GET
[=]SCRAPE SERVE[=]A[HREF]::Link request received at https://www.ancientfaith.com/podcasts/features/
[=]SCRAPE SERVE[=]LINK(s) EXTRACTED: /podcasts/features/the-voyage-of-saint-brendan-w-mike-stonelake/
[=]SCRAPE SERVE[=]ReqMETA: 200::GET
[=]SCRAPE SERVE[=]A[HREF]::Link request received at https://www.ancientfaith.com/podcasts/features/
[=]SCRAPE SERVE[=]LINK(s) EXTRACTED: /podcasts/features/prayers-in-the-dark-w-fr-lawrence-farley/
[=]SCRAPE SERVE[=]ReqMETA: 200::GET
[=]SCRAPE SERVE[=]A[HREF]::Link request received at https://www.ancientfaith.com/podcasts/features/
[=]SCRAPE SERVE[=]LINK(s) EXTRACTED: /podcasts/features/a-saints-guide-to-praying-with-your-feet-w-amber-prather/
[=]SCRAPE SERVE[=]ReqMETA: 200::GET
[=]SCRAPE SERVE[=]A[HREF]::Link request received at https://www.ancientfaith.com/podcasts/features/
[=]SCRAPE SERVE[=]LINK(s) EXTRACTED: /podcasts/features/?page=2
[=]SCRAPE SERVE[=]ReqMETA: 200::GET
[=]SCRAPE SERVE[=]A[HREF]::Link request received at https://www.ancientfaith.com/podcasts/features/
[=]SCRAPE SERVE[=]LINK(s) EXTRACTED: /podcasts/features/?page=135
[=]SCRAPE SERVE[=]ReqMETA: 200::GET
[=]SCRAPE SERVE[=]A[HREF]::Link request received at https://www.ancientfaith.com/podcasts/features/
[=]SCRAPE SERVE[=]LINK(s) EXTRACTED: /contributors/melanie-derenzo/
[=]SCRAPE SERVE[=]ReqMETA: 200::GET
[=]SCRAPE SERVE[=]A[HREF]::Link request received at https://www.ancientfaith.com/podcasts/features/
[=]SCRAPE SERVE[=]LINK(s) EXTRACTED: mailto:afpresents@ancientfaith.com
[=]SCRAPE SERVE[=]ReqMETA: 200::GET
[=]SCRAPE SERVE[=]A[HREF]::Link request received at https://www.ancientfaith.com/podcasts/features/
[=]SCRAPE SERVE[=]LINK(s) EXTRACTED: /podcasts/afdocumentaries/
[=]SCRAPE SERVE[=]ReqMETA: 200::GET
[=]SCRAPE SERVE[=]A[HREF]::Link request received at https://www.ancientfaith.com/podcasts/features/
[=]SCRAPE SERVE[=]LINK(s) EXTRACTED: /podcasts/contentcreators/
[=]SCRAPE SERVE[=]ReqMETA: 200::GET
[=]SCRAPE SERVE[=]A[HREF]::Link request received at https://www.ancientfaith.com/podcasts/features/
[=]SCRAPE SERVE[=]LINK(s) EXTRACTED: /podcasts/chapters/
[=]SCRAPE SERVE[=]ReqMETA: 200::GET
[=]SCRAPE SERVE[=]A[HREF]::Link request received at https://www.ancientfaith.com/podcasts/features/
[=]SCRAPE SERVE[=]LINK(s) EXTRACTED: /podcasts/commentaries/
[=]SCRAPE SERVE[=]ReqMETA: 200::GET
[=]SCRAPE SERVE[=]A[HREF]::Link request received at https://www.ancientfaith.com/podcasts/features/
[=]SCRAPE SERVE[=]LINK(s) EXTRACTED: /podcasts/exlibris/
[=]SCRAPE SERVE[=]ReqMETA: 200::GET
[=]SCRAPE SERVE[=]A[HREF]::Link request received at https://www.ancientfaith.com/podcasts/features/
[=]SCRAPE SERVE[=]LINK(s) EXTRACTED: /workwithus/
[=]SCRAPE SERVE[=]ReqMETA: 200::GET
[=]SCRAPE SERVE[=]A[HREF]::Link request received at https://www.ancientfaith.com/podcasts/features/
[=]SCRAPE SERVE[=]LINK(s) EXTRACTED: /about/
[=]SCRAPE SERVE[=]ReqMETA: 200::GET
[=]SCRAPE SERVE[=]A[HREF]::Link request received at https://www.ancientfaith.com/podcasts/features/
[=]SCRAPE SERVE[=]LINK(s) EXTRACTED: /support/
[=]SCRAPE SERVE[=]ReqMETA: 200::GET
[=]SCRAPE SERVE[=]A[HREF]::Link request received at https://www.ancientfaith.com/podcasts/features/
[=]SCRAPE SERVE[=]LINK(s) EXTRACTED: /about/
[=]SCRAPE SERVE[=]ReqMETA: 200::GET
[=]SCRAPE SERVE[=]A[HREF]::Link request received at https://www.ancientfaith.com/podcasts/features/
[=]SCRAPE SERVE[=]LINK(s) EXTRACTED: https://store.ancientfaith.com
[=]SCRAPE SERVE[=]ReqMETA: 200::GET
[=]SCRAPE SERVE[=]A[HREF]::Link request received at https://www.ancientfaith.com/podcasts/features/
[=]SCRAPE SERVE[=]LINK(s) EXTRACTED: https://www.facebook.com/ancientfaithministries
[=]SCRAPE SERVE[=]ReqMETA: 200::GET
[=]SCRAPE SERVE[=]A[HREF]::Link request received at https://www.ancientfaith.com/podcasts/features/
[=]SCRAPE SERVE[=]LINK(s) EXTRACTED: https://www.youtube.com/@AncientFaithMinistries
[=]SCRAPE SERVE[=]ReqMETA: 200::GET
[=]SCRAPE SERVE[=]A[HREF]::Link request received at https://www.ancientfaith.com/podcasts/features/
[=]SCRAPE SERVE[=]LINK(s) EXTRACTED: https://www.instagram.com/ancientfaithministries/
[=]SCRAPE SERVE[=]ReqMETA: 200::GET
[=]SCRAPE SERVE[=]A[HREF]::Link request received at https://www.ancientfaith.com/podcasts/features/
[=]SCRAPE SERVE[=]LINK(s) EXTRACTED: https://www.tiktok.com/@ancientfaithministries
[=]SCRAPE SERVE[=]ReqMETA: 200::GET
[=]SCRAPE SERVE[=]A[HREF]::Link request received at https://www.ancientfaith.com/podcasts/features/
[=]SCRAPE SERVE[=]LINK(s) EXTRACTED: /
[=]SCRAPE SERVE[=]ReqMETA: 200::GET
[=]SCRAPE SERVE[=]A[HREF]::Link request received at https://www.ancientfaith.com/podcasts/features/
[=]SCRAPE SERVE[=]LINK(s) EXTRACTED: /topics/Ancient-Faith-Kids/
[=]SCRAPE SERVE[=]ReqMETA: 200::GET
[=]SCRAPE SERVE[=]A[HREF]::Link request received at https://www.ancientfaith.com/podcasts/features/
[=]SCRAPE SERVE[=]LINK(s) EXTRACTED: https://www.facebook.com/ancientfaithkids
[=]SCRAPE SERVE[=]ReqMETA: 200::GET
[=]SCRAPE SERVE[=]A[HREF]::Link request received at https://www.ancientfaith.com/podcasts/features/
[=]SCRAPE SERVE[=]LINK(s) EXTRACTED: https://www.youtube.com/@ancientfaith4kids
[=]SCRAPE SERVE[=]ReqMETA: 200::GET
[=]SCRAPE SERVE[=]A[HREF]::Link request received at https://www.ancientfaith.com/podcasts/features/
[=]SCRAPE SERVE[=]LINK(s) EXTRACTED: https://www.instagram.com/ancientfaithkids/
[=]SCRAPE SERVE[=]ReqMETA: 200::GET
[=]SCRAPE SERVE[=]A[HREF]::Link request received at https://www.ancientfaith.com/podcasts/features/
[=]SCRAPE SERVE[=]LINK(s) EXTRACTED: https://afm.kindful.com/?campaign=1193135
[=]SCRAPE SERVE[=]ReqMETA: 200::GET
[=]SCRAPE SERVE[=]A[HREF]::Link request received at https://www.ancientfaith.com/podcasts/features/
[=]SCRAPE SERVE[=]LINK(s) EXTRACTED: 
[=]SCRAPE SERVE[=]ReqMETA: 200::GET
[=]SCRAPE SERVE[=]A[HREF]::Link request received at https://www.ancientfaith.com/podcasts/features/
[=]SCRAPE SERVE[=]LINK(s) EXTRACTED: 
[=]SCRAPE SERVE[=]ReqMETA: 200::GET
[=]SCRAPE SERVE[=]A[HREF]::Link request received at https://www.ancientfaith.com/podcasts/features/
[=]SCRAPE SERVE[=]LINK(s) EXTRACTED: 
[=]SCRAPE SERVE[=]ReqMETA: 200::GET
[=]SCRAPE SERVE[=]visiting https://www.ancientfaith.com/podcasts/fr-andrew-stephen-damick-lectures/
[=]SCRAPE SERVE[=]response received 200
[=]SCRAPE SERVE[=]A[HREF]::Link request received at https://www.ancientfaith.com/podcasts/fr-andrew-stephen-damick-lectures/
[=]SCRAPE SERVE[=]LINK(s) EXTRACTED: /
[=]SCRAPE SERVE[=]ReqMETA: 200::GET
[=]SCRAPE SERVE[=]A[HREF]::Link request received at https://www.ancientfaith.com/podcasts/fr-andrew-stephen-damick-lectures/
[=]SCRAPE SERVE[=]LINK(s) EXTRACTED: /radio/
[=]SCRAPE SERVE[=]ReqMETA: 200::GET
[=]SCRAPE SERVE[=]A[HREF]::Link request received at https://www.ancientfaith.com/podcasts/fr-andrew-stephen-damick-lectures/
[=]SCRAPE SERVE[=]LINK(s) EXTRACTED: /radio/live-shows/
[=]SCRAPE SERVE[=]ReqMETA: 200::GET
[=]SCRAPE SERVE[=]A[HREF]::Link request received at https://www.ancientfaith.com/podcasts/fr-andrew-stephen-damick-lectures/
[=]SCRAPE SERVE[=]LINK(s) EXTRACTED: /podcasts/
[=]SCRAPE SERVE[=]ReqMETA: 200::GET
[=]SCRAPE SERVE[=]A[HREF]::Link request received at https://www.ancientfaith.com/podcasts/fr-andrew-stephen-damick-lectures/
[=]SCRAPE SERVE[=]LINK(s) EXTRACTED: /radio/sponsorships/
[=]SCRAPE SERVE[=]ReqMETA: 200::GET
[=]SCRAPE SERVE[=]A[HREF]::Link request received at https://www.ancientfaith.com/podcasts/fr-andrew-stephen-damick-lectures/
[=]SCRAPE SERVE[=]LINK(s) EXTRACTED: /radio/digital-m/
[=]SCRAPE SERVE[=]ReqMETA: 200::GET
[=]SCRAPE SERVE[=]A[HREF]::Link request received at https://www.ancientfaith.com/podcasts/fr-andrew-stephen-damick-lectures/
[=]SCRAPE SERVE[=]LINK(s) EXTRACTED: /publishing/
[=]SCRAPE SERVE[=]ReqMETA: 200::GET
[=]SCRAPE SERVE[=]A[HREF]::Link request received at https://www.ancientfaith.com/podcasts/fr-andrew-stephen-damick-lectures/
[=]SCRAPE SERVE[=]LINK(s) EXTRACTED: /topics/Ancient-Faith-Kids/
[=]SCRAPE SERVE[=]ReqMETA: 200::GET
[=]SCRAPE SERVE[=]A[HREF]::Link request received at https://www.ancientfaith.com/podcasts/fr-andrew-stephen-damick-lectures/
[=]SCRAPE SERVE[=]LINK(s) EXTRACTED: /events/
[=]SCRAPE SERVE[=]ReqMETA: 200::GET
[=]SCRAPE SERVE[=]A[HREF]::Link request received at https://www.ancientfaith.com/podcasts/fr-andrew-stephen-damick-lectures/
[=]SCRAPE SERVE[=]LINK(s) EXTRACTED: /support/
[=]SCRAPE SERVE[=]ReqMETA: 200::GET
[=]SCRAPE SERVE[=]A[HREF]::Link request received at https://www.ancientfaith.com/podcasts/fr-andrew-stephen-damick-lectures/
[=]SCRAPE SERVE[=]LINK(s) EXTRACTED: /about/
[=]SCRAPE SERVE[=]ReqMETA: 200::GET
[=]SCRAPE SERVE[=]A[HREF]::Link request received at https://www.ancientfaith.com/podcasts/fr-andrew-stephen-damick-lectures/
[=]SCRAPE SERVE[=]LINK(s) EXTRACTED: /ceo-journal/
[=]SCRAPE SERVE[=]ReqMETA: 200::GET
[=]SCRAPE SERVE[=]A[HREF]::Link request received at https://www.ancientfaith.com/podcasts/fr-andrew-stephen-damick-lectures/
[=]SCRAPE SERVE[=]LINK(s) EXTRACTED: https://store.ancientfaith.com/
[=]SCRAPE SERVE[=]ReqMETA: 200::GET
[=]SCRAPE SERVE[=]A[HREF]::Link request received at https://www.ancientfaith.com/podcasts/fr-andrew-stephen-damick-lectures/
[=]SCRAPE SERVE[=]LINK(s) EXTRACTED: /login/
[=]SCRAPE SERVE[=]ReqMETA: 200::GET
[=]SCRAPE SERVE[=]A[HREF]::Link request received at https://www.ancientfaith.com/podcasts/fr-andrew-stephen-damick-lectures/
[=]SCRAPE SERVE[=]LINK(s) EXTRACTED: /radio/
[=]SCRAPE SERVE[=]ReqMETA: 200::GET
[=]SCRAPE SERVE[=]A[HREF]::Link request received at https://www.ancientfaith.com/podcasts/fr-andrew-stephen-damick-lectures/
[=]SCRAPE SERVE[=]LINK(s) EXTRACTED: /radio/live-shows/
[=]SCRAPE SERVE[=]ReqMETA: 200::GET
[=]SCRAPE SERVE[=]A[HREF]::Link request received at https://www.ancientfaith.com/podcasts/fr-andrew-stephen-damick-lectures/
[=]SCRAPE SERVE[=]LINK(s) EXTRACTED: /podcasts/
[=]SCRAPE SERVE[=]ReqMETA: 200::GET
[=]SCRAPE SERVE[=]A[HREF]::Link request received at https://www.ancientfaith.com/podcasts/fr-andrew-stephen-damick-lectures/
[=]SCRAPE SERVE[=]LINK(s) EXTRACTED: /radio/sponsorships/
[=]SCRAPE SERVE[=]ReqMETA: 200::GET
[=]SCRAPE SERVE[=]A[HREF]::Link request received at https://www.ancientfaith.com/podcasts/fr-andrew-stephen-damick-lectures/
[=]SCRAPE SERVE[=]LINK(s) EXTRACTED: /radio/digital-m/
[=]SCRAPE SERVE[=]ReqMETA: 200::GET
[=]SCRAPE SERVE[=]A[HREF]::Link request received at https://www.ancientfaith.com/podcasts/fr-andrew-stephen-damick-lectures/
[=]SCRAPE SERVE[=]LINK(s) EXTRACTED: /publishing/
[=]SCRAPE SERVE[=]ReqMETA: 200::GET
[=]SCRAPE SERVE[=]A[HREF]::Link request received at https://www.ancientfaith.com/podcasts/fr-andrew-stephen-damick-lectures/
[=]SCRAPE SERVE[=]LINK(s) EXTRACTED: /topics/Ancient-Faith-Kids/
[=]SCRAPE SERVE[=]ReqMETA: 200::GET
[=]SCRAPE SERVE[=]A[HREF]::Link request received at https://www.ancientfaith.com/podcasts/fr-andrew-stephen-damick-lectures/
[=]SCRAPE SERVE[=]LINK(s) EXTRACTED: /events/
[=]SCRAPE SERVE[=]ReqMETA: 200::GET
[=]SCRAPE SERVE[=]A[HREF]::Link request received at https://www.ancientfaith.com/podcasts/fr-andrew-stephen-damick-lectures/
[=]SCRAPE SERVE[=]LINK(s) EXTRACTED: /support/
[=]SCRAPE SERVE[=]ReqMETA: 200::GET
[=]SCRAPE SERVE[=]A[HREF]::Link request received at https://www.ancientfaith.com/podcasts/fr-andrew-stephen-damick-lectures/
[=]SCRAPE SERVE[=]LINK(s) EXTRACTED: /about/
[=]SCRAPE SERVE[=]ReqMETA: 200::GET
[=]SCRAPE SERVE[=]A[HREF]::Link request received at https://www.ancientfaith.com/podcasts/fr-andrew-stephen-damick-lectures/
[=]SCRAPE SERVE[=]LINK(s) EXTRACTED: /ceo-journal/
[=]SCRAPE SERVE[=]ReqMETA: 200::GET
[=]SCRAPE SERVE[=]A[HREF]::Link request received at https://www.ancientfaith.com/podcasts/fr-andrew-stephen-damick-lectures/
[=]SCRAPE SERVE[=]LINK(s) EXTRACTED: https://store.ancientfaith.com/
[=]SCRAPE SERVE[=]ReqMETA: 200::GET
[=]SCRAPE SERVE[=]A[HREF]::Link request received at https://www.ancientfaith.com/podcasts/fr-andrew-stephen-damick-lectures/
[=]SCRAPE SERVE[=]LINK(s) EXTRACTED: /login/
[=]SCRAPE SERVE[=]ReqMETA: 200::GET
[=]SCRAPE SERVE[=]A[HREF]::Link request received at https://www.ancientfaith.com/podcasts/fr-andrew-stephen-damick-lectures/
[=]SCRAPE SERVE[=]LINK(s) EXTRACTED: https://feeds.ancientfaith.com/fr-andrew-stephen-damick-lectures
[=]SCRAPE SERVE[=]ReqMETA: 200::GET
[=]SCRAPE SERVE[=]A[HREF]::Link request received at https://www.ancientfaith.com/podcasts/fr-andrew-stephen-damick-lectures/
[=]SCRAPE SERVE[=]LINK(s) EXTRACTED: https://web.charityengine.net/Default.aspx?tsid=31584
[=]SCRAPE SERVE[=]ReqMETA: 200::GET
[=]SCRAPE SERVE[=]A[HREF]::Link request received at https://www.ancientfaith.com/podcasts/fr-andrew-stephen-damick-lectures/
[=]SCRAPE SERVE[=]LINK(s) EXTRACTED: /podcasts/fr-andrew-stephen-damick-lectures/?page=2
[=]SCRAPE SERVE[=]ReqMETA: 200::GET
[=]SCRAPE SERVE[=]A[HREF]::Link request received at https://www.ancientfaith.com/podcasts/fr-andrew-stephen-damick-lectures/
[=]SCRAPE SERVE[=]LINK(s) EXTRACTED: /podcasts/fr-andrew-stephen-damick-lectures/?page=4
[=]SCRAPE SERVE[=]ReqMETA: 200::GET
[=]SCRAPE SERVE[=]A[HREF]::Link request received at https://www.ancientfaith.com/podcasts/fr-andrew-stephen-damick-lectures/
[=]SCRAPE SERVE[=]LINK(s) EXTRACTED: /podcasts/fr-andrew-stephen-damick-lectures/baptism-into-data-orthodox-christian-reflections-and-comparisons-with-evangelical-evangelism/
[=]SCRAPE SERVE[=]ReqMETA: 200::GET
[=]SCRAPE SERVE[=]A[HREF]::Link request received at https://www.ancientfaith.com/podcasts/fr-andrew-stephen-damick-lectures/
[=]SCRAPE SERVE[=]LINK(s) EXTRACTED: /podcasts/fr-andrew-stephen-damick-lectures/an-introduction-to-god-encountering-the-divine-in-orthodox-christianity/
[=]SCRAPE SERVE[=]ReqMETA: 200::GET
[=]SCRAPE SERVE[=]A[HREF]::Link request received at https://www.ancientfaith.com/podcasts/fr-andrew-stephen-damick-lectures/
[=]SCRAPE SERVE[=]LINK(s) EXTRACTED: /podcasts/fr-andrew-stephen-damick-lectures/as-unknown-and-yet-well-known-introducing-the-orthodox-church-in-american-culture/
[=]SCRAPE SERVE[=]ReqMETA: 200::GET
[=]SCRAPE SERVE[=]A[HREF]::Link request received at https://www.ancientfaith.com/podcasts/fr-andrew-stephen-damick-lectures/
[=]SCRAPE SERVE[=]LINK(s) EXTRACTED: /podcasts/fr-andrew-stephen-damick-lectures/doctrine-matters/
[=]SCRAPE SERVE[=]ReqMETA: 200::GET
[=]SCRAPE SERVE[=]A[HREF]::Link request received at https://www.ancientfaith.com/podcasts/fr-andrew-stephen-damick-lectures/
[=]SCRAPE SERVE[=]LINK(s) EXTRACTED: /podcasts/fr-andrew-stephen-damick-lectures/the-transfiguration-of-place-an-orthodox-christian-vision-of-localism/
[=]SCRAPE SERVE[=]ReqMETA: 200::GET
[=]SCRAPE SERVE[=]A[HREF]::Link request received at https://www.ancientfaith.com/podcasts/fr-andrew-stephen-damick-lectures/
[=]SCRAPE SERVE[=]LINK(s) EXTRACTED: /podcasts/fr-andrew-stephen-damick-lectures/?page=2
[=]SCRAPE SERVE[=]ReqMETA: 200::GET
[=]SCRAPE SERVE[=]A[HREF]::Link request received at https://www.ancientfaith.com/podcasts/fr-andrew-stephen-damick-lectures/
[=]SCRAPE SERVE[=]LINK(s) EXTRACTED: /podcasts/fr-andrew-stephen-damick-lectures/?page=4
[=]SCRAPE SERVE[=]ReqMETA: 200::GET
[=]SCRAPE SERVE[=]A[HREF]::Link request received at https://www.ancientfaith.com/podcasts/fr-andrew-stephen-damick-lectures/
[=]SCRAPE SERVE[=]LINK(s) EXTRACTED: /contributors/andrew_stephen_damick/
[=]SCRAPE SERVE[=]ReqMETA: 200::GET
[=]SCRAPE SERVE[=]A[HREF]::Link request received at https://www.ancientfaith.com/podcasts/fr-andrew-stephen-damick-lectures/
[=]SCRAPE SERVE[=]LINK(s) EXTRACTED: mailto:podcasts@ancientfaith.com
[=]SCRAPE SERVE[=]ReqMETA: 200::GET
[=]SCRAPE SERVE[=]A[HREF]::Link request received at https://www.ancientfaith.com/podcasts/fr-andrew-stephen-damick-lectures/
[=]SCRAPE SERVE[=]LINK(s) EXTRACTED: /workwithus/
[=]SCRAPE SERVE[=]ReqMETA: 200::GET
[=]SCRAPE SERVE[=]A[HREF]::Link request received at https://www.ancientfaith.com/podcasts/fr-andrew-stephen-damick-lectures/
[=]SCRAPE SERVE[=]LINK(s) EXTRACTED: /about/
[=]SCRAPE SERVE[=]ReqMETA: 200::GET
[=]SCRAPE SERVE[=]A[HREF]::Link request received at https://www.ancientfaith.com/podcasts/fr-andrew-stephen-damick-lectures/
[=]SCRAPE SERVE[=]LINK(s) EXTRACTED: /support/
[=]SCRAPE SERVE[=]ReqMETA: 200::GET
[=]SCRAPE SERVE[=]A[HREF]::Link request received at https://www.ancientfaith.com/podcasts/fr-andrew-stephen-damick-lectures/
[=]SCRAPE SERVE[=]LINK(s) EXTRACTED: /about/
[=]SCRAPE SERVE[=]ReqMETA: 200::GET
[=]SCRAPE SERVE[=]A[HREF]::Link request received at https://www.ancientfaith.com/podcasts/fr-andrew-stephen-damick-lectures/
[=]SCRAPE SERVE[=]LINK(s) EXTRACTED: https://store.ancientfaith.com
[=]SCRAPE SERVE[=]ReqMETA: 200::GET
[=]SCRAPE SERVE[=]A[HREF]::Link request received at https://www.ancientfaith.com/podcasts/fr-andrew-stephen-damick-lectures/
[=]SCRAPE SERVE[=]LINK(s) EXTRACTED: https://www.facebook.com/ancientfaithministries
[=]SCRAPE SERVE[=]ReqMETA: 200::GET
[=]SCRAPE SERVE[=]A[HREF]::Link request received at https://www.ancientfaith.com/podcasts/fr-andrew-stephen-damick-lectures/
[=]SCRAPE SERVE[=]LINK(s) EXTRACTED: https://www.youtube.com/@AncientFaithMinistries
[=]SCRAPE SERVE[=]ReqMETA: 200::GET
[=]SCRAPE SERVE[=]A[HREF]::Link request received at https://www.ancientfaith.com/podcasts/fr-andrew-stephen-damick-lectures/
[=]SCRAPE SERVE[=]LINK(s) EXTRACTED: https://www.instagram.com/ancientfaithministries/
[=]SCRAPE SERVE[=]ReqMETA: 200::GET
[=]SCRAPE SERVE[=]A[HREF]::Link request received at https://www.ancientfaith.com/podcasts/fr-andrew-stephen-damick-lectures/
[=]SCRAPE SERVE[=]LINK(s) EXTRACTED: https://www.tiktok.com/@ancientfaithministries
[=]SCRAPE SERVE[=]ReqMETA: 200::GET
[=]SCRAPE SERVE[=]A[HREF]::Link request received at https://www.ancientfaith.com/podcasts/fr-andrew-stephen-damick-lectures/
[=]SCRAPE SERVE[=]LINK(s) EXTRACTED: /
[=]SCRAPE SERVE[=]ReqMETA: 200::GET
[=]SCRAPE SERVE[=]A[HREF]::Link request received at https://www.ancientfaith.com/podcasts/fr-andrew-stephen-damick-lectures/
[=]SCRAPE SERVE[=]LINK(s) EXTRACTED: /topics/Ancient-Faith-Kids/
[=]SCRAPE SERVE[=]ReqMETA: 200::GET
[=]SCRAPE SERVE[=]A[HREF]::Link request received at https://www.ancientfaith.com/podcasts/fr-andrew-stephen-damick-lectures/
[=]SCRAPE SERVE[=]LINK(s) EXTRACTED: https://www.facebook.com/ancientfaithkids
[=]SCRAPE SERVE[=]ReqMETA: 200::GET
[=]SCRAPE SERVE[=]A[HREF]::Link request received at https://www.ancientfaith.com/podcasts/fr-andrew-stephen-damick-lectures/
[=]SCRAPE SERVE[=]LINK(s) EXTRACTED: https://www.youtube.com/@ancientfaith4kids
[=]SCRAPE SERVE[=]ReqMETA: 200::GET
[=]SCRAPE SERVE[=]A[HREF]::Link request received at https://www.ancientfaith.com/podcasts/fr-andrew-stephen-damick-lectures/
[=]SCRAPE SERVE[=]LINK(s) EXTRACTED: https://www.instagram.com/ancientfaithkids/
[=]SCRAPE SERVE[=]ReqMETA: 200::GET
[=]SCRAPE SERVE[=]A[HREF]::Link request received at https://www.ancientfaith.com/podcasts/fr-andrew-stephen-damick-lectures/
[=]SCRAPE SERVE[=]LINK(s) EXTRACTED: https://afm.kindful.com/?campaign=1193135
[=]SCRAPE SERVE[=]ReqMETA: 200::GET
[=]SCRAPE SERVE[=]A[HREF]::Link request received at https://www.ancientfaith.com/podcasts/fr-andrew-stephen-damick-lectures/
[=]SCRAPE SERVE[=]LINK(s) EXTRACTED: 
[=]SCRAPE SERVE[=]ReqMETA: 200::GET
[=]SCRAPE SERVE[=]A[HREF]::Link request received at https://www.ancientfaith.com/podcasts/fr-andrew-stephen-damick-lectures/
[=]SCRAPE SERVE[=]LINK(s) EXTRACTED: 
[=]SCRAPE SERVE[=]ReqMETA: 200::GET
[=]SCRAPE SERVE[=]A[HREF]::Link request received at https://www.ancientfaith.com/podcasts/fr-andrew-stephen-damick-lectures/
[=]SCRAPE SERVE[=]LINK(s) EXTRACTED: 
[=]SCRAPE SERVE[=]ReqMETA: 200::GET
[=]SCRAPE SERVE[=]visiting https://www.ancientfaith.com/podcasts/gods_wondrous_saints/
[=]SCRAPE SERVE[=]response received 200
[=]SCRAPE SERVE[=]A[HREF]::Link request received at https://www.ancientfaith.com/podcasts/gods_wondrous_saints/
[=]SCRAPE SERVE[=]LINK(s) EXTRACTED: /
[=]SCRAPE SERVE[=]ReqMETA: 200::GET
[=]SCRAPE SERVE[=]A[HREF]::Link request received at https://www.ancientfaith.com/podcasts/gods_wondrous_saints/
[=]SCRAPE SERVE[=]LINK(s) EXTRACTED: /radio/
[=]SCRAPE SERVE[=]ReqMETA: 200::GET
[=]SCRAPE SERVE[=]A[HREF]::Link request received at https://www.ancientfaith.com/podcasts/gods_wondrous_saints/
[=]SCRAPE SERVE[=]LINK(s) EXTRACTED: /radio/live-shows/
[=]SCRAPE SERVE[=]ReqMETA: 200::GET
[=]SCRAPE SERVE[=]A[HREF]::Link request received at https://www.ancientfaith.com/podcasts/gods_wondrous_saints/
[=]SCRAPE SERVE[=]LINK(s) EXTRACTED: /podcasts/
[=]SCRAPE SERVE[=]ReqMETA: 200::GET
[=]SCRAPE SERVE[=]A[HREF]::Link request received at https://www.ancientfaith.com/podcasts/gods_wondrous_saints/
[=]SCRAPE SERVE[=]LINK(s) EXTRACTED: /radio/sponsorships/
[=]SCRAPE SERVE[=]ReqMETA: 200::GET
[=]SCRAPE SERVE[=]A[HREF]::Link request received at https://www.ancientfaith.com/podcasts/gods_wondrous_saints/
[=]SCRAPE SERVE[=]LINK(s) EXTRACTED: /radio/digital-m/
[=]SCRAPE SERVE[=]ReqMETA: 200::GET
[=]SCRAPE SERVE[=]A[HREF]::Link request received at https://www.ancientfaith.com/podcasts/gods_wondrous_saints/
[=]SCRAPE SERVE[=]LINK(s) EXTRACTED: /publishing/
[=]SCRAPE SERVE[=]ReqMETA: 200::GET
[=]SCRAPE SERVE[=]A[HREF]::Link request received at https://www.ancientfaith.com/podcasts/gods_wondrous_saints/
[=]SCRAPE SERVE[=]LINK(s) EXTRACTED: /topics/Ancient-Faith-Kids/
[=]SCRAPE SERVE[=]ReqMETA: 200::GET
[=]SCRAPE SERVE[=]A[HREF]::Link request received at https://www.ancientfaith.com/podcasts/gods_wondrous_saints/
[=]SCRAPE SERVE[=]LINK(s) EXTRACTED: /events/
[=]SCRAPE SERVE[=]ReqMETA: 200::GET
[=]SCRAPE SERVE[=]A[HREF]::Link request received at https://www.ancientfaith.com/podcasts/gods_wondrous_saints/
[=]SCRAPE SERVE[=]LINK(s) EXTRACTED: /support/
[=]SCRAPE SERVE[=]ReqMETA: 200::GET
[=]SCRAPE SERVE[=]A[HREF]::Link request received at https://www.ancientfaith.com/podcasts/gods_wondrous_saints/
[=]SCRAPE SERVE[=]LINK(s) EXTRACTED: /about/
[=]SCRAPE SERVE[=]ReqMETA: 200::GET
[=]SCRAPE SERVE[=]A[HREF]::Link request received at https://www.ancientfaith.com/podcasts/gods_wondrous_saints/
[=]SCRAPE SERVE[=]LINK(s) EXTRACTED: /ceo-journal/
[=]SCRAPE SERVE[=]ReqMETA: 200::GET
[=]SCRAPE SERVE[=]A[HREF]::Link request received at https://www.ancientfaith.com/podcasts/gods_wondrous_saints/
[=]SCRAPE SERVE[=]LINK(s) EXTRACTED: https://store.ancientfaith.com/
[=]SCRAPE SERVE[=]ReqMETA: 200::GET
[=]SCRAPE SERVE[=]A[HREF]::Link request received at https://www.ancientfaith.com/podcasts/gods_wondrous_saints/
[=]SCRAPE SERVE[=]LINK(s) EXTRACTED: /login/
[=]SCRAPE SERVE[=]ReqMETA: 200::GET
[=]SCRAPE SERVE[=]A[HREF]::Link request received at https://www.ancientfaith.com/podcasts/gods_wondrous_saints/
[=]SCRAPE SERVE[=]LINK(s) EXTRACTED: /radio/
[=]SCRAPE SERVE[=]ReqMETA: 200::GET
[=]SCRAPE SERVE[=]A[HREF]::Link request received at https://www.ancientfaith.com/podcasts/gods_wondrous_saints/
[=]SCRAPE SERVE[=]LINK(s) EXTRACTED: /radio/live-shows/
[=]SCRAPE SERVE[=]ReqMETA: 200::GET
[=]SCRAPE SERVE[=]A[HREF]::Link request received at https://www.ancientfaith.com/podcasts/gods_wondrous_saints/
[=]SCRAPE SERVE[=]LINK(s) EXTRACTED: /podcasts/
[=]SCRAPE SERVE[=]ReqMETA: 200::GET
[=]SCRAPE SERVE[=]A[HREF]::Link request received at https://www.ancientfaith.com/podcasts/gods_wondrous_saints/
[=]SCRAPE SERVE[=]LINK(s) EXTRACTED: /radio/sponsorships/
[=]SCRAPE SERVE[=]ReqMETA: 200::GET
[=]SCRAPE SERVE[=]A[HREF]::Link request received at https://www.ancientfaith.com/podcasts/gods_wondrous_saints/
[=]SCRAPE SERVE[=]LINK(s) EXTRACTED: /radio/digital-m/
[=]SCRAPE SERVE[=]ReqMETA: 200::GET
[=]SCRAPE SERVE[=]A[HREF]::Link request received at https://www.ancientfaith.com/podcasts/gods_wondrous_saints/
[=]SCRAPE SERVE[=]LINK(s) EXTRACTED: /publishing/
[=]SCRAPE SERVE[=]ReqMETA: 200::GET
[=]SCRAPE SERVE[=]A[HREF]::Link request received at https://www.ancientfaith.com/podcasts/gods_wondrous_saints/
[=]SCRAPE SERVE[=]LINK(s) EXTRACTED: /topics/Ancient-Faith-Kids/
[=]SCRAPE SERVE[=]ReqMETA: 200::GET
[=]SCRAPE SERVE[=]A[HREF]::Link request received at https://www.ancientfaith.com/podcasts/gods_wondrous_saints/
[=]SCRAPE SERVE[=]LINK(s) EXTRACTED: /events/
[=]SCRAPE SERVE[=]ReqMETA: 200::GET
[=]SCRAPE SERVE[=]A[HREF]::Link request received at https://www.ancientfaith.com/podcasts/gods_wondrous_saints/
[=]SCRAPE SERVE[=]LINK(s) EXTRACTED: /support/
[=]SCRAPE SERVE[=]ReqMETA: 200::GET
[=]SCRAPE SERVE[=]A[HREF]::Link request received at https://www.ancientfaith.com/podcasts/gods_wondrous_saints/
[=]SCRAPE SERVE[=]LINK(s) EXTRACTED: /about/
[=]SCRAPE SERVE[=]ReqMETA: 200::GET
[=]SCRAPE SERVE[=]A[HREF]::Link request received at https://www.ancientfaith.com/podcasts/gods_wondrous_saints/
[=]SCRAPE SERVE[=]LINK(s) EXTRACTED: /ceo-journal/
[=]SCRAPE SERVE[=]ReqMETA: 200::GET
[=]SCRAPE SERVE[=]A[HREF]::Link request received at https://www.ancientfaith.com/podcasts/gods_wondrous_saints/
[=]SCRAPE SERVE[=]LINK(s) EXTRACTED: https://store.ancientfaith.com/
[=]SCRAPE SERVE[=]ReqMETA: 200::GET
[=]SCRAPE SERVE[=]A[HREF]::Link request received at https://www.ancientfaith.com/podcasts/gods_wondrous_saints/
[=]SCRAPE SERVE[=]LINK(s) EXTRACTED: /login/
[=]SCRAPE SERVE[=]ReqMETA: 200::GET
[=]SCRAPE SERVE[=]A[HREF]::Link request received at https://www.ancientfaith.com/podcasts/gods_wondrous_saints/
[=]SCRAPE SERVE[=]LINK(s) EXTRACTED: https://feeds.ancientfaith.com/gods_wondrous_saints
[=]SCRAPE SERVE[=]ReqMETA: 200::GET
[=]SCRAPE SERVE[=]A[HREF]::Link request received at https://www.ancientfaith.com/podcasts/gods_wondrous_saints/
[=]SCRAPE SERVE[=]LINK(s) EXTRACTED: https://podcasts.apple.com/us/podcast/id1774535938
[=]SCRAPE SERVE[=]ReqMETA: 200::GET
[=]SCRAPE SERVE[=]A[HREF]::Link request received at https://www.ancientfaith.com/podcasts/gods_wondrous_saints/
[=]SCRAPE SERVE[=]LINK(s) EXTRACTED: https://web.charityengine.net/Default.aspx?tsid=31584
[=]SCRAPE SERVE[=]ReqMETA: 200::GET
[=]SCRAPE SERVE[=]A[HREF]::Link request received at https://www.ancientfaith.com/podcasts/gods_wondrous_saints/
[=]SCRAPE SERVE[=]LINK(s) EXTRACTED: /podcasts/gods_wondrous_saints/?page=2
[=]SCRAPE SERVE[=]ReqMETA: 200::GET
[=]SCRAPE SERVE[=]A[HREF]::Link request received at https://www.ancientfaith.com/podcasts/gods_wondrous_saints/
[=]SCRAPE SERVE[=]LINK(s) EXTRACTED: /podcasts/gods_wondrous_saints/?page=8
[=]SCRAPE SERVE[=]ReqMETA: 200::GET
[=]SCRAPE SERVE[=]A[HREF]::Link request received at https://www.ancientfaith.com/podcasts/gods_wondrous_saints/
[=]SCRAPE SERVE[=]LINK(s) EXTRACTED: /podcasts/gods_wondrous_saints/st-innocent-of-alaska/
[=]SCRAPE SERVE[=]ReqMETA: 200::GET
[=]SCRAPE SERVE[=]A[HREF]::Link request received at https://www.ancientfaith.com/podcasts/gods_wondrous_saints/
[=]SCRAPE SERVE[=]LINK(s) EXTRACTED: /podcasts/gods_wondrous_saints/sundays-of-lent/
[=]SCRAPE SERVE[=]ReqMETA: 200::GET
[=]SCRAPE SERVE[=]A[HREF]::Link request received at https://www.ancientfaith.com/podcasts/gods_wondrous_saints/
[=]SCRAPE SERVE[=]LINK(s) EXTRACTED: /podcasts/gods_wondrous_saints/st-photini-the-samaritan-woman/
[=]SCRAPE SERVE[=]ReqMETA: 200::GET
[=]SCRAPE SERVE[=]A[HREF]::Link request received at https://www.ancientfaith.com/podcasts/gods_wondrous_saints/
[=]SCRAPE SERVE[=]LINK(s) EXTRACTED: /podcasts/gods_wondrous_saints/st-haralambos-of-magnesia/
[=]SCRAPE SERVE[=]ReqMETA: 200::GET
[=]SCRAPE SERVE[=]A[HREF]::Link request received at https://www.ancientfaith.com/podcasts/gods_wondrous_saints/
[=]SCRAPE SERVE[=]LINK(s) EXTRACTED: /podcasts/gods_wondrous_saints/st-maximus-the-confessor/
[=]SCRAPE SERVE[=]ReqMETA: 200::GET
[=]SCRAPE SERVE[=]A[HREF]::Link request received at https://www.ancientfaith.com/podcasts/gods_wondrous_saints/
[=]SCRAPE SERVE[=]LINK(s) EXTRACTED: /podcasts/gods_wondrous_saints/?page=2
[=]SCRAPE SERVE[=]ReqMETA: 200::GET
[=]SCRAPE SERVE[=]A[HREF]::Link request received at https://www.ancientfaith.com/podcasts/gods_wondrous_saints/
[=]SCRAPE SERVE[=]LINK(s) EXTRACTED: /podcasts/gods_wondrous_saints/?page=8
[=]SCRAPE SERVE[=]ReqMETA: 200::GET
[=]SCRAPE SERVE[=]A[HREF]::Link request received at https://www.ancientfaith.com/podcasts/gods_wondrous_saints/
[=]SCRAPE SERVE[=]LINK(s) EXTRACTED: /contributors/fr_alexander_eliades/
[=]SCRAPE SERVE[=]ReqMETA: 200::GET
[=]SCRAPE SERVE[=]A[HREF]::Link request received at https://www.ancientfaith.com/podcasts/gods_wondrous_saints/
[=]SCRAPE SERVE[=]LINK(s) EXTRACTED: mailto:wondrous@ancientfaith.com
[=]SCRAPE SERVE[=]ReqMETA: 200::GET
[=]SCRAPE SERVE[=]A[HREF]::Link request received at https://www.ancientfaith.com/podcasts/gods_wondrous_saints/
[=]SCRAPE SERVE[=]LINK(s) EXTRACTED: /workwithus/
[=]SCRAPE SERVE[=]ReqMETA: 200::GET
[=]SCRAPE SERVE[=]A[HREF]::Link request received at https://www.ancientfaith.com/podcasts/gods_wondrous_saints/
[=]SCRAPE SERVE[=]LINK(s) EXTRACTED: /about/
[=]SCRAPE SERVE[=]ReqMETA: 200::GET
[=]SCRAPE SERVE[=]A[HREF]::Link request received at https://www.ancientfaith.com/podcasts/gods_wondrous_saints/
[=]SCRAPE SERVE[=]LINK(s) EXTRACTED: /support/
[=]SCRAPE SERVE[=]ReqMETA: 200::GET
[=]SCRAPE SERVE[=]A[HREF]::Link request received at https://www.ancientfaith.com/podcasts/gods_wondrous_saints/
[=]SCRAPE SERVE[=]LINK(s) EXTRACTED: /about/
[=]SCRAPE SERVE[=]ReqMETA: 200::GET
[=]SCRAPE SERVE[=]A[HREF]::Link request received at https://www.ancientfaith.com/podcasts/gods_wondrous_saints/
[=]SCRAPE SERVE[=]LINK(s) EXTRACTED: https://store.ancientfaith.com
[=]SCRAPE SERVE[=]ReqMETA: 200::GET
[=]SCRAPE SERVE[=]A[HREF]::Link request received at https://www.ancientfaith.com/podcasts/gods_wondrous_saints/
[=]SCRAPE SERVE[=]LINK(s) EXTRACTED: https://www.facebook.com/ancientfaithministries
[=]SCRAPE SERVE[=]ReqMETA: 200::GET
[=]SCRAPE SERVE[=]A[HREF]::Link request received at https://www.ancientfaith.com/podcasts/gods_wondrous_saints/
[=]SCRAPE SERVE[=]LINK(s) EXTRACTED: https://www.youtube.com/@AncientFaithMinistries
[=]SCRAPE SERVE[=]ReqMETA: 200::GET
[=]SCRAPE SERVE[=]A[HREF]::Link request received at https://www.ancientfaith.com/podcasts/gods_wondrous_saints/
[=]SCRAPE SERVE[=]LINK(s) EXTRACTED: https://www.instagram.com/ancientfaithministries/
[=]SCRAPE SERVE[=]ReqMETA: 200::GET
[=]SCRAPE SERVE[=]A[HREF]::Link request received at https://www.ancientfaith.com/podcasts/gods_wondrous_saints/
[=]SCRAPE SERVE[=]LINK(s) EXTRACTED: https://www.tiktok.com/@ancientfaithministries
[=]SCRAPE SERVE[=]ReqMETA: 200::GET
[=]SCRAPE SERVE[=]A[HREF]::Link request received at https://www.ancientfaith.com/podcasts/gods_wondrous_saints/
[=]SCRAPE SERVE[=]LINK(s) EXTRACTED: /
[=]SCRAPE SERVE[=]ReqMETA: 200::GET
[=]SCRAPE SERVE[=]A[HREF]::Link request received at https://www.ancientfaith.com/podcasts/gods_wondrous_saints/
[=]SCRAPE SERVE[=]LINK(s) EXTRACTED: /topics/Ancient-Faith-Kids/
[=]SCRAPE SERVE[=]ReqMETA: 200::GET
[=]SCRAPE SERVE[=]A[HREF]::Link request received at https://www.ancientfaith.com/podcasts/gods_wondrous_saints/
[=]SCRAPE SERVE[=]LINK(s) EXTRACTED: https://www.facebook.com/ancientfaithkids
[=]SCRAPE SERVE[=]ReqMETA: 200::GET
[=]SCRAPE SERVE[=]A[HREF]::Link request received at https://www.ancientfaith.com/podcasts/gods_wondrous_saints/
[=]SCRAPE SERVE[=]LINK(s) EXTRACTED: https://www.youtube.com/@ancientfaith4kids
[=]SCRAPE SERVE[=]ReqMETA: 200::GET
[=]SCRAPE SERVE[=]A[HREF]::Link request received at https://www.ancientfaith.com/podcasts/gods_wondrous_saints/
[=]SCRAPE SERVE[=]LINK(s) EXTRACTED: https://www.instagram.com/ancientfaithkids/
[=]SCRAPE SERVE[=]ReqMETA: 200::GET
[=]SCRAPE SERVE[=]A[HREF]::Link request received at https://www.ancientfaith.com/podcasts/gods_wondrous_saints/
[=]SCRAPE SERVE[=]LINK(s) EXTRACTED: https://afm.kindful.com/?campaign=1193135
[=]SCRAPE SERVE[=]ReqMETA: 200::GET
[=]SCRAPE SERVE[=]A[HREF]::Link request received at https://www.ancientfaith.com/podcasts/gods_wondrous_saints/
[=]SCRAPE SERVE[=]LINK(s) EXTRACTED: 
[=]SCRAPE SERVE[=]ReqMETA: 200::GET
[=]SCRAPE SERVE[=]A[HREF]::Link request received at https://www.ancientfaith.com/podcasts/gods_wondrous_saints/
[=]SCRAPE SERVE[=]LINK(s) EXTRACTED: 
[=]SCRAPE SERVE[=]ReqMETA: 200::GET
[=]SCRAPE SERVE[=]A[HREF]::Link request received at https://www.ancientfaith.com/podcasts/gods_wondrous_saints/
[=]SCRAPE SERVE[=]LINK(s) EXTRACTED: 
[=]SCRAPE SERVE[=]ReqMETA: 200::GET
[=]SCRAPE SERVE[=]visiting https://www.ancientfaith.com/podcasts/greattales/
[=]SCRAPE SERVE[=]response received 200
[=]SCRAPE SERVE[=]A[HREF]::Link request received at https://www.ancientfaith.com/podcasts/greattales/
[=]SCRAPE SERVE[=]LINK(s) EXTRACTED: /
[=]SCRAPE SERVE[=]ReqMETA: 200::GET
[=]SCRAPE SERVE[=]A[HREF]::Link request received at https://www.ancientfaith.com/podcasts/greattales/
[=]SCRAPE SERVE[=]LINK(s) EXTRACTED: /radio/
[=]SCRAPE SERVE[=]ReqMETA: 200::GET
[=]SCRAPE SERVE[=]A[HREF]::Link request received at https://www.ancientfaith.com/podcasts/greattales/
[=]SCRAPE SERVE[=]LINK(s) EXTRACTED: /radio/live-shows/
[=]SCRAPE SERVE[=]ReqMETA: 200::GET
[=]SCRAPE SERVE[=]A[HREF]::Link request received at https://www.ancientfaith.com/podcasts/greattales/
[=]SCRAPE SERVE[=]LINK(s) EXTRACTED: /podcasts/
[=]SCRAPE SERVE[=]ReqMETA: 200::GET
[=]SCRAPE SERVE[=]A[HREF]::Link request received at https://www.ancientfaith.com/podcasts/greattales/
[=]SCRAPE SERVE[=]LINK(s) EXTRACTED: /radio/sponsorships/
[=]SCRAPE SERVE[=]ReqMETA: 200::GET
[=]SCRAPE SERVE[=]A[HREF]::Link request received at https://www.ancientfaith.com/podcasts/greattales/
[=]SCRAPE SERVE[=]LINK(s) EXTRACTED: /radio/digital-m/
[=]SCRAPE SERVE[=]ReqMETA: 200::GET
[=]SCRAPE SERVE[=]A[HREF]::Link request received at https://www.ancientfaith.com/podcasts/greattales/
[=]SCRAPE SERVE[=]LINK(s) EXTRACTED: /publishing/
[=]SCRAPE SERVE[=]ReqMETA: 200::GET
[=]SCRAPE SERVE[=]A[HREF]::Link request received at https://www.ancientfaith.com/podcasts/greattales/
[=]SCRAPE SERVE[=]LINK(s) EXTRACTED: /topics/Ancient-Faith-Kids/
[=]SCRAPE SERVE[=]ReqMETA: 200::GET
[=]SCRAPE SERVE[=]A[HREF]::Link request received at https://www.ancientfaith.com/podcasts/greattales/
[=]SCRAPE SERVE[=]LINK(s) EXTRACTED: /events/
[=]SCRAPE SERVE[=]ReqMETA: 200::GET
[=]SCRAPE SERVE[=]A[HREF]::Link request received at https://www.ancientfaith.com/podcasts/greattales/
[=]SCRAPE SERVE[=]LINK(s) EXTRACTED: /support/
[=]SCRAPE SERVE[=]ReqMETA: 200::GET
[=]SCRAPE SERVE[=]A[HREF]::Link request received at https://www.ancientfaith.com/podcasts/greattales/
[=]SCRAPE SERVE[=]LINK(s) EXTRACTED: /about/
[=]SCRAPE SERVE[=]ReqMETA: 200::GET
[=]SCRAPE SERVE[=]A[HREF]::Link request received at https://www.ancientfaith.com/podcasts/greattales/
[=]SCRAPE SERVE[=]LINK(s) EXTRACTED: /ceo-journal/
[=]SCRAPE SERVE[=]ReqMETA: 200::GET
[=]SCRAPE SERVE[=]A[HREF]::Link request received at https://www.ancientfaith.com/podcasts/greattales/
[=]SCRAPE SERVE[=]LINK(s) EXTRACTED: https://store.ancientfaith.com/
[=]SCRAPE SERVE[=]ReqMETA: 200::GET
[=]SCRAPE SERVE[=]A[HREF]::Link request received at https://www.ancientfaith.com/podcasts/greattales/
[=]SCRAPE SERVE[=]LINK(s) EXTRACTED: /login/
[=]SCRAPE SERVE[=]ReqMETA: 200::GET
[=]SCRAPE SERVE[=]A[HREF]::Link request received at https://www.ancientfaith.com/podcasts/greattales/
[=]SCRAPE SERVE[=]LINK(s) EXTRACTED: /radio/
[=]SCRAPE SERVE[=]ReqMETA: 200::GET
[=]SCRAPE SERVE[=]A[HREF]::Link request received at https://www.ancientfaith.com/podcasts/greattales/
[=]SCRAPE SERVE[=]LINK(s) EXTRACTED: /radio/live-shows/
[=]SCRAPE SERVE[=]ReqMETA: 200::GET
[=]SCRAPE SERVE[=]A[HREF]::Link request received at https://www.ancientfaith.com/podcasts/greattales/
[=]SCRAPE SERVE[=]LINK(s) EXTRACTED: /podcasts/
[=]SCRAPE SERVE[=]ReqMETA: 200::GET
[=]SCRAPE SERVE[=]A[HREF]::Link request received at https://www.ancientfaith.com/podcasts/greattales/
[=]SCRAPE SERVE[=]LINK(s) EXTRACTED: /radio/sponsorships/
[=]SCRAPE SERVE[=]ReqMETA: 200::GET
[=]SCRAPE SERVE[=]A[HREF]::Link request received at https://www.ancientfaith.com/podcasts/greattales/
[=]SCRAPE SERVE[=]LINK(s) EXTRACTED: /radio/digital-m/
[=]SCRAPE SERVE[=]ReqMETA: 200::GET
[=]SCRAPE SERVE[=]A[HREF]::Link request received at https://www.ancientfaith.com/podcasts/greattales/
[=]SCRAPE SERVE[=]LINK(s) EXTRACTED: /publishing/
[=]SCRAPE SERVE[=]ReqMETA: 200::GET
[=]SCRAPE SERVE[=]A[HREF]::Link request received at https://www.ancientfaith.com/podcasts/greattales/
[=]SCRAPE SERVE[=]LINK(s) EXTRACTED: /topics/Ancient-Faith-Kids/
[=]SCRAPE SERVE[=]ReqMETA: 200::GET
[=]SCRAPE SERVE[=]A[HREF]::Link request received at https://www.ancientfaith.com/podcasts/greattales/
[=]SCRAPE SERVE[=]LINK(s) EXTRACTED: /events/
[=]SCRAPE SERVE[=]ReqMETA: 200::GET
[=]SCRAPE SERVE[=]A[HREF]::Link request received at https://www.ancientfaith.com/podcasts/greattales/
[=]SCRAPE SERVE[=]LINK(s) EXTRACTED: /support/
[=]SCRAPE SERVE[=]ReqMETA: 200::GET
[=]SCRAPE SERVE[=]A[HREF]::Link request received at https://www.ancientfaith.com/podcasts/greattales/
[=]SCRAPE SERVE[=]LINK(s) EXTRACTED: /about/
[=]SCRAPE SERVE[=]ReqMETA: 200::GET
[=]SCRAPE SERVE[=]A[HREF]::Link request received at https://www.ancientfaith.com/podcasts/greattales/
[=]SCRAPE SERVE[=]LINK(s) EXTRACTED: /ceo-journal/
[=]SCRAPE SERVE[=]ReqMETA: 200::GET
[=]SCRAPE SERVE[=]A[HREF]::Link request received at https://www.ancientfaith.com/podcasts/greattales/
[=]SCRAPE SERVE[=]LINK(s) EXTRACTED: https://store.ancientfaith.com/
[=]SCRAPE SERVE[=]ReqMETA: 200::GET
[=]SCRAPE SERVE[=]A[HREF]::Link request received at https://www.ancientfaith.com/podcasts/greattales/
[=]SCRAPE SERVE[=]LINK(s) EXTRACTED: /login/
[=]SCRAPE SERVE[=]ReqMETA: 200::GET
[=]SCRAPE SERVE[=]A[HREF]::Link request received at https://www.ancientfaith.com/podcasts/greattales/
[=]SCRAPE SERVE[=]LINK(s) EXTRACTED: https://feeds.ancientfaith.com/greattales
[=]SCRAPE SERVE[=]ReqMETA: 200::GET
[=]SCRAPE SERVE[=]A[HREF]::Link request received at https://www.ancientfaith.com/podcasts/greattales/
[=]SCRAPE SERVE[=]LINK(s) EXTRACTED: https://podcasts.apple.com/us/podcast/id1753116287
[=]SCRAPE SERVE[=]ReqMETA: 200::GET
[=]SCRAPE SERVE[=]A[HREF]::Link request received at https://www.ancientfaith.com/podcasts/greattales/
[=]SCRAPE SERVE[=]LINK(s) EXTRACTED: https://web.charityengine.net/Default.aspx?tsid=31584
[=]SCRAPE SERVE[=]ReqMETA: 200::GET
[=]SCRAPE SERVE[=]A[HREF]::Link request received at https://www.ancientfaith.com/podcasts/greattales/
[=]SCRAPE SERVE[=]LINK(s) EXTRACTED: /podcasts/greattales/?page=2
[=]SCRAPE SERVE[=]ReqMETA: 200::GET
[=]SCRAPE SERVE[=]A[HREF]::Link request received at https://www.ancientfaith.com/podcasts/greattales/
[=]SCRAPE SERVE[=]LINK(s) EXTRACTED: /podcasts/greattales/?page=7
[=]SCRAPE SERVE[=]ReqMETA: 200::GET
[=]SCRAPE SERVE[=]A[HREF]::Link request received at https://www.ancientfaith.com/podcasts/greattales/
[=]SCRAPE SERVE[=]LINK(s) EXTRACTED: /podcasts/greattales/burgundians-behaving-badly/
[=]SCRAPE SERVE[=]ReqMETA: 200::GET
[=]SCRAPE SERVE[=]A[HREF]::Link request received at https://www.ancientfaith.com/podcasts/greattales/
[=]SCRAPE SERVE[=]LINK(s) EXTRACTED: /podcasts/greattales/the-scourge-of-god/
[=]SCRAPE SERVE[=]ReqMETA: 200::GET
[=]SCRAPE SERVE[=]A[HREF]::Link request received at https://www.ancientfaith.com/podcasts/greattales/
[=]SCRAPE SERVE[=]LINK(s) EXTRACTED: /podcasts/greattales/the-quarrel-of-the-queens/
[=]SCRAPE SERVE[=]ReqMETA: 200::GET
[=]SCRAPE SERVE[=]A[HREF]::Link request received at https://www.ancientfaith.com/podcasts/greattales/
[=]SCRAPE SERVE[=]LINK(s) EXTRACTED: /podcasts/greattales/the-cup-of-the-gjukings/
[=]SCRAPE SERVE[=]ReqMETA: 200::GET
[=]SCRAPE SERVE[=]A[HREF]::Link request received at https://www.ancientfaith.com/podcasts/greattales/
[=]SCRAPE SERVE[=]LINK(s) EXTRACTED: /podcasts/greattales/the-rhizomatic-evolution-of-the-nibelung-dragon-slayer/
[=]SCRAPE SERVE[=]ReqMETA: 200::GET
[=]SCRAPE SERVE[=]A[HREF]::Link request received at https://www.ancientfaith.com/podcasts/greattales/
[=]SCRAPE SERVE[=]LINK(s) EXTRACTED: /podcasts/greattales/?page=2
[=]SCRAPE SERVE[=]ReqMETA: 200::GET
[=]SCRAPE SERVE[=]A[HREF]::Link request received at https://www.ancientfaith.com/podcasts/greattales/
[=]SCRAPE SERVE[=]LINK(s) EXTRACTED: /podcasts/greattales/?page=7
[=]SCRAPE SERVE[=]ReqMETA: 200::GET
[=]SCRAPE SERVE[=]A[HREF]::Link request received at https://www.ancientfaith.com/podcasts/greattales/
[=]SCRAPE SERVE[=]LINK(s) EXTRACTED: /contributors/andrew_stephen_damick/
[=]SCRAPE SERVE[=]ReqMETA: 200::GET
[=]SCRAPE SERVE[=]A[HREF]::Link request received at https://www.ancientfaith.com/podcasts/greattales/
[=]SCRAPE SERVE[=]LINK(s) EXTRACTED: /contributors/richard_rohlin/
[=]SCRAPE SERVE[=]ReqMETA: 200::GET
[=]SCRAPE SERVE[=]A[HREF]::Link request received at https://www.ancientfaith.com/podcasts/greattales/
[=]SCRAPE SERVE[=]LINK(s) EXTRACTED: mailto:greattales@ancientfaith.com
[=]SCRAPE SERVE[=]ReqMETA: 200::GET
[=]SCRAPE SERVE[=]A[HREF]::Link request received at https://www.ancientfaith.com/podcasts/greattales/
[=]SCRAPE SERVE[=]LINK(s) EXTRACTED: /workwithus/
[=]SCRAPE SERVE[=]ReqMETA: 200::GET
[=]SCRAPE SERVE[=]A[HREF]::Link request received at https://www.ancientfaith.com/podcasts/greattales/
[=]SCRAPE SERVE[=]LINK(s) EXTRACTED: /about/
[=]SCRAPE SERVE[=]ReqMETA: 200::GET
[=]SCRAPE SERVE[=]A[HREF]::Link request received at https://www.ancientfaith.com/podcasts/greattales/
[=]SCRAPE SERVE[=]LINK(s) EXTRACTED: /support/
[=]SCRAPE SERVE[=]ReqMETA: 200::GET
[=]SCRAPE SERVE[=]A[HREF]::Link request received at https://www.ancientfaith.com/podcasts/greattales/
[=]SCRAPE SERVE[=]LINK(s) EXTRACTED: /about/
[=]SCRAPE SERVE[=]ReqMETA: 200::GET
[=]SCRAPE SERVE[=]A[HREF]::Link request received at https://www.ancientfaith.com/podcasts/greattales/
[=]SCRAPE SERVE[=]LINK(s) EXTRACTED: https://store.ancientfaith.com
[=]SCRAPE SERVE[=]ReqMETA: 200::GET
[=]SCRAPE SERVE[=]A[HREF]::Link request received at https://www.ancientfaith.com/podcasts/greattales/
[=]SCRAPE SERVE[=]LINK(s) EXTRACTED: https://www.facebook.com/ancientfaithministries
[=]SCRAPE SERVE[=]ReqMETA: 200::GET
[=]SCRAPE SERVE[=]A[HREF]::Link request received at https://www.ancientfaith.com/podcasts/greattales/
[=]SCRAPE SERVE[=]LINK(s) EXTRACTED: https://www.youtube.com/@AncientFaithMinistries
[=]SCRAPE SERVE[=]ReqMETA: 200::GET
[=]SCRAPE SERVE[=]A[HREF]::Link request received at https://www.ancientfaith.com/podcasts/greattales/
[=]SCRAPE SERVE[=]LINK(s) EXTRACTED: https://www.instagram.com/ancientfaithministries/
[=]SCRAPE SERVE[=]ReqMETA: 200::GET
[=]SCRAPE SERVE[=]A[HREF]::Link request received at https://www.ancientfaith.com/podcasts/greattales/
[=]SCRAPE SERVE[=]LINK(s) EXTRACTED: https://www.tiktok.com/@ancientfaithministries
[=]SCRAPE SERVE[=]ReqMETA: 200::GET
[=]SCRAPE SERVE[=]A[HREF]::Link request received at https://www.ancientfaith.com/podcasts/greattales/
[=]SCRAPE SERVE[=]LINK(s) EXTRACTED: /
[=]SCRAPE SERVE[=]ReqMETA: 200::GET
[=]SCRAPE SERVE[=]A[HREF]::Link request received at https://www.ancientfaith.com/podcasts/greattales/
[=]SCRAPE SERVE[=]LINK(s) EXTRACTED: /topics/Ancient-Faith-Kids/
[=]SCRAPE SERVE[=]ReqMETA: 200::GET
[=]SCRAPE SERVE[=]A[HREF]::Link request received at https://www.ancientfaith.com/podcasts/greattales/
[=]SCRAPE SERVE[=]LINK(s) EXTRACTED: https://www.facebook.com/ancientfaithkids
[=]SCRAPE SERVE[=]ReqMETA: 200::GET
[=]SCRAPE SERVE[=]A[HREF]::Link request received at https://www.ancientfaith.com/podcasts/greattales/
[=]SCRAPE SERVE[=]LINK(s) EXTRACTED: https://www.youtube.com/@ancientfaith4kids
[=]SCRAPE SERVE[=]ReqMETA: 200::GET
[=]SCRAPE SERVE[=]A[HREF]::Link request received at https://www.ancientfaith.com/podcasts/greattales/
[=]SCRAPE SERVE[=]LINK(s) EXTRACTED: https://www.instagram.com/ancientfaithkids/
[=]SCRAPE SERVE[=]ReqMETA: 200::GET
[=]SCRAPE SERVE[=]A[HREF]::Link request received at https://www.ancientfaith.com/podcasts/greattales/
[=]SCRAPE SERVE[=]LINK(s) EXTRACTED: https://afm.kindful.com/?campaign=1193135
[=]SCRAPE SERVE[=]ReqMETA: 200::GET
[=]SCRAPE SERVE[=]A[HREF]::Link request received at https://www.ancientfaith.com/podcasts/greattales/
[=]SCRAPE SERVE[=]LINK(s) EXTRACTED: 
[=]SCRAPE SERVE[=]ReqMETA: 200::GET
[=]SCRAPE SERVE[=]A[HREF]::Link request received at https://www.ancientfaith.com/podcasts/greattales/
[=]SCRAPE SERVE[=]LINK(s) EXTRACTED: 
[=]SCRAPE SERVE[=]ReqMETA: 200::GET
[=]SCRAPE SERVE[=]A[HREF]::Link request received at https://www.ancientfaith.com/podcasts/greattales/
[=]SCRAPE SERVE[=]LINK(s) EXTRACTED: 
[=]SCRAPE SERVE[=]ReqMETA: 200::GET
[=]SCRAPE SERVE[=]visiting https://www.ancientfaith.com/podcasts/how-to-be-an-orthodox-christian/
[=]SCRAPE SERVE[=]response received 200
[=]SCRAPE SERVE[=]A[HREF]::Link request received at https://www.ancientfaith.com/podcasts/how-to-be-an-orthodox-christian/
[=]SCRAPE SERVE[=]LINK(s) EXTRACTED: /
[=]SCRAPE SERVE[=]ReqMETA: 200::GET
[=]SCRAPE SERVE[=]A[HREF]::Link request received at https://www.ancientfaith.com/podcasts/how-to-be-an-orthodox-christian/
[=]SCRAPE SERVE[=]LINK(s) EXTRACTED: /radio/
[=]SCRAPE SERVE[=]ReqMETA: 200::GET
[=]SCRAPE SERVE[=]A[HREF]::Link request received at https://www.ancientfaith.com/podcasts/how-to-be-an-orthodox-christian/
[=]SCRAPE SERVE[=]LINK(s) EXTRACTED: /radio/live-shows/
[=]SCRAPE SERVE[=]ReqMETA: 200::GET
[=]SCRAPE SERVE[=]A[HREF]::Link request received at https://www.ancientfaith.com/podcasts/how-to-be-an-orthodox-christian/
[=]SCRAPE SERVE[=]LINK(s) EXTRACTED: /podcasts/
[=]SCRAPE SERVE[=]ReqMETA: 200::GET
[=]SCRAPE SERVE[=]A[HREF]::Link request received at https://www.ancientfaith.com/podcasts/how-to-be-an-orthodox-christian/
[=]SCRAPE SERVE[=]LINK(s) EXTRACTED: /radio/sponsorships/
[=]SCRAPE SERVE[=]ReqMETA: 200::GET
[=]SCRAPE SERVE[=]A[HREF]::Link request received at https://www.ancientfaith.com/podcasts/how-to-be-an-orthodox-christian/
[=]SCRAPE SERVE[=]LINK(s) EXTRACTED: /radio/digital-m/
[=]SCRAPE SERVE[=]ReqMETA: 200::GET
[=]SCRAPE SERVE[=]A[HREF]::Link request received at https://www.ancientfaith.com/podcasts/how-to-be-an-orthodox-christian/
[=]SCRAPE SERVE[=]LINK(s) EXTRACTED: /publishing/
[=]SCRAPE SERVE[=]ReqMETA: 200::GET
[=]SCRAPE SERVE[=]A[HREF]::Link request received at https://www.ancientfaith.com/podcasts/how-to-be-an-orthodox-christian/
[=]SCRAPE SERVE[=]LINK(s) EXTRACTED: /topics/Ancient-Faith-Kids/
[=]SCRAPE SERVE[=]ReqMETA: 200::GET
[=]SCRAPE SERVE[=]A[HREF]::Link request received at https://www.ancientfaith.com/podcasts/how-to-be-an-orthodox-christian/
[=]SCRAPE SERVE[=]LINK(s) EXTRACTED: /events/
[=]SCRAPE SERVE[=]ReqMETA: 200::GET
[=]SCRAPE SERVE[=]A[HREF]::Link request received at https://www.ancientfaith.com/podcasts/how-to-be-an-orthodox-christian/
[=]SCRAPE SERVE[=]LINK(s) EXTRACTED: /support/
[=]SCRAPE SERVE[=]ReqMETA: 200::GET
[=]SCRAPE SERVE[=]A[HREF]::Link request received at https://www.ancientfaith.com/podcasts/how-to-be-an-orthodox-christian/
[=]SCRAPE SERVE[=]LINK(s) EXTRACTED: /about/
[=]SCRAPE SERVE[=]ReqMETA: 200::GET
[=]SCRAPE SERVE[=]A[HREF]::Link request received at https://www.ancientfaith.com/podcasts/how-to-be-an-orthodox-christian/
[=]SCRAPE SERVE[=]LINK(s) EXTRACTED: /ceo-journal/
[=]SCRAPE SERVE[=]ReqMETA: 200::GET
[=]SCRAPE SERVE[=]A[HREF]::Link request received at https://www.ancientfaith.com/podcasts/how-to-be-an-orthodox-christian/
[=]SCRAPE SERVE[=]LINK(s) EXTRACTED: https://store.ancientfaith.com/
[=]SCRAPE SERVE[=]ReqMETA: 200::GET
[=]SCRAPE SERVE[=]A[HREF]::Link request received at https://www.ancientfaith.com/podcasts/how-to-be-an-orthodox-christian/
[=]SCRAPE SERVE[=]LINK(s) EXTRACTED: /login/
[=]SCRAPE SERVE[=]ReqMETA: 200::GET
[=]SCRAPE SERVE[=]A[HREF]::Link request received at https://www.ancientfaith.com/podcasts/how-to-be-an-orthodox-christian/
[=]SCRAPE SERVE[=]LINK(s) EXTRACTED: /radio/
[=]SCRAPE SERVE[=]ReqMETA: 200::GET
[=]SCRAPE SERVE[=]A[HREF]::Link request received at https://www.ancientfaith.com/podcasts/how-to-be-an-orthodox-christian/
[=]SCRAPE SERVE[=]LINK(s) EXTRACTED: /radio/live-shows/
[=]SCRAPE SERVE[=]ReqMETA: 200::GET
[=]SCRAPE SERVE[=]A[HREF]::Link request received at https://www.ancientfaith.com/podcasts/how-to-be-an-orthodox-christian/
[=]SCRAPE SERVE[=]LINK(s) EXTRACTED: /podcasts/
[=]SCRAPE SERVE[=]ReqMETA: 200::GET
[=]SCRAPE SERVE[=]A[HREF]::Link request received at https://www.ancientfaith.com/podcasts/how-to-be-an-orthodox-christian/
[=]SCRAPE SERVE[=]LINK(s) EXTRACTED: /radio/sponsorships/
[=]SCRAPE SERVE[=]ReqMETA: 200::GET
[=]SCRAPE SERVE[=]A[HREF]::Link request received at https://www.ancientfaith.com/podcasts/how-to-be-an-orthodox-christian/
[=]SCRAPE SERVE[=]LINK(s) EXTRACTED: /radio/digital-m/
[=]SCRAPE SERVE[=]ReqMETA: 200::GET
[=]SCRAPE SERVE[=]A[HREF]::Link request received at https://www.ancientfaith.com/podcasts/how-to-be-an-orthodox-christian/
[=]SCRAPE SERVE[=]LINK(s) EXTRACTED: /publishing/
[=]SCRAPE SERVE[=]ReqMETA: 200::GET
[=]SCRAPE SERVE[=]A[HREF]::Link request received at https://www.ancientfaith.com/podcasts/how-to-be-an-orthodox-christian/
[=]SCRAPE SERVE[=]LINK(s) EXTRACTED: /topics/Ancient-Faith-Kids/
[=]SCRAPE SERVE[=]ReqMETA: 200::GET
[=]SCRAPE SERVE[=]A[HREF]::Link request received at https://www.ancientfaith.com/podcasts/how-to-be-an-orthodox-christian/
[=]SCRAPE SERVE[=]LINK(s) EXTRACTED: /events/
[=]SCRAPE SERVE[=]ReqMETA: 200::GET
[=]SCRAPE SERVE[=]A[HREF]::Link request received at https://www.ancientfaith.com/podcasts/how-to-be-an-orthodox-christian/
[=]SCRAPE SERVE[=]LINK(s) EXTRACTED: /support/
[=]SCRAPE SERVE[=]ReqMETA: 200::GET
[=]SCRAPE SERVE[=]A[HREF]::Link request received at https://www.ancientfaith.com/podcasts/how-to-be-an-orthodox-christian/
[=]SCRAPE SERVE[=]LINK(s) EXTRACTED: /about/
[=]SCRAPE SERVE[=]ReqMETA: 200::GET
[=]SCRAPE SERVE[=]A[HREF]::Link request received at https://www.ancientfaith.com/podcasts/how-to-be-an-orthodox-christian/
[=]SCRAPE SERVE[=]LINK(s) EXTRACTED: /ceo-journal/
[=]SCRAPE SERVE[=]ReqMETA: 200::GET
[=]SCRAPE SERVE[=]A[HREF]::Link request received at https://www.ancientfaith.com/podcasts/how-to-be-an-orthodox-christian/
[=]SCRAPE SERVE[=]LINK(s) EXTRACTED: https://store.ancientfaith.com/
[=]SCRAPE SERVE[=]ReqMETA: 200::GET
[=]SCRAPE SERVE[=]A[HREF]::Link request received at https://www.ancientfaith.com/podcasts/how-to-be-an-orthodox-christian/
[=]SCRAPE SERVE[=]LINK(s) EXTRACTED: /login/
[=]SCRAPE SERVE[=]ReqMETA: 200::GET
[=]SCRAPE SERVE[=]A[HREF]::Link request received at https://www.ancientfaith.com/podcasts/how-to-be-an-orthodox-christian/
[=]SCRAPE SERVE[=]LINK(s) EXTRACTED: https://feeds.ancientfaith.com/how-to-be-an-orthodox-christian
[=]SCRAPE SERVE[=]ReqMETA: 200::GET
[=]SCRAPE SERVE[=]A[HREF]::Link request received at https://www.ancientfaith.com/podcasts/how-to-be-an-orthodox-christian/
[=]SCRAPE SERVE[=]LINK(s) EXTRACTED: https://web.charityengine.net/Default.aspx?tsid=31584
[=]SCRAPE SERVE[=]ReqMETA: 200::GET
[=]SCRAPE SERVE[=]A[HREF]::Link request received at https://www.ancientfaith.com/podcasts/how-to-be-an-orthodox-christian/
[=]SCRAPE SERVE[=]LINK(s) EXTRACTED: /contributors/richard_rohlin/
[=]SCRAPE SERVE[=]ReqMETA: 200::GET
[=]SCRAPE SERVE[=]A[HREF]::Link request received at https://www.ancientfaith.com/podcasts/how-to-be-an-orthodox-christian/
[=]SCRAPE SERVE[=]LINK(s) EXTRACTED: mailto:deaconseraphim@ancientfaith.com
[=]SCRAPE SERVE[=]ReqMETA: 200::GET
[=]SCRAPE SERVE[=]A[HREF]::Link request received at https://www.ancientfaith.com/podcasts/how-to-be-an-orthodox-christian/
[=]SCRAPE SERVE[=]LINK(s) EXTRACTED: /workwithus/
[=]SCRAPE SERVE[=]ReqMETA: 200::GET
[=]SCRAPE SERVE[=]A[HREF]::Link request received at https://www.ancientfaith.com/podcasts/how-to-be-an-orthodox-christian/
[=]SCRAPE SERVE[=]LINK(s) EXTRACTED: /about/
[=]SCRAPE SERVE[=]ReqMETA: 200::GET
[=]SCRAPE SERVE[=]A[HREF]::Link request received at https://www.ancientfaith.com/podcasts/how-to-be-an-orthodox-christian/
[=]SCRAPE SERVE[=]LINK(s) EXTRACTED: /support/
[=]SCRAPE SERVE[=]ReqMETA: 200::GET
[=]SCRAPE SERVE[=]A[HREF]::Link request received at https://www.ancientfaith.com/podcasts/how-to-be-an-orthodox-christian/
[=]SCRAPE SERVE[=]LINK(s) EXTRACTED: /about/
[=]SCRAPE SERVE[=]ReqMETA: 200::GET
[=]SCRAPE SERVE[=]A[HREF]::Link request received at https://www.ancientfaith.com/podcasts/how-to-be-an-orthodox-christian/
[=]SCRAPE SERVE[=]LINK(s) EXTRACTED: https://store.ancientfaith.com
[=]SCRAPE SERVE[=]ReqMETA: 200::GET
[=]SCRAPE SERVE[=]A[HREF]::Link request received at https://www.ancientfaith.com/podcasts/how-to-be-an-orthodox-christian/
[=]SCRAPE SERVE[=]LINK(s) EXTRACTED: https://www.facebook.com/ancientfaithministries
[=]SCRAPE SERVE[=]ReqMETA: 200::GET
[=]SCRAPE SERVE[=]A[HREF]::Link request received at https://www.ancientfaith.com/podcasts/how-to-be-an-orthodox-christian/
[=]SCRAPE SERVE[=]LINK(s) EXTRACTED: https://www.youtube.com/@AncientFaithMinistries
[=]SCRAPE SERVE[=]ReqMETA: 200::GET
[=]SCRAPE SERVE[=]A[HREF]::Link request received at https://www.ancientfaith.com/podcasts/how-to-be-an-orthodox-christian/
[=]SCRAPE SERVE[=]LINK(s) EXTRACTED: https://www.instagram.com/ancientfaithministries/
[=]SCRAPE SERVE[=]ReqMETA: 200::GET
[=]SCRAPE SERVE[=]A[HREF]::Link request received at https://www.ancientfaith.com/podcasts/how-to-be-an-orthodox-christian/
[=]SCRAPE SERVE[=]LINK(s) EXTRACTED: https://www.tiktok.com/@ancientfaithministries
[=]SCRAPE SERVE[=]ReqMETA: 200::GET
[=]SCRAPE SERVE[=]A[HREF]::Link request received at https://www.ancientfaith.com/podcasts/how-to-be-an-orthodox-christian/
[=]SCRAPE SERVE[=]LINK(s) EXTRACTED: /
[=]SCRAPE SERVE[=]ReqMETA: 200::GET
[=]SCRAPE SERVE[=]A[HREF]::Link request received at https://www.ancientfaith.com/podcasts/how-to-be-an-orthodox-christian/
[=]SCRAPE SERVE[=]LINK(s) EXTRACTED: /topics/Ancient-Faith-Kids/
[=]SCRAPE SERVE[=]ReqMETA: 200::GET
[=]SCRAPE SERVE[=]A[HREF]::Link request received at https://www.ancientfaith.com/podcasts/how-to-be-an-orthodox-christian/
[=]SCRAPE SERVE[=]LINK(s) EXTRACTED: https://www.facebook.com/ancientfaithkids
[=]SCRAPE SERVE[=]ReqMETA: 200::GET
[=]SCRAPE SERVE[=]A[HREF]::Link request received at https://www.ancientfaith.com/podcasts/how-to-be-an-orthodox-christian/
[=]SCRAPE SERVE[=]LINK(s) EXTRACTED: https://www.youtube.com/@ancientfaith4kids
[=]SCRAPE SERVE[=]ReqMETA: 200::GET
[=]SCRAPE SERVE[=]A[HREF]::Link request received at https://www.ancientfaith.com/podcasts/how-to-be-an-orthodox-christian/
[=]SCRAPE SERVE[=]LINK(s) EXTRACTED: https://www.instagram.com/ancientfaithkids/
[=]SCRAPE SERVE[=]ReqMETA: 200::GET
[=]SCRAPE SERVE[=]A[HREF]::Link request received at https://www.ancientfaith.com/podcasts/how-to-be-an-orthodox-christian/
[=]SCRAPE SERVE[=]LINK(s) EXTRACTED: https://afm.kindful.com/?campaign=1193135
[=]SCRAPE SERVE[=]ReqMETA: 200::GET
[=]SCRAPE SERVE[=]A[HREF]::Link request received at https://www.ancientfaith.com/podcasts/how-to-be-an-orthodox-christian/
[=]SCRAPE SERVE[=]LINK(s) EXTRACTED: 
[=]SCRAPE SERVE[=]ReqMETA: 200::GET
[=]SCRAPE SERVE[=]A[HREF]::Link request received at https://www.ancientfaith.com/podcasts/how-to-be-an-orthodox-christian/
[=]SCRAPE SERVE[=]LINK(s) EXTRACTED: 
[=]SCRAPE SERVE[=]ReqMETA: 200::GET
[=]SCRAPE SERVE[=]A[HREF]::Link request received at https://www.ancientfaith.com/podcasts/how-to-be-an-orthodox-christian/
[=]SCRAPE SERVE[=]LINK(s) EXTRACTED: 
[=]SCRAPE SERVE[=]ReqMETA: 200::GET
[=]SCRAPE SERVE[=]visiting https://www.ancientfaith.com/podcasts/lampfortoday/
[=]SCRAPE SERVE[=]response received 200
[=]SCRAPE SERVE[=]A[HREF]::Link request received at https://www.ancientfaith.com/podcasts/lampfortoday/
[=]SCRAPE SERVE[=]LINK(s) EXTRACTED: /
[=]SCRAPE SERVE[=]ReqMETA: 200::GET
[=]SCRAPE SERVE[=]A[HREF]::Link request received at https://www.ancientfaith.com/podcasts/lampfortoday/
[=]SCRAPE SERVE[=]LINK(s) EXTRACTED: /radio/
[=]SCRAPE SERVE[=]ReqMETA: 200::GET
[=]SCRAPE SERVE[=]A[HREF]::Link request received at https://www.ancientfaith.com/podcasts/lampfortoday/
[=]SCRAPE SERVE[=]LINK(s) EXTRACTED: /radio/live-shows/
[=]SCRAPE SERVE[=]ReqMETA: 200::GET
[=]SCRAPE SERVE[=]A[HREF]::Link request received at https://www.ancientfaith.com/podcasts/lampfortoday/
[=]SCRAPE SERVE[=]LINK(s) EXTRACTED: /podcasts/
[=]SCRAPE SERVE[=]ReqMETA: 200::GET
[=]SCRAPE SERVE[=]A[HREF]::Link request received at https://www.ancientfaith.com/podcasts/lampfortoday/
[=]SCRAPE SERVE[=]LINK(s) EXTRACTED: /radio/sponsorships/
[=]SCRAPE SERVE[=]ReqMETA: 200::GET
[=]SCRAPE SERVE[=]A[HREF]::Link request received at https://www.ancientfaith.com/podcasts/lampfortoday/
[=]SCRAPE SERVE[=]LINK(s) EXTRACTED: /radio/digital-m/
[=]SCRAPE SERVE[=]ReqMETA: 200::GET
[=]SCRAPE SERVE[=]A[HREF]::Link request received at https://www.ancientfaith.com/podcasts/lampfortoday/
[=]SCRAPE SERVE[=]LINK(s) EXTRACTED: /publishing/
[=]SCRAPE SERVE[=]ReqMETA: 200::GET
[=]SCRAPE SERVE[=]A[HREF]::Link request received at https://www.ancientfaith.com/podcasts/lampfortoday/
[=]SCRAPE SERVE[=]LINK(s) EXTRACTED: /topics/Ancient-Faith-Kids/
[=]SCRAPE SERVE[=]ReqMETA: 200::GET
[=]SCRAPE SERVE[=]A[HREF]::Link request received at https://www.ancientfaith.com/podcasts/lampfortoday/
[=]SCRAPE SERVE[=]LINK(s) EXTRACTED: /events/
[=]SCRAPE SERVE[=]ReqMETA: 200::GET
[=]SCRAPE SERVE[=]A[HREF]::Link request received at https://www.ancientfaith.com/podcasts/lampfortoday/
[=]SCRAPE SERVE[=]LINK(s) EXTRACTED: /support/
[=]SCRAPE SERVE[=]ReqMETA: 200::GET
[=]SCRAPE SERVE[=]A[HREF]::Link request received at https://www.ancientfaith.com/podcasts/lampfortoday/
[=]SCRAPE SERVE[=]LINK(s) EXTRACTED: /about/
[=]SCRAPE SERVE[=]ReqMETA: 200::GET
[=]SCRAPE SERVE[=]A[HREF]::Link request received at https://www.ancientfaith.com/podcasts/lampfortoday/
[=]SCRAPE SERVE[=]LINK(s) EXTRACTED: /ceo-journal/
[=]SCRAPE SERVE[=]ReqMETA: 200::GET
[=]SCRAPE SERVE[=]A[HREF]::Link request received at https://www.ancientfaith.com/podcasts/lampfortoday/
[=]SCRAPE SERVE[=]LINK(s) EXTRACTED: https://store.ancientfaith.com/
[=]SCRAPE SERVE[=]ReqMETA: 200::GET
[=]SCRAPE SERVE[=]A[HREF]::Link request received at https://www.ancientfaith.com/podcasts/lampfortoday/
[=]SCRAPE SERVE[=]LINK(s) EXTRACTED: /login/
[=]SCRAPE SERVE[=]ReqMETA: 200::GET
[=]SCRAPE SERVE[=]A[HREF]::Link request received at https://www.ancientfaith.com/podcasts/lampfortoday/
[=]SCRAPE SERVE[=]LINK(s) EXTRACTED: /radio/
[=]SCRAPE SERVE[=]ReqMETA: 200::GET
[=]SCRAPE SERVE[=]A[HREF]::Link request received at https://www.ancientfaith.com/podcasts/lampfortoday/
[=]SCRAPE SERVE[=]LINK(s) EXTRACTED: /radio/live-shows/
[=]SCRAPE SERVE[=]ReqMETA: 200::GET
[=]SCRAPE SERVE[=]A[HREF]::Link request received at https://www.ancientfaith.com/podcasts/lampfortoday/
[=]SCRAPE SERVE[=]LINK(s) EXTRACTED: /podcasts/
[=]SCRAPE SERVE[=]ReqMETA: 200::GET
[=]SCRAPE SERVE[=]A[HREF]::Link request received at https://www.ancientfaith.com/podcasts/lampfortoday/
[=]SCRAPE SERVE[=]LINK(s) EXTRACTED: /radio/sponsorships/
[=]SCRAPE SERVE[=]ReqMETA: 200::GET
[=]SCRAPE SERVE[=]A[HREF]::Link request received at https://www.ancientfaith.com/podcasts/lampfortoday/
[=]SCRAPE SERVE[=]LINK(s) EXTRACTED: /radio/digital-m/
[=]SCRAPE SERVE[=]ReqMETA: 200::GET
[=]SCRAPE SERVE[=]A[HREF]::Link request received at https://www.ancientfaith.com/podcasts/lampfortoday/
[=]SCRAPE SERVE[=]LINK(s) EXTRACTED: /publishing/
[=]SCRAPE SERVE[=]ReqMETA: 200::GET
[=]SCRAPE SERVE[=]A[HREF]::Link request received at https://www.ancientfaith.com/podcasts/lampfortoday/
[=]SCRAPE SERVE[=]LINK(s) EXTRACTED: /topics/Ancient-Faith-Kids/
[=]SCRAPE SERVE[=]ReqMETA: 200::GET
[=]SCRAPE SERVE[=]A[HREF]::Link request received at https://www.ancientfaith.com/podcasts/lampfortoday/
[=]SCRAPE SERVE[=]LINK(s) EXTRACTED: /events/
[=]SCRAPE SERVE[=]ReqMETA: 200::GET
[=]SCRAPE SERVE[=]A[HREF]::Link request received at https://www.ancientfaith.com/podcasts/lampfortoday/
[=]SCRAPE SERVE[=]LINK(s) EXTRACTED: /support/
[=]SCRAPE SERVE[=]ReqMETA: 200::GET
[=]SCRAPE SERVE[=]A[HREF]::Link request received at https://www.ancientfaith.com/podcasts/lampfortoday/
[=]SCRAPE SERVE[=]LINK(s) EXTRACTED: /about/
[=]SCRAPE SERVE[=]ReqMETA: 200::GET
[=]SCRAPE SERVE[=]A[HREF]::Link request received at https://www.ancientfaith.com/podcasts/lampfortoday/
[=]SCRAPE SERVE[=]LINK(s) EXTRACTED: /ceo-journal/
[=]SCRAPE SERVE[=]ReqMETA: 200::GET
[=]SCRAPE SERVE[=]A[HREF]::Link request received at https://www.ancientfaith.com/podcasts/lampfortoday/
[=]SCRAPE SERVE[=]LINK(s) EXTRACTED: https://store.ancientfaith.com/
[=]SCRAPE SERVE[=]ReqMETA: 200::GET
[=]SCRAPE SERVE[=]A[HREF]::Link request received at https://www.ancientfaith.com/podcasts/lampfortoday/
[=]SCRAPE SERVE[=]LINK(s) EXTRACTED: /login/
[=]SCRAPE SERVE[=]ReqMETA: 200::GET
[=]SCRAPE SERVE[=]A[HREF]::Link request received at https://www.ancientfaith.com/podcasts/lampfortoday/
[=]SCRAPE SERVE[=]LINK(s) EXTRACTED: https://feeds.ancientfaith.com/lampfortoday
[=]SCRAPE SERVE[=]ReqMETA: 200::GET
[=]SCRAPE SERVE[=]A[HREF]::Link request received at https://www.ancientfaith.com/podcasts/lampfortoday/
[=]SCRAPE SERVE[=]LINK(s) EXTRACTED: https://podcasts.apple.com/us/podcast/id960873188
[=]SCRAPE SERVE[=]ReqMETA: 200::GET
[=]SCRAPE SERVE[=]A[HREF]::Link request received at https://www.ancientfaith.com/podcasts/lampfortoday/
[=]SCRAPE SERVE[=]LINK(s) EXTRACTED: https://web.charityengine.net/Default.aspx?tsid=31584
[=]SCRAPE SERVE[=]ReqMETA: 200::GET
[=]SCRAPE SERVE[=]A[HREF]::Link request received at https://www.ancientfaith.com/podcasts/lampfortoday/
[=]SCRAPE SERVE[=]LINK(s) EXTRACTED: /podcasts/lampfortoday/?page=2
[=]SCRAPE SERVE[=]ReqMETA: 200::GET
[=]SCRAPE SERVE[=]A[HREF]::Link request received at https://www.ancientfaith.com/podcasts/lampfortoday/
[=]SCRAPE SERVE[=]LINK(s) EXTRACTED: /podcasts/lampfortoday/?page=49
[=]SCRAPE SERVE[=]ReqMETA: 200::GET
[=]SCRAPE SERVE[=]A[HREF]::Link request received at https://www.ancientfaith.com/podcasts/lampfortoday/
[=]SCRAPE SERVE[=]LINK(s) EXTRACTED: /podcasts/lampfortoday/light-from-isaiah-2-wrath-and-mercy/
[=]SCRAPE SERVE[=]ReqMETA: 200::GET
[=]SCRAPE SERVE[=]A[HREF]::Link request received at https://www.ancientfaith.com/podcasts/lampfortoday/
[=]SCRAPE SERVE[=]LINK(s) EXTRACTED: /podcasts/lampfortoday/light-from-isaiah-1-the-bad-news-and-the-good-news/
[=]SCRAPE SERVE[=]ReqMETA: 200::GET
[=]SCRAPE SERVE[=]A[HREF]::Link request received at https://www.ancientfaith.com/podcasts/lampfortoday/
[=]SCRAPE SERVE[=]LINK(s) EXTRACTED: /podcasts/lampfortoday/light-from-the-old-testament-upon-the-nativity-8-that-the-scriptures-might-be-fulfilled/
[=]SCRAPE SERVE[=]ReqMETA: 200::GET
[=]SCRAPE SERVE[=]A[HREF]::Link request received at https://www.ancientfaith.com/podcasts/lampfortoday/
[=]SCRAPE SERVE[=]LINK(s) EXTRACTED: /podcasts/lampfortoday/light-from-the-old-testament-upon-the-nativity-7-the-growth-of-gods-son/
[=]SCRAPE SERVE[=]ReqMETA: 200::GET
[=]SCRAPE SERVE[=]A[HREF]::Link request received at https://www.ancientfaith.com/podcasts/lampfortoday/
[=]SCRAPE SERVE[=]LINK(s) EXTRACTED: /podcasts/lampfortoday/light-from-the-old-testament-upon-the-nativity-6-when-the-days-were-fulfilled/
[=]SCRAPE SERVE[=]ReqMETA: 200::GET
[=]SCRAPE SERVE[=]A[HREF]::Link request received at https://www.ancientfaith.com/podcasts/lampfortoday/
[=]SCRAPE SERVE[=]LINK(s) EXTRACTED: /podcasts/lampfortoday/?page=2
[=]SCRAPE SERVE[=]ReqMETA: 200::GET
[=]SCRAPE SERVE[=]A[HREF]::Link request received at https://www.ancientfaith.com/podcasts/lampfortoday/
[=]SCRAPE SERVE[=]LINK(s) EXTRACTED: /podcasts/lampfortoday/?page=49
[=]SCRAPE SERVE[=]ReqMETA: 200::GET
[=]SCRAPE SERVE[=]A[HREF]::Link request received at https://www.ancientfaith.com/podcasts/lampfortoday/
[=]SCRAPE SERVE[=]LINK(s) EXTRACTED: /contributors/edith_humphrey/
[=]SCRAPE SERVE[=]ReqMETA: 200::GET
[=]SCRAPE SERVE[=]A[HREF]::Link request received at https://www.ancientfaith.com/podcasts/lampfortoday/
[=]SCRAPE SERVE[=]LINK(s) EXTRACTED: mailto:lamp@ancientfaith.com
[=]SCRAPE SERVE[=]ReqMETA: 200::GET
[=]SCRAPE SERVE[=]A[HREF]::Link request received at https://www.ancientfaith.com/podcasts/lampfortoday/
[=]SCRAPE SERVE[=]LINK(s) EXTRACTED: /workwithus/
[=]SCRAPE SERVE[=]ReqMETA: 200::GET
[=]SCRAPE SERVE[=]A[HREF]::Link request received at https://www.ancientfaith.com/podcasts/lampfortoday/
[=]SCRAPE SERVE[=]LINK(s) EXTRACTED: /about/
[=]SCRAPE SERVE[=]ReqMETA: 200::GET
[=]SCRAPE SERVE[=]A[HREF]::Link request received at https://www.ancientfaith.com/podcasts/lampfortoday/
[=]SCRAPE SERVE[=]LINK(s) EXTRACTED: /support/
[=]SCRAPE SERVE[=]ReqMETA: 200::GET
[=]SCRAPE SERVE[=]A[HREF]::Link request received at https://www.ancientfaith.com/podcasts/lampfortoday/
[=]SCRAPE SERVE[=]LINK(s) EXTRACTED: /about/
[=]SCRAPE SERVE[=]ReqMETA: 200::GET
[=]SCRAPE SERVE[=]A[HREF]::Link request received at https://www.ancientfaith.com/podcasts/lampfortoday/
[=]SCRAPE SERVE[=]LINK(s) EXTRACTED: https://store.ancientfaith.com
[=]SCRAPE SERVE[=]ReqMETA: 200::GET
[=]SCRAPE SERVE[=]A[HREF]::Link request received at https://www.ancientfaith.com/podcasts/lampfortoday/
[=]SCRAPE SERVE[=]LINK(s) EXTRACTED: https://www.facebook.com/ancientfaithministries
[=]SCRAPE SERVE[=]ReqMETA: 200::GET
[=]SCRAPE SERVE[=]A[HREF]::Link request received at https://www.ancientfaith.com/podcasts/lampfortoday/
[=]SCRAPE SERVE[=]LINK(s) EXTRACTED: https://www.youtube.com/@AncientFaithMinistries
[=]SCRAPE SERVE[=]ReqMETA: 200::GET
[=]SCRAPE SERVE[=]A[HREF]::Link request received at https://www.ancientfaith.com/podcasts/lampfortoday/
[=]SCRAPE SERVE[=]LINK(s) EXTRACTED: https://www.instagram.com/ancientfaithministries/
[=]SCRAPE SERVE[=]ReqMETA: 200::GET
[=]SCRAPE SERVE[=]A[HREF]::Link request received at https://www.ancientfaith.com/podcasts/lampfortoday/
[=]SCRAPE SERVE[=]LINK(s) EXTRACTED: https://www.tiktok.com/@ancientfaithministries
[=]SCRAPE SERVE[=]ReqMETA: 200::GET
[=]SCRAPE SERVE[=]A[HREF]::Link request received at https://www.ancientfaith.com/podcasts/lampfortoday/
[=]SCRAPE SERVE[=]LINK(s) EXTRACTED: /
[=]SCRAPE SERVE[=]ReqMETA: 200::GET
[=]SCRAPE SERVE[=]A[HREF]::Link request received at https://www.ancientfaith.com/podcasts/lampfortoday/
[=]SCRAPE SERVE[=]LINK(s) EXTRACTED: /topics/Ancient-Faith-Kids/
[=]SCRAPE SERVE[=]ReqMETA: 200::GET
[=]SCRAPE SERVE[=]A[HREF]::Link request received at https://www.ancientfaith.com/podcasts/lampfortoday/
[=]SCRAPE SERVE[=]LINK(s) EXTRACTED: https://www.facebook.com/ancientfaithkids
[=]SCRAPE SERVE[=]ReqMETA: 200::GET
[=]SCRAPE SERVE[=]A[HREF]::Link request received at https://www.ancientfaith.com/podcasts/lampfortoday/
[=]SCRAPE SERVE[=]LINK(s) EXTRACTED: https://www.youtube.com/@ancientfaith4kids
[=]SCRAPE SERVE[=]ReqMETA: 200::GET
[=]SCRAPE SERVE[=]A[HREF]::Link request received at https://www.ancientfaith.com/podcasts/lampfortoday/
[=]SCRAPE SERVE[=]LINK(s) EXTRACTED: https://www.instagram.com/ancientfaithkids/
[=]SCRAPE SERVE[=]ReqMETA: 200::GET
[=]SCRAPE SERVE[=]A[HREF]::Link request received at https://www.ancientfaith.com/podcasts/lampfortoday/
[=]SCRAPE SERVE[=]LINK(s) EXTRACTED: https://afm.kindful.com/?campaign=1193135
[=]SCRAPE SERVE[=]ReqMETA: 200::GET
[=]SCRAPE SERVE[=]A[HREF]::Link request received at https://www.ancientfaith.com/podcasts/lampfortoday/
[=]SCRAPE SERVE[=]LINK(s) EXTRACTED: 
[=]SCRAPE SERVE[=]ReqMETA: 200::GET
[=]SCRAPE SERVE[=]A[HREF]::Link request received at https://www.ancientfaith.com/podcasts/lampfortoday/
[=]SCRAPE SERVE[=]LINK(s) EXTRACTED: 
[=]SCRAPE SERVE[=]ReqMETA: 200::GET
[=]SCRAPE SERVE[=]A[HREF]::Link request received at https://www.ancientfaith.com/podcasts/lampfortoday/
[=]SCRAPE SERVE[=]LINK(s) EXTRACTED: 
[=]SCRAPE SERVE[=]ReqMETA: 200::GET
[=]SCRAPE SERVE[=]visiting https://www.ancientfaith.com/podcasts/lightpast/
[=]SCRAPE SERVE[=]response received 200
[=]SCRAPE SERVE[=]A[HREF]::Link request received at https://www.ancientfaith.com/podcasts/lightpast/
[=]SCRAPE SERVE[=]LINK(s) EXTRACTED: /
[=]SCRAPE SERVE[=]ReqMETA: 200::GET
[=]SCRAPE SERVE[=]A[HREF]::Link request received at https://www.ancientfaith.com/podcasts/lightpast/
[=]SCRAPE SERVE[=]LINK(s) EXTRACTED: /radio/
[=]SCRAPE SERVE[=]ReqMETA: 200::GET
[=]SCRAPE SERVE[=]A[HREF]::Link request received at https://www.ancientfaith.com/podcasts/lightpast/
[=]SCRAPE SERVE[=]LINK(s) EXTRACTED: /radio/live-shows/
[=]SCRAPE SERVE[=]ReqMETA: 200::GET
[=]SCRAPE SERVE[=]A[HREF]::Link request received at https://www.ancientfaith.com/podcasts/lightpast/
[=]SCRAPE SERVE[=]LINK(s) EXTRACTED: /podcasts/
[=]SCRAPE SERVE[=]ReqMETA: 200::GET
[=]SCRAPE SERVE[=]A[HREF]::Link request received at https://www.ancientfaith.com/podcasts/lightpast/
[=]SCRAPE SERVE[=]LINK(s) EXTRACTED: /radio/sponsorships/
[=]SCRAPE SERVE[=]ReqMETA: 200::GET
[=]SCRAPE SERVE[=]A[HREF]::Link request received at https://www.ancientfaith.com/podcasts/lightpast/
[=]SCRAPE SERVE[=]LINK(s) EXTRACTED: /radio/digital-m/
[=]SCRAPE SERVE[=]ReqMETA: 200::GET
[=]SCRAPE SERVE[=]A[HREF]::Link request received at https://www.ancientfaith.com/podcasts/lightpast/
[=]SCRAPE SERVE[=]LINK(s) EXTRACTED: /publishing/
[=]SCRAPE SERVE[=]ReqMETA: 200::GET
[=]SCRAPE SERVE[=]A[HREF]::Link request received at https://www.ancientfaith.com/podcasts/lightpast/
[=]SCRAPE SERVE[=]LINK(s) EXTRACTED: /topics/Ancient-Faith-Kids/
[=]SCRAPE SERVE[=]ReqMETA: 200::GET
[=]SCRAPE SERVE[=]A[HREF]::Link request received at https://www.ancientfaith.com/podcasts/lightpast/
[=]SCRAPE SERVE[=]LINK(s) EXTRACTED: /events/
[=]SCRAPE SERVE[=]ReqMETA: 200::GET
[=]SCRAPE SERVE[=]A[HREF]::Link request received at https://www.ancientfaith.com/podcasts/lightpast/
[=]SCRAPE SERVE[=]LINK(s) EXTRACTED: /support/
[=]SCRAPE SERVE[=]ReqMETA: 200::GET
[=]SCRAPE SERVE[=]A[HREF]::Link request received at https://www.ancientfaith.com/podcasts/lightpast/
[=]SCRAPE SERVE[=]LINK(s) EXTRACTED: /about/
[=]SCRAPE SERVE[=]ReqMETA: 200::GET
[=]SCRAPE SERVE[=]A[HREF]::Link request received at https://www.ancientfaith.com/podcasts/lightpast/
[=]SCRAPE SERVE[=]LINK(s) EXTRACTED: /ceo-journal/
[=]SCRAPE SERVE[=]ReqMETA: 200::GET
[=]SCRAPE SERVE[=]A[HREF]::Link request received at https://www.ancientfaith.com/podcasts/lightpast/
[=]SCRAPE SERVE[=]LINK(s) EXTRACTED: https://store.ancientfaith.com/
[=]SCRAPE SERVE[=]ReqMETA: 200::GET
[=]SCRAPE SERVE[=]A[HREF]::Link request received at https://www.ancientfaith.com/podcasts/lightpast/
[=]SCRAPE SERVE[=]LINK(s) EXTRACTED: /login/
[=]SCRAPE SERVE[=]ReqMETA: 200::GET
[=]SCRAPE SERVE[=]A[HREF]::Link request received at https://www.ancientfaith.com/podcasts/lightpast/
[=]SCRAPE SERVE[=]LINK(s) EXTRACTED: /radio/
[=]SCRAPE SERVE[=]ReqMETA: 200::GET
[=]SCRAPE SERVE[=]A[HREF]::Link request received at https://www.ancientfaith.com/podcasts/lightpast/
[=]SCRAPE SERVE[=]LINK(s) EXTRACTED: /radio/live-shows/
[=]SCRAPE SERVE[=]ReqMETA: 200::GET
[=]SCRAPE SERVE[=]A[HREF]::Link request received at https://www.ancientfaith.com/podcasts/lightpast/
[=]SCRAPE SERVE[=]LINK(s) EXTRACTED: /podcasts/
[=]SCRAPE SERVE[=]ReqMETA: 200::GET
[=]SCRAPE SERVE[=]A[HREF]::Link request received at https://www.ancientfaith.com/podcasts/lightpast/
[=]SCRAPE SERVE[=]LINK(s) EXTRACTED: /radio/sponsorships/
[=]SCRAPE SERVE[=]ReqMETA: 200::GET
[=]SCRAPE SERVE[=]A[HREF]::Link request received at https://www.ancientfaith.com/podcasts/lightpast/
[=]SCRAPE SERVE[=]LINK(s) EXTRACTED: /radio/digital-m/
[=]SCRAPE SERVE[=]ReqMETA: 200::GET
[=]SCRAPE SERVE[=]A[HREF]::Link request received at https://www.ancientfaith.com/podcasts/lightpast/
[=]SCRAPE SERVE[=]LINK(s) EXTRACTED: /publishing/
[=]SCRAPE SERVE[=]ReqMETA: 200::GET
[=]SCRAPE SERVE[=]A[HREF]::Link request received at https://www.ancientfaith.com/podcasts/lightpast/
[=]SCRAPE SERVE[=]LINK(s) EXTRACTED: /topics/Ancient-Faith-Kids/
[=]SCRAPE SERVE[=]ReqMETA: 200::GET
[=]SCRAPE SERVE[=]A[HREF]::Link request received at https://www.ancientfaith.com/podcasts/lightpast/
[=]SCRAPE SERVE[=]LINK(s) EXTRACTED: /events/
[=]SCRAPE SERVE[=]ReqMETA: 200::GET
[=]SCRAPE SERVE[=]A[HREF]::Link request received at https://www.ancientfaith.com/podcasts/lightpast/
[=]SCRAPE SERVE[=]LINK(s) EXTRACTED: /support/
[=]SCRAPE SERVE[=]ReqMETA: 200::GET
[=]SCRAPE SERVE[=]A[HREF]::Link request received at https://www.ancientfaith.com/podcasts/lightpast/
[=]SCRAPE SERVE[=]LINK(s) EXTRACTED: /about/
[=]SCRAPE SERVE[=]ReqMETA: 200::GET
[=]SCRAPE SERVE[=]A[HREF]::Link request received at https://www.ancientfaith.com/podcasts/lightpast/
[=]SCRAPE SERVE[=]LINK(s) EXTRACTED: /ceo-journal/
[=]SCRAPE SERVE[=]ReqMETA: 200::GET
[=]SCRAPE SERVE[=]A[HREF]::Link request received at https://www.ancientfaith.com/podcasts/lightpast/
[=]SCRAPE SERVE[=]LINK(s) EXTRACTED: https://store.ancientfaith.com/
[=]SCRAPE SERVE[=]ReqMETA: 200::GET
[=]SCRAPE SERVE[=]A[HREF]::Link request received at https://www.ancientfaith.com/podcasts/lightpast/
[=]SCRAPE SERVE[=]LINK(s) EXTRACTED: /login/
[=]SCRAPE SERVE[=]ReqMETA: 200::GET
[=]SCRAPE SERVE[=]A[HREF]::Link request received at https://www.ancientfaith.com/podcasts/lightpast/
[=]SCRAPE SERVE[=]LINK(s) EXTRACTED: https://feeds.ancientfaith.com/lightpast
[=]SCRAPE SERVE[=]ReqMETA: 200::GET
[=]SCRAPE SERVE[=]A[HREF]::Link request received at https://www.ancientfaith.com/podcasts/lightpast/
[=]SCRAPE SERVE[=]LINK(s) EXTRACTED: https://podcasts.apple.com/us/podcast/id1610015998
[=]SCRAPE SERVE[=]ReqMETA: 200::GET
[=]SCRAPE SERVE[=]A[HREF]::Link request received at https://www.ancientfaith.com/podcasts/lightpast/
[=]SCRAPE SERVE[=]LINK(s) EXTRACTED: https://web.charityengine.net/Default.aspx?tsid=31584
[=]SCRAPE SERVE[=]ReqMETA: 200::GET
[=]SCRAPE SERVE[=]A[HREF]::Link request received at https://www.ancientfaith.com/podcasts/lightpast/
[=]SCRAPE SERVE[=]LINK(s) EXTRACTED: /podcasts/lightpast/?page=2
[=]SCRAPE SERVE[=]ReqMETA: 200::GET
[=]SCRAPE SERVE[=]A[HREF]::Link request received at https://www.ancientfaith.com/podcasts/lightpast/
[=]SCRAPE SERVE[=]LINK(s) EXTRACTED: /podcasts/lightpast/?page=42
[=]SCRAPE SERVE[=]ReqMETA: 200::GET
[=]SCRAPE SERVE[=]A[HREF]::Link request received at https://www.ancientfaith.com/podcasts/lightpast/
[=]SCRAPE SERVE[=]LINK(s) EXTRACTED: /podcasts/lightpast/blaspheming-sword-wielding-monks-the-knights-templar-and-the-council-of-florence/
[=]SCRAPE SERVE[=]ReqMETA: 200::GET
[=]SCRAPE SERVE[=]A[HREF]::Link request received at https://www.ancientfaith.com/podcasts/lightpast/
[=]SCRAPE SERVE[=]LINK(s) EXTRACTED: /podcasts/lightpast/intro-to-the-council-of-florence-a-pope-so-important-even-the-bees-love-him/
[=]SCRAPE SERVE[=]ReqMETA: 200::GET
[=]SCRAPE SERVE[=]A[HREF]::Link request received at https://www.ancientfaith.com/podcasts/lightpast/
[=]SCRAPE SERVE[=]LINK(s) EXTRACTED: /podcasts/lightpast/the-faith-of-the-orthodox-the-faith-of-blachernae/
[=]SCRAPE SERVE[=]ReqMETA: 200::GET
[=]SCRAPE SERVE[=]A[HREF]::Link request received at https://www.ancientfaith.com/podcasts/lightpast/
[=]SCRAPE SERVE[=]LINK(s) EXTRACTED: /podcasts/lightpast/cleaning-up-michael-viiis-mess-the-council-of-blachernae-part-1/
[=]SCRAPE SERVE[=]ReqMETA: 200::GET
[=]SCRAPE SERVE[=]A[HREF]::Link request received at https://www.ancientfaith.com/podcasts/lightpast/
[=]SCRAPE SERVE[=]LINK(s) EXTRACTED: /podcasts/lightpast/the-aftermath-of-the-council-of-lyons/
[=]SCRAPE SERVE[=]ReqMETA: 200::GET
[=]SCRAPE SERVE[=]A[HREF]::Link request received at https://www.ancientfaith.com/podcasts/lightpast/
[=]SCRAPE SERVE[=]LINK(s) EXTRACTED: /podcasts/lightpast/?page=2
[=]SCRAPE SERVE[=]ReqMETA: 200::GET
[=]SCRAPE SERVE[=]A[HREF]::Link request received at https://www.ancientfaith.com/podcasts/lightpast/
[=]SCRAPE SERVE[=]LINK(s) EXTRACTED: /podcasts/lightpast/?page=42
[=]SCRAPE SERVE[=]ReqMETA: 200::GET
[=]SCRAPE SERVE[=]A[HREF]::Link request received at https://www.ancientfaith.com/podcasts/lightpast/
[=]SCRAPE SERVE[=]LINK(s) EXTRACTED: /contributors/dr-cyril-jenkins/
[=]SCRAPE SERVE[=]ReqMETA: 200::GET
[=]SCRAPE SERVE[=]A[HREF]::Link request received at https://www.ancientfaith.com/podcasts/lightpast/
[=]SCRAPE SERVE[=]LINK(s) EXTRACTED: mailto:lightpast@ancientfaith.com
[=]SCRAPE SERVE[=]ReqMETA: 200::GET
[=]SCRAPE SERVE[=]A[HREF]::Link request received at https://www.ancientfaith.com/podcasts/lightpast/
[=]SCRAPE SERVE[=]LINK(s) EXTRACTED: https://chrysostomacademy.org
[=]SCRAPE SERVE[=]ReqMETA: 200::GET
[=]SCRAPE SERVE[=]A[HREF]::Link request received at https://www.ancientfaith.com/podcasts/lightpast/
[=]SCRAPE SERVE[=]LINK(s) EXTRACTED: /podcasts/pathacademy/
[=]SCRAPE SERVE[=]ReqMETA: 200::GET
[=]SCRAPE SERVE[=]A[HREF]::Link request received at https://www.ancientfaith.com/podcasts/lightpast/
[=]SCRAPE SERVE[=]LINK(s) EXTRACTED: /workwithus/
[=]SCRAPE SERVE[=]ReqMETA: 200::GET
[=]SCRAPE SERVE[=]A[HREF]::Link request received at https://www.ancientfaith.com/podcasts/lightpast/
[=]SCRAPE SERVE[=]LINK(s) EXTRACTED: /about/
[=]SCRAPE SERVE[=]ReqMETA: 200::GET
[=]SCRAPE SERVE[=]A[HREF]::Link request received at https://www.ancientfaith.com/podcasts/lightpast/
[=]SCRAPE SERVE[=]LINK(s) EXTRACTED: /support/
[=]SCRAPE SERVE[=]ReqMETA: 200::GET
[=]SCRAPE SERVE[=]A[HREF]::Link request received at https://www.ancientfaith.com/podcasts/lightpast/
[=]SCRAPE SERVE[=]LINK(s) EXTRACTED: /about/
[=]SCRAPE SERVE[=]ReqMETA: 200::GET
[=]SCRAPE SERVE[=]A[HREF]::Link request received at https://www.ancientfaith.com/podcasts/lightpast/
[=]SCRAPE SERVE[=]LINK(s) EXTRACTED: https://store.ancientfaith.com
[=]SCRAPE SERVE[=]ReqMETA: 200::GET
[=]SCRAPE SERVE[=]A[HREF]::Link request received at https://www.ancientfaith.com/podcasts/lightpast/
[=]SCRAPE SERVE[=]LINK(s) EXTRACTED: https://www.facebook.com/ancientfaithministries
[=]SCRAPE SERVE[=]ReqMETA: 200::GET
[=]SCRAPE SERVE[=]A[HREF]::Link request received at https://www.ancientfaith.com/podcasts/lightpast/
[=]SCRAPE SERVE[=]LINK(s) EXTRACTED: https://www.youtube.com/@AncientFaithMinistries
[=]SCRAPE SERVE[=]ReqMETA: 200::GET
[=]SCRAPE SERVE[=]A[HREF]::Link request received at https://www.ancientfaith.com/podcasts/lightpast/
[=]SCRAPE SERVE[=]LINK(s) EXTRACTED: https://www.instagram.com/ancientfaithministries/
[=]SCRAPE SERVE[=]ReqMETA: 200::GET
[=]SCRAPE SERVE[=]A[HREF]::Link request received at https://www.ancientfaith.com/podcasts/lightpast/
[=]SCRAPE SERVE[=]LINK(s) EXTRACTED: https://www.tiktok.com/@ancientfaithministries
[=]SCRAPE SERVE[=]ReqMETA: 200::GET
[=]SCRAPE SERVE[=]A[HREF]::Link request received at https://www.ancientfaith.com/podcasts/lightpast/
[=]SCRAPE SERVE[=]LINK(s) EXTRACTED: /
[=]SCRAPE SERVE[=]ReqMETA: 200::GET
[=]SCRAPE SERVE[=]A[HREF]::Link request received at https://www.ancientfaith.com/podcasts/lightpast/
[=]SCRAPE SERVE[=]LINK(s) EXTRACTED: /topics/Ancient-Faith-Kids/
[=]SCRAPE SERVE[=]ReqMETA: 200::GET
[=]SCRAPE SERVE[=]A[HREF]::Link request received at https://www.ancientfaith.com/podcasts/lightpast/
[=]SCRAPE SERVE[=]LINK(s) EXTRACTED: https://www.facebook.com/ancientfaithkids
[=]SCRAPE SERVE[=]ReqMETA: 200::GET
[=]SCRAPE SERVE[=]A[HREF]::Link request received at https://www.ancientfaith.com/podcasts/lightpast/
[=]SCRAPE SERVE[=]LINK(s) EXTRACTED: https://www.youtube.com/@ancientfaith4kids
[=]SCRAPE SERVE[=]ReqMETA: 200::GET
[=]SCRAPE SERVE[=]A[HREF]::Link request received at https://www.ancientfaith.com/podcasts/lightpast/
[=]SCRAPE SERVE[=]LINK(s) EXTRACTED: https://www.instagram.com/ancientfaithkids/
[=]SCRAPE SERVE[=]ReqMETA: 200::GET
[=]SCRAPE SERVE[=]A[HREF]::Link request received at https://www.ancientfaith.com/podcasts/lightpast/
[=]SCRAPE SERVE[=]LINK(s) EXTRACTED: https://afm.kindful.com/?campaign=1193135
[=]SCRAPE SERVE[=]ReqMETA: 200::GET
[=]SCRAPE SERVE[=]A[HREF]::Link request received at https://www.ancientfaith.com/podcasts/lightpast/
[=]SCRAPE SERVE[=]LINK(s) EXTRACTED: 
[=]SCRAPE SERVE[=]ReqMETA: 200::GET
[=]SCRAPE SERVE[=]A[HREF]::Link request received at https://www.ancientfaith.com/podcasts/lightpast/
[=]SCRAPE SERVE[=]LINK(s) EXTRACTED: 
[=]SCRAPE SERVE[=]ReqMETA: 200::GET
[=]SCRAPE SERVE[=]A[HREF]::Link request received at https://www.ancientfaith.com/podcasts/lightpast/
[=]SCRAPE SERVE[=]LINK(s) EXTRACTED: 
[=]SCRAPE SERVE[=]ReqMETA: 200::GET
[=]SCRAPE SERVE[=]visiting https://www.ancientfaith.com/podcasts/livewiththelouhs/
[=]SCRAPE SERVE[=]response received 200
[=]SCRAPE SERVE[=]A[HREF]::Link request received at https://www.ancientfaith.com/podcasts/livewiththelouhs/
[=]SCRAPE SERVE[=]LINK(s) EXTRACTED: /
[=]SCRAPE SERVE[=]ReqMETA: 200::GET
[=]SCRAPE SERVE[=]A[HREF]::Link request received at https://www.ancientfaith.com/podcasts/livewiththelouhs/
[=]SCRAPE SERVE[=]LINK(s) EXTRACTED: /radio/
[=]SCRAPE SERVE[=]ReqMETA: 200::GET
[=]SCRAPE SERVE[=]A[HREF]::Link request received at https://www.ancientfaith.com/podcasts/livewiththelouhs/
[=]SCRAPE SERVE[=]LINK(s) EXTRACTED: /radio/live-shows/
[=]SCRAPE SERVE[=]ReqMETA: 200::GET
[=]SCRAPE SERVE[=]A[HREF]::Link request received at https://www.ancientfaith.com/podcasts/livewiththelouhs/
[=]SCRAPE SERVE[=]LINK(s) EXTRACTED: /podcasts/
[=]SCRAPE SERVE[=]ReqMETA: 200::GET
[=]SCRAPE SERVE[=]A[HREF]::Link request received at https://www.ancientfaith.com/podcasts/livewiththelouhs/
[=]SCRAPE SERVE[=]LINK(s) EXTRACTED: /radio/sponsorships/
[=]SCRAPE SERVE[=]ReqMETA: 200::GET
[=]SCRAPE SERVE[=]A[HREF]::Link request received at https://www.ancientfaith.com/podcasts/livewiththelouhs/
[=]SCRAPE SERVE[=]LINK(s) EXTRACTED: /radio/digital-m/
[=]SCRAPE SERVE[=]ReqMETA: 200::GET
[=]SCRAPE SERVE[=]A[HREF]::Link request received at https://www.ancientfaith.com/podcasts/livewiththelouhs/
[=]SCRAPE SERVE[=]LINK(s) EXTRACTED: /publishing/
[=]SCRAPE SERVE[=]ReqMETA: 200::GET
[=]SCRAPE SERVE[=]A[HREF]::Link request received at https://www.ancientfaith.com/podcasts/livewiththelouhs/
[=]SCRAPE SERVE[=]LINK(s) EXTRACTED: /topics/Ancient-Faith-Kids/
[=]SCRAPE SERVE[=]ReqMETA: 200::GET
[=]SCRAPE SERVE[=]A[HREF]::Link request received at https://www.ancientfaith.com/podcasts/livewiththelouhs/
[=]SCRAPE SERVE[=]LINK(s) EXTRACTED: /events/
[=]SCRAPE SERVE[=]ReqMETA: 200::GET
[=]SCRAPE SERVE[=]A[HREF]::Link request received at https://www.ancientfaith.com/podcasts/livewiththelouhs/
[=]SCRAPE SERVE[=]LINK(s) EXTRACTED: /support/
[=]SCRAPE SERVE[=]ReqMETA: 200::GET
[=]SCRAPE SERVE[=]A[HREF]::Link request received at https://www.ancientfaith.com/podcasts/livewiththelouhs/
[=]SCRAPE SERVE[=]LINK(s) EXTRACTED: /about/
[=]SCRAPE SERVE[=]ReqMETA: 200::GET
[=]SCRAPE SERVE[=]A[HREF]::Link request received at https://www.ancientfaith.com/podcasts/livewiththelouhs/
[=]SCRAPE SERVE[=]LINK(s) EXTRACTED: /ceo-journal/
[=]SCRAPE SERVE[=]ReqMETA: 200::GET
[=]SCRAPE SERVE[=]A[HREF]::Link request received at https://www.ancientfaith.com/podcasts/livewiththelouhs/
[=]SCRAPE SERVE[=]LINK(s) EXTRACTED: https://store.ancientfaith.com/
[=]SCRAPE SERVE[=]ReqMETA: 200::GET
[=]SCRAPE SERVE[=]A[HREF]::Link request received at https://www.ancientfaith.com/podcasts/livewiththelouhs/
[=]SCRAPE SERVE[=]LINK(s) EXTRACTED: /login/
[=]SCRAPE SERVE[=]ReqMETA: 200::GET
[=]SCRAPE SERVE[=]A[HREF]::Link request received at https://www.ancientfaith.com/podcasts/livewiththelouhs/
[=]SCRAPE SERVE[=]LINK(s) EXTRACTED: /radio/
[=]SCRAPE SERVE[=]ReqMETA: 200::GET
[=]SCRAPE SERVE[=]A[HREF]::Link request received at https://www.ancientfaith.com/podcasts/livewiththelouhs/
[=]SCRAPE SERVE[=]LINK(s) EXTRACTED: /radio/live-shows/
[=]SCRAPE SERVE[=]ReqMETA: 200::GET
[=]SCRAPE SERVE[=]A[HREF]::Link request received at https://www.ancientfaith.com/podcasts/livewiththelouhs/
[=]SCRAPE SERVE[=]LINK(s) EXTRACTED: /podcasts/
[=]SCRAPE SERVE[=]ReqMETA: 200::GET
[=]SCRAPE SERVE[=]A[HREF]::Link request received at https://www.ancientfaith.com/podcasts/livewiththelouhs/
[=]SCRAPE SERVE[=]LINK(s) EXTRACTED: /radio/sponsorships/
[=]SCRAPE SERVE[=]ReqMETA: 200::GET
[=]SCRAPE SERVE[=]A[HREF]::Link request received at https://www.ancientfaith.com/podcasts/livewiththelouhs/
[=]SCRAPE SERVE[=]LINK(s) EXTRACTED: /radio/digital-m/
[=]SCRAPE SERVE[=]ReqMETA: 200::GET
[=]SCRAPE SERVE[=]A[HREF]::Link request received at https://www.ancientfaith.com/podcasts/livewiththelouhs/
[=]SCRAPE SERVE[=]LINK(s) EXTRACTED: /publishing/
[=]SCRAPE SERVE[=]ReqMETA: 200::GET
[=]SCRAPE SERVE[=]A[HREF]::Link request received at https://www.ancientfaith.com/podcasts/livewiththelouhs/
[=]SCRAPE SERVE[=]LINK(s) EXTRACTED: /topics/Ancient-Faith-Kids/
[=]SCRAPE SERVE[=]ReqMETA: 200::GET
[=]SCRAPE SERVE[=]A[HREF]::Link request received at https://www.ancientfaith.com/podcasts/livewiththelouhs/
[=]SCRAPE SERVE[=]LINK(s) EXTRACTED: /events/
[=]SCRAPE SERVE[=]ReqMETA: 200::GET
[=]SCRAPE SERVE[=]A[HREF]::Link request received at https://www.ancientfaith.com/podcasts/livewiththelouhs/
[=]SCRAPE SERVE[=]LINK(s) EXTRACTED: /support/
[=]SCRAPE SERVE[=]ReqMETA: 200::GET
[=]SCRAPE SERVE[=]A[HREF]::Link request received at https://www.ancientfaith.com/podcasts/livewiththelouhs/
[=]SCRAPE SERVE[=]LINK(s) EXTRACTED: /about/
[=]SCRAPE SERVE[=]ReqMETA: 200::GET
[=]SCRAPE SERVE[=]A[HREF]::Link request received at https://www.ancientfaith.com/podcasts/livewiththelouhs/
[=]SCRAPE SERVE[=]LINK(s) EXTRACTED: /ceo-journal/
[=]SCRAPE SERVE[=]ReqMETA: 200::GET
[=]SCRAPE SERVE[=]A[HREF]::Link request received at https://www.ancientfaith.com/podcasts/livewiththelouhs/
[=]SCRAPE SERVE[=]LINK(s) EXTRACTED: https://store.ancientfaith.com/
[=]SCRAPE SERVE[=]ReqMETA: 200::GET
[=]SCRAPE SERVE[=]A[HREF]::Link request received at https://www.ancientfaith.com/podcasts/livewiththelouhs/
[=]SCRAPE SERVE[=]LINK(s) EXTRACTED: /login/
[=]SCRAPE SERVE[=]ReqMETA: 200::GET
[=]SCRAPE SERVE[=]A[HREF]::Link request received at https://www.ancientfaith.com/podcasts/livewiththelouhs/
[=]SCRAPE SERVE[=]LINK(s) EXTRACTED: https://feeds.ancientfaith.com/livewiththelouhs
[=]SCRAPE SERVE[=]ReqMETA: 200::GET
[=]SCRAPE SERVE[=]A[HREF]::Link request received at https://www.ancientfaith.com/podcasts/livewiththelouhs/
[=]SCRAPE SERVE[=]LINK(s) EXTRACTED: https://podcasts.apple.com/us/podcast/id1591668443
[=]SCRAPE SERVE[=]ReqMETA: 200::GET
[=]SCRAPE SERVE[=]A[HREF]::Link request received at https://www.ancientfaith.com/podcasts/livewiththelouhs/
[=]SCRAPE SERVE[=]LINK(s) EXTRACTED: https://web.charityengine.net/Default.aspx?tsid=31584
[=]SCRAPE SERVE[=]ReqMETA: 200::GET
[=]SCRAPE SERVE[=]A[HREF]::Link request received at https://www.ancientfaith.com/podcasts/livewiththelouhs/
[=]SCRAPE SERVE[=]LINK(s) EXTRACTED: /podcasts/livewiththelouhs/?page=2
[=]SCRAPE SERVE[=]ReqMETA: 200::GET
[=]SCRAPE SERVE[=]A[HREF]::Link request received at https://www.ancientfaith.com/podcasts/livewiththelouhs/
[=]SCRAPE SERVE[=]LINK(s) EXTRACTED: /podcasts/livewiththelouhs/?page=39
[=]SCRAPE SERVE[=]ReqMETA: 200::GET
[=]SCRAPE SERVE[=]A[HREF]::Link request received at https://www.ancientfaith.com/podcasts/livewiththelouhs/
[=]SCRAPE SERVE[=]LINK(s) EXTRACTED: /podcasts/livewiththelouhs/truth-the-foundation-of-trust/
[=]SCRAPE SERVE[=]ReqMETA: 200::GET
[=]SCRAPE SERVE[=]A[HREF]::Link request received at https://www.ancientfaith.com/podcasts/livewiththelouhs/
[=]SCRAPE SERVE[=]LINK(s) EXTRACTED: /podcasts/livewiththelouhs/protection-love-as-a-safe-place/
[=]SCRAPE SERVE[=]ReqMETA: 200::GET
[=]SCRAPE SERVE[=]A[HREF]::Link request received at https://www.ancientfaith.com/podcasts/livewiththelouhs/
[=]SCRAPE SERVE[=]LINK(s) EXTRACTED: /podcasts/livewiththelouhs/evil-delighting-in-good-not-harm/
[=]SCRAPE SERVE[=]ReqMETA: 200::GET
[=]SCRAPE SERVE[=]A[HREF]::Link request received at https://www.ancientfaith.com/podcasts/livewiththelouhs/
[=]SCRAPE SERVE[=]LINK(s) EXTRACTED: /podcasts/livewiththelouhs/forgiveness-letting-go-of-the-past-to-heal-the-present/
[=]SCRAPE SERVE[=]ReqMETA: 200::GET
[=]SCRAPE SERVE[=]A[HREF]::Link request received at https://www.ancientfaith.com/podcasts/livewiththelouhs/
[=]SCRAPE SERVE[=]LINK(s) EXTRACTED: /podcasts/livewiththelouhs/love-is-steady-not-reactive/
[=]SCRAPE SERVE[=]ReqMETA: 200::GET
[=]SCRAPE SERVE[=]A[HREF]::Link request received at https://www.ancientfaith.com/podcasts/livewiththelouhs/
[=]SCRAPE SERVE[=]LINK(s) EXTRACTED: /podcasts/livewiththelouhs/?page=2
[=]SCRAPE SERVE[=]ReqMETA: 200::GET
[=]SCRAPE SERVE[=]A[HREF]::Link request received at https://www.ancientfaith.com/podcasts/livewiththelouhs/
[=]SCRAPE SERVE[=]LINK(s) EXTRACTED: /podcasts/livewiththelouhs/?page=39
[=]SCRAPE SERVE[=]ReqMETA: 200::GET
[=]SCRAPE SERVE[=]A[HREF]::Link request received at https://www.ancientfaith.com/podcasts/livewiththelouhs/
[=]SCRAPE SERVE[=]LINK(s) EXTRACTED: /contributors/nicholas_louh/
[=]SCRAPE SERVE[=]ReqMETA: 200::GET
[=]SCRAPE SERVE[=]A[HREF]::Link request received at https://www.ancientfaith.com/podcasts/livewiththelouhs/
[=]SCRAPE SERVE[=]LINK(s) EXTRACTED: /contributors/roxanne_louh/
[=]SCRAPE SERVE[=]ReqMETA: 200::GET
[=]SCRAPE SERVE[=]A[HREF]::Link request received at https://www.ancientfaith.com/podcasts/livewiththelouhs/
[=]SCRAPE SERVE[=]LINK(s) EXTRACTED: mailto:thelouhs@ancientfaith.com
[=]SCRAPE SERVE[=]ReqMETA: 200::GET
[=]SCRAPE SERVE[=]A[HREF]::Link request received at https://www.ancientfaith.com/podcasts/livewiththelouhs/
[=]SCRAPE SERVE[=]LINK(s) EXTRACTED: https://www.speakpipe.com/LiveWithTheLouhs
[=]SCRAPE SERVE[=]ReqMETA: 200::GET
[=]SCRAPE SERVE[=]A[HREF]::Link request received at https://www.ancientfaith.com/podcasts/livewiththelouhs/
[=]SCRAPE SERVE[=]LINK(s) EXTRACTED: /podcasts/hmhs/
[=]SCRAPE SERVE[=]ReqMETA: 200::GET
[=]SCRAPE SERVE[=]A[HREF]::Link request received at https://www.ancientfaith.com/podcasts/livewiththelouhs/
[=]SCRAPE SERVE[=]LINK(s) EXTRACTED: /podcasts/healthysouls/
[=]SCRAPE SERVE[=]ReqMETA: 200::GET
[=]SCRAPE SERVE[=]A[HREF]::Link request received at https://www.ancientfaith.com/podcasts/livewiththelouhs/
[=]SCRAPE SERVE[=]LINK(s) EXTRACTED: https://store.ancientfaith.com/renewing-you/
[=]SCRAPE SERVE[=]ReqMETA: 200::GET
[=]SCRAPE SERVE[=]A[HREF]::Link request received at https://www.ancientfaith.com/podcasts/livewiththelouhs/
[=]SCRAPE SERVE[=]LINK(s) EXTRACTED: https://store.ancientfaith.com/6-hours-7-lessons-how-christs-light-transcends-our-darkness/
[=]SCRAPE SERVE[=]ReqMETA: 200::GET
[=]SCRAPE SERVE[=]A[HREF]::Link request received at https://www.ancientfaith.com/podcasts/livewiththelouhs/
[=]SCRAPE SERVE[=]LINK(s) EXTRACTED: /workwithus/
[=]SCRAPE SERVE[=]ReqMETA: 200::GET
[=]SCRAPE SERVE[=]A[HREF]::Link request received at https://www.ancientfaith.com/podcasts/livewiththelouhs/
[=]SCRAPE SERVE[=]LINK(s) EXTRACTED: /about/
[=]SCRAPE SERVE[=]ReqMETA: 200::GET
[=]SCRAPE SERVE[=]A[HREF]::Link request received at https://www.ancientfaith.com/podcasts/livewiththelouhs/
[=]SCRAPE SERVE[=]LINK(s) EXTRACTED: /support/
[=]SCRAPE SERVE[=]ReqMETA: 200::GET
[=]SCRAPE SERVE[=]A[HREF]::Link request received at https://www.ancientfaith.com/podcasts/livewiththelouhs/
[=]SCRAPE SERVE[=]LINK(s) EXTRACTED: /about/
[=]SCRAPE SERVE[=]ReqMETA: 200::GET
[=]SCRAPE SERVE[=]A[HREF]::Link request received at https://www.ancientfaith.com/podcasts/livewiththelouhs/
[=]SCRAPE SERVE[=]LINK(s) EXTRACTED: https://store.ancientfaith.com
[=]SCRAPE SERVE[=]ReqMETA: 200::GET
[=]SCRAPE SERVE[=]A[HREF]::Link request received at https://www.ancientfaith.com/podcasts/livewiththelouhs/
[=]SCRAPE SERVE[=]LINK(s) EXTRACTED: https://www.facebook.com/ancientfaithministries
[=]SCRAPE SERVE[=]ReqMETA: 200::GET
[=]SCRAPE SERVE[=]A[HREF]::Link request received at https://www.ancientfaith.com/podcasts/livewiththelouhs/
[=]SCRAPE SERVE[=]LINK(s) EXTRACTED: https://www.youtube.com/@AncientFaithMinistries
[=]SCRAPE SERVE[=]ReqMETA: 200::GET
[=]SCRAPE SERVE[=]A[HREF]::Link request received at https://www.ancientfaith.com/podcasts/livewiththelouhs/
[=]SCRAPE SERVE[=]LINK(s) EXTRACTED: https://www.instagram.com/ancientfaithministries/
[=]SCRAPE SERVE[=]ReqMETA: 200::GET
[=]SCRAPE SERVE[=]A[HREF]::Link request received at https://www.ancientfaith.com/podcasts/livewiththelouhs/
[=]SCRAPE SERVE[=]LINK(s) EXTRACTED: https://www.tiktok.com/@ancientfaithministries
[=]SCRAPE SERVE[=]ReqMETA: 200::GET
[=]SCRAPE SERVE[=]A[HREF]::Link request received at https://www.ancientfaith.com/podcasts/livewiththelouhs/
[=]SCRAPE SERVE[=]LINK(s) EXTRACTED: /
[=]SCRAPE SERVE[=]ReqMETA: 200::GET
[=]SCRAPE SERVE[=]A[HREF]::Link request received at https://www.ancientfaith.com/podcasts/livewiththelouhs/
[=]SCRAPE SERVE[=]LINK(s) EXTRACTED: /topics/Ancient-Faith-Kids/
[=]SCRAPE SERVE[=]ReqMETA: 200::GET
[=]SCRAPE SERVE[=]A[HREF]::Link request received at https://www.ancientfaith.com/podcasts/livewiththelouhs/
[=]SCRAPE SERVE[=]LINK(s) EXTRACTED: https://www.facebook.com/ancientfaithkids
[=]SCRAPE SERVE[=]ReqMETA: 200::GET
[=]SCRAPE SERVE[=]A[HREF]::Link request received at https://www.ancientfaith.com/podcasts/livewiththelouhs/
[=]SCRAPE SERVE[=]LINK(s) EXTRACTED: https://www.youtube.com/@ancientfaith4kids
[=]SCRAPE SERVE[=]ReqMETA: 200::GET
[=]SCRAPE SERVE[=]A[HREF]::Link request received at https://www.ancientfaith.com/podcasts/livewiththelouhs/
[=]SCRAPE SERVE[=]LINK(s) EXTRACTED: https://www.instagram.com/ancientfaithkids/
[=]SCRAPE SERVE[=]ReqMETA: 200::GET
[=]SCRAPE SERVE[=]A[HREF]::Link request received at https://www.ancientfaith.com/podcasts/livewiththelouhs/
[=]SCRAPE SERVE[=]LINK(s) EXTRACTED: https://afm.kindful.com/?campaign=1193135
[=]SCRAPE SERVE[=]ReqMETA: 200::GET
[=]SCRAPE SERVE[=]A[HREF]::Link request received at https://www.ancientfaith.com/podcasts/livewiththelouhs/
[=]SCRAPE SERVE[=]LINK(s) EXTRACTED: 
[=]SCRAPE SERVE[=]ReqMETA: 200::GET
[=]SCRAPE SERVE[=]A[HREF]::Link request received at https://www.ancientfaith.com/podcasts/livewiththelouhs/
[=]SCRAPE SERVE[=]LINK(s) EXTRACTED: 
[=]SCRAPE SERVE[=]ReqMETA: 200::GET
[=]SCRAPE SERVE[=]A[HREF]::Link request received at https://www.ancientfaith.com/podcasts/livewiththelouhs/
[=]SCRAPE SERVE[=]LINK(s) EXTRACTED: 
[=]SCRAPE SERVE[=]ReqMETA: 200::GET
[=]SCRAPE SERVE[=]visiting https://www.ancientfaith.com/podcasts/olivejar/
[=]SCRAPE SERVE[=]response received 200
[=]SCRAPE SERVE[=]A[HREF]::Link request received at https://www.ancientfaith.com/podcasts/olivejar/
[=]SCRAPE SERVE[=]LINK(s) EXTRACTED: /
[=]SCRAPE SERVE[=]ReqMETA: 200::GET
[=]SCRAPE SERVE[=]A[HREF]::Link request received at https://www.ancientfaith.com/podcasts/olivejar/
[=]SCRAPE SERVE[=]LINK(s) EXTRACTED: /radio/
[=]SCRAPE SERVE[=]ReqMETA: 200::GET
[=]SCRAPE SERVE[=]A[HREF]::Link request received at https://www.ancientfaith.com/podcasts/olivejar/
[=]SCRAPE SERVE[=]LINK(s) EXTRACTED: /radio/live-shows/
[=]SCRAPE SERVE[=]ReqMETA: 200::GET
[=]SCRAPE SERVE[=]A[HREF]::Link request received at https://www.ancientfaith.com/podcasts/olivejar/
[=]SCRAPE SERVE[=]LINK(s) EXTRACTED: /podcasts/
[=]SCRAPE SERVE[=]ReqMETA: 200::GET
[=]SCRAPE SERVE[=]A[HREF]::Link request received at https://www.ancientfaith.com/podcasts/olivejar/
[=]SCRAPE SERVE[=]LINK(s) EXTRACTED: /radio/sponsorships/
[=]SCRAPE SERVE[=]ReqMETA: 200::GET
[=]SCRAPE SERVE[=]A[HREF]::Link request received at https://www.ancientfaith.com/podcasts/olivejar/
[=]SCRAPE SERVE[=]LINK(s) EXTRACTED: /radio/digital-m/
[=]SCRAPE SERVE[=]ReqMETA: 200::GET
[=]SCRAPE SERVE[=]A[HREF]::Link request received at https://www.ancientfaith.com/podcasts/olivejar/
[=]SCRAPE SERVE[=]LINK(s) EXTRACTED: /publishing/
[=]SCRAPE SERVE[=]ReqMETA: 200::GET
[=]SCRAPE SERVE[=]A[HREF]::Link request received at https://www.ancientfaith.com/podcasts/olivejar/
[=]SCRAPE SERVE[=]LINK(s) EXTRACTED: /topics/Ancient-Faith-Kids/
[=]SCRAPE SERVE[=]ReqMETA: 200::GET
[=]SCRAPE SERVE[=]A[HREF]::Link request received at https://www.ancientfaith.com/podcasts/olivejar/
[=]SCRAPE SERVE[=]LINK(s) EXTRACTED: /events/
[=]SCRAPE SERVE[=]ReqMETA: 200::GET
[=]SCRAPE SERVE[=]A[HREF]::Link request received at https://www.ancientfaith.com/podcasts/olivejar/
[=]SCRAPE SERVE[=]LINK(s) EXTRACTED: /support/
[=]SCRAPE SERVE[=]ReqMETA: 200::GET
[=]SCRAPE SERVE[=]A[HREF]::Link request received at https://www.ancientfaith.com/podcasts/olivejar/
[=]SCRAPE SERVE[=]LINK(s) EXTRACTED: /about/
[=]SCRAPE SERVE[=]ReqMETA: 200::GET
[=]SCRAPE SERVE[=]A[HREF]::Link request received at https://www.ancientfaith.com/podcasts/olivejar/
[=]SCRAPE SERVE[=]LINK(s) EXTRACTED: /ceo-journal/
[=]SCRAPE SERVE[=]ReqMETA: 200::GET
[=]SCRAPE SERVE[=]A[HREF]::Link request received at https://www.ancientfaith.com/podcasts/olivejar/
[=]SCRAPE SERVE[=]LINK(s) EXTRACTED: https://store.ancientfaith.com/
[=]SCRAPE SERVE[=]ReqMETA: 200::GET
[=]SCRAPE SERVE[=]A[HREF]::Link request received at https://www.ancientfaith.com/podcasts/olivejar/
[=]SCRAPE SERVE[=]LINK(s) EXTRACTED: /login/
[=]SCRAPE SERVE[=]ReqMETA: 200::GET
[=]SCRAPE SERVE[=]A[HREF]::Link request received at https://www.ancientfaith.com/podcasts/olivejar/
[=]SCRAPE SERVE[=]LINK(s) EXTRACTED: /radio/
[=]SCRAPE SERVE[=]ReqMETA: 200::GET
[=]SCRAPE SERVE[=]A[HREF]::Link request received at https://www.ancientfaith.com/podcasts/olivejar/
[=]SCRAPE SERVE[=]LINK(s) EXTRACTED: /radio/live-shows/
[=]SCRAPE SERVE[=]ReqMETA: 200::GET
[=]SCRAPE SERVE[=]A[HREF]::Link request received at https://www.ancientfaith.com/podcasts/olivejar/
[=]SCRAPE SERVE[=]LINK(s) EXTRACTED: /podcasts/
[=]SCRAPE SERVE[=]ReqMETA: 200::GET
[=]SCRAPE SERVE[=]A[HREF]::Link request received at https://www.ancientfaith.com/podcasts/olivejar/
[=]SCRAPE SERVE[=]LINK(s) EXTRACTED: /radio/sponsorships/
[=]SCRAPE SERVE[=]ReqMETA: 200::GET
[=]SCRAPE SERVE[=]A[HREF]::Link request received at https://www.ancientfaith.com/podcasts/olivejar/
[=]SCRAPE SERVE[=]LINK(s) EXTRACTED: /radio/digital-m/
[=]SCRAPE SERVE[=]ReqMETA: 200::GET
[=]SCRAPE SERVE[=]A[HREF]::Link request received at https://www.ancientfaith.com/podcasts/olivejar/
[=]SCRAPE SERVE[=]LINK(s) EXTRACTED: /publishing/
[=]SCRAPE SERVE[=]ReqMETA: 200::GET
[=]SCRAPE SERVE[=]A[HREF]::Link request received at https://www.ancientfaith.com/podcasts/olivejar/
[=]SCRAPE SERVE[=]LINK(s) EXTRACTED: /topics/Ancient-Faith-Kids/
[=]SCRAPE SERVE[=]ReqMETA: 200::GET
[=]SCRAPE SERVE[=]A[HREF]::Link request received at https://www.ancientfaith.com/podcasts/olivejar/
[=]SCRAPE SERVE[=]LINK(s) EXTRACTED: /events/
[=]SCRAPE SERVE[=]ReqMETA: 200::GET
[=]SCRAPE SERVE[=]A[HREF]::Link request received at https://www.ancientfaith.com/podcasts/olivejar/
[=]SCRAPE SERVE[=]LINK(s) EXTRACTED: /support/
[=]SCRAPE SERVE[=]ReqMETA: 200::GET
[=]SCRAPE SERVE[=]A[HREF]::Link request received at https://www.ancientfaith.com/podcasts/olivejar/
[=]SCRAPE SERVE[=]LINK(s) EXTRACTED: /about/
[=]SCRAPE SERVE[=]ReqMETA: 200::GET
[=]SCRAPE SERVE[=]A[HREF]::Link request received at https://www.ancientfaith.com/podcasts/olivejar/
[=]SCRAPE SERVE[=]LINK(s) EXTRACTED: /ceo-journal/
[=]SCRAPE SERVE[=]ReqMETA: 200::GET
[=]SCRAPE SERVE[=]A[HREF]::Link request received at https://www.ancientfaith.com/podcasts/olivejar/
[=]SCRAPE SERVE[=]LINK(s) EXTRACTED: https://store.ancientfaith.com/
[=]SCRAPE SERVE[=]ReqMETA: 200::GET
[=]SCRAPE SERVE[=]A[HREF]::Link request received at https://www.ancientfaith.com/podcasts/olivejar/
[=]SCRAPE SERVE[=]LINK(s) EXTRACTED: /login/
[=]SCRAPE SERVE[=]ReqMETA: 200::GET
[=]SCRAPE SERVE[=]A[HREF]::Link request received at https://www.ancientfaith.com/podcasts/olivejar/
[=]SCRAPE SERVE[=]LINK(s) EXTRACTED: https://feeds.ancientfaith.com/olivejar
[=]SCRAPE SERVE[=]ReqMETA: 200::GET
[=]SCRAPE SERVE[=]A[HREF]::Link request received at https://www.ancientfaith.com/podcasts/olivejar/
[=]SCRAPE SERVE[=]LINK(s) EXTRACTED: https://podcasts.apple.com/us/podcast/id1671060903
[=]SCRAPE SERVE[=]ReqMETA: 200::GET
[=]SCRAPE SERVE[=]A[HREF]::Link request received at https://www.ancientfaith.com/podcasts/olivejar/
[=]SCRAPE SERVE[=]LINK(s) EXTRACTED: https://web.charityengine.net/Default.aspx?tsid=31584
[=]SCRAPE SERVE[=]ReqMETA: 200::GET
[=]SCRAPE SERVE[=]A[HREF]::Link request received at https://www.ancientfaith.com/podcasts/olivejar/
[=]SCRAPE SERVE[=]LINK(s) EXTRACTED: /podcasts/olivejar/?page=2
[=]SCRAPE SERVE[=]ReqMETA: 200::GET
[=]SCRAPE SERVE[=]A[HREF]::Link request received at https://www.ancientfaith.com/podcasts/olivejar/
[=]SCRAPE SERVE[=]LINK(s) EXTRACTED: /podcasts/olivejar/?page=4
[=]SCRAPE SERVE[=]ReqMETA: 200::GET
[=]SCRAPE SERVE[=]A[HREF]::Link request received at https://www.ancientfaith.com/podcasts/olivejar/
[=]SCRAPE SERVE[=]LINK(s) EXTRACTED: /podcasts/olivejar/godparents/
[=]SCRAPE SERVE[=]ReqMETA: 200::GET
[=]SCRAPE SERVE[=]A[HREF]::Link request received at https://www.ancientfaith.com/podcasts/olivejar/
[=]SCRAPE SERVE[=]LINK(s) EXTRACTED: /podcasts/olivejar/thankfulness/
[=]SCRAPE SERVE[=]ReqMETA: 200::GET
[=]SCRAPE SERVE[=]A[HREF]::Link request received at https://www.ancientfaith.com/podcasts/olivejar/
[=]SCRAPE SERVE[=]LINK(s) EXTRACTED: /podcasts/olivejar/big-feelings/
[=]SCRAPE SERVE[=]ReqMETA: 200::GET
[=]SCRAPE SERVE[=]A[HREF]::Link request received at https://www.ancientfaith.com/podcasts/olivejar/
[=]SCRAPE SERVE[=]LINK(s) EXTRACTED: /podcasts/olivejar/virtue/
[=]SCRAPE SERVE[=]ReqMETA: 200::GET
[=]SCRAPE SERVE[=]A[HREF]::Link request received at https://www.ancientfaith.com/podcasts/olivejar/
[=]SCRAPE SERVE[=]LINK(s) EXTRACTED: /podcasts/olivejar/humility/
[=]SCRAPE SERVE[=]ReqMETA: 200::GET
[=]SCRAPE SERVE[=]A[HREF]::Link request received at https://www.ancientfaith.com/podcasts/olivejar/
[=]SCRAPE SERVE[=]LINK(s) EXTRACTED: /podcasts/olivejar/?page=2
[=]SCRAPE SERVE[=]ReqMETA: 200::GET
[=]SCRAPE SERVE[=]A[HREF]::Link request received at https://www.ancientfaith.com/podcasts/olivejar/
[=]SCRAPE SERVE[=]LINK(s) EXTRACTED: /podcasts/olivejar/?page=4
[=]SCRAPE SERVE[=]ReqMETA: 200::GET
[=]SCRAPE SERVE[=]A[HREF]::Link request received at https://www.ancientfaith.com/podcasts/olivejar/
[=]SCRAPE SERVE[=]LINK(s) EXTRACTED: /contributors/presvytera-katie-tussing/
[=]SCRAPE SERVE[=]ReqMETA: 200::GET
[=]SCRAPE SERVE[=]A[HREF]::Link request received at https://www.ancientfaith.com/podcasts/olivejar/
[=]SCRAPE SERVE[=]LINK(s) EXTRACTED: mailto:olivejar@ancientfaith.com
[=]SCRAPE SERVE[=]ReqMETA: 200::GET
[=]SCRAPE SERVE[=]A[HREF]::Link request received at https://www.ancientfaith.com/podcasts/olivejar/
[=]SCRAPE SERVE[=]LINK(s) EXTRACTED: /workwithus/
[=]SCRAPE SERVE[=]ReqMETA: 200::GET
[=]SCRAPE SERVE[=]A[HREF]::Link request received at https://www.ancientfaith.com/podcasts/olivejar/
[=]SCRAPE SERVE[=]LINK(s) EXTRACTED: /about/
[=]SCRAPE SERVE[=]ReqMETA: 200::GET
[=]SCRAPE SERVE[=]A[HREF]::Link request received at https://www.ancientfaith.com/podcasts/olivejar/
[=]SCRAPE SERVE[=]LINK(s) EXTRACTED: /support/
[=]SCRAPE SERVE[=]ReqMETA: 200::GET
[=]SCRAPE SERVE[=]A[HREF]::Link request received at https://www.ancientfaith.com/podcasts/olivejar/
[=]SCRAPE SERVE[=]LINK(s) EXTRACTED: /about/
[=]SCRAPE SERVE[=]ReqMETA: 200::GET
[=]SCRAPE SERVE[=]A[HREF]::Link request received at https://www.ancientfaith.com/podcasts/olivejar/
[=]SCRAPE SERVE[=]LINK(s) EXTRACTED: https://store.ancientfaith.com
[=]SCRAPE SERVE[=]ReqMETA: 200::GET
[=]SCRAPE SERVE[=]A[HREF]::Link request received at https://www.ancientfaith.com/podcasts/olivejar/
[=]SCRAPE SERVE[=]LINK(s) EXTRACTED: https://www.facebook.com/ancientfaithministries
[=]SCRAPE SERVE[=]ReqMETA: 200::GET
[=]SCRAPE SERVE[=]A[HREF]::Link request received at https://www.ancientfaith.com/podcasts/olivejar/
[=]SCRAPE SERVE[=]LINK(s) EXTRACTED: https://www.youtube.com/@AncientFaithMinistries
[=]SCRAPE SERVE[=]ReqMETA: 200::GET
[=]SCRAPE SERVE[=]A[HREF]::Link request received at https://www.ancientfaith.com/podcasts/olivejar/
[=]SCRAPE SERVE[=]LINK(s) EXTRACTED: https://www.instagram.com/ancientfaithministries/
[=]SCRAPE SERVE[=]ReqMETA: 200::GET
[=]SCRAPE SERVE[=]A[HREF]::Link request received at https://www.ancientfaith.com/podcasts/olivejar/
[=]SCRAPE SERVE[=]LINK(s) EXTRACTED: https://www.tiktok.com/@ancientfaithministries
[=]SCRAPE SERVE[=]ReqMETA: 200::GET
[=]SCRAPE SERVE[=]A[HREF]::Link request received at https://www.ancientfaith.com/podcasts/olivejar/
[=]SCRAPE SERVE[=]LINK(s) EXTRACTED: /
[=]SCRAPE SERVE[=]ReqMETA: 200::GET
[=]SCRAPE SERVE[=]A[HREF]::Link request received at https://www.ancientfaith.com/podcasts/olivejar/
[=]SCRAPE SERVE[=]LINK(s) EXTRACTED: /topics/Ancient-Faith-Kids/
[=]SCRAPE SERVE[=]ReqMETA: 200::GET
[=]SCRAPE SERVE[=]A[HREF]::Link request received at https://www.ancientfaith.com/podcasts/olivejar/
[=]SCRAPE SERVE[=]LINK(s) EXTRACTED: https://www.facebook.com/ancientfaithkids
[=]SCRAPE SERVE[=]ReqMETA: 200::GET
[=]SCRAPE SERVE[=]A[HREF]::Link request received at https://www.ancientfaith.com/podcasts/olivejar/
[=]SCRAPE SERVE[=]LINK(s) EXTRACTED: https://www.youtube.com/@ancientfaith4kids
[=]SCRAPE SERVE[=]ReqMETA: 200::GET
[=]SCRAPE SERVE[=]A[HREF]::Link request received at https://www.ancientfaith.com/podcasts/olivejar/
[=]SCRAPE SERVE[=]LINK(s) EXTRACTED: https://www.instagram.com/ancientfaithkids/
[=]SCRAPE SERVE[=]ReqMETA: 200::GET
[=]SCRAPE SERVE[=]A[HREF]::Link request received at https://www.ancientfaith.com/podcasts/olivejar/
[=]SCRAPE SERVE[=]LINK(s) EXTRACTED: https://afm.kindful.com/?campaign=1193135
[=]SCRAPE SERVE[=]ReqMETA: 200::GET
[=]SCRAPE SERVE[=]A[HREF]::Link request received at https://www.ancientfaith.com/podcasts/olivejar/
[=]SCRAPE SERVE[=]LINK(s) EXTRACTED: 
[=]SCRAPE SERVE[=]ReqMETA: 200::GET
[=]SCRAPE SERVE[=]A[HREF]::Link request received at https://www.ancientfaith.com/podcasts/olivejar/
[=]SCRAPE SERVE[=]LINK(s) EXTRACTED: 
[=]SCRAPE SERVE[=]ReqMETA: 200::GET
[=]SCRAPE SERVE[=]A[HREF]::Link request received at https://www.ancientfaith.com/podcasts/olivejar/
[=]SCRAPE SERVE[=]LINK(s) EXTRACTED: 
[=]SCRAPE SERVE[=]ReqMETA: 200::GET
[=]SCRAPE SERVE[=]visiting https://www.ancientfaith.com/podcasts/orthodox_women_in_healing_ministries/
[=]SCRAPE SERVE[=]response received 200
[=]SCRAPE SERVE[=]A[HREF]::Link request received at https://www.ancientfaith.com/podcasts/orthodox_women_in_healing_ministries/
[=]SCRAPE SERVE[=]LINK(s) EXTRACTED: /
[=]SCRAPE SERVE[=]ReqMETA: 200::GET
[=]SCRAPE SERVE[=]A[HREF]::Link request received at https://www.ancientfaith.com/podcasts/orthodox_women_in_healing_ministries/
[=]SCRAPE SERVE[=]LINK(s) EXTRACTED: /radio/
[=]SCRAPE SERVE[=]ReqMETA: 200::GET
[=]SCRAPE SERVE[=]A[HREF]::Link request received at https://www.ancientfaith.com/podcasts/orthodox_women_in_healing_ministries/
[=]SCRAPE SERVE[=]LINK(s) EXTRACTED: /radio/live-shows/
[=]SCRAPE SERVE[=]ReqMETA: 200::GET
[=]SCRAPE SERVE[=]A[HREF]::Link request received at https://www.ancientfaith.com/podcasts/orthodox_women_in_healing_ministries/
[=]SCRAPE SERVE[=]LINK(s) EXTRACTED: /podcasts/
[=]SCRAPE SERVE[=]ReqMETA: 200::GET
[=]SCRAPE SERVE[=]A[HREF]::Link request received at https://www.ancientfaith.com/podcasts/orthodox_women_in_healing_ministries/
[=]SCRAPE SERVE[=]LINK(s) EXTRACTED: /radio/sponsorships/
[=]SCRAPE SERVE[=]ReqMETA: 200::GET
[=]SCRAPE SERVE[=]A[HREF]::Link request received at https://www.ancientfaith.com/podcasts/orthodox_women_in_healing_ministries/
[=]SCRAPE SERVE[=]LINK(s) EXTRACTED: /radio/digital-m/
[=]SCRAPE SERVE[=]ReqMETA: 200::GET
[=]SCRAPE SERVE[=]A[HREF]::Link request received at https://www.ancientfaith.com/podcasts/orthodox_women_in_healing_ministries/
[=]SCRAPE SERVE[=]LINK(s) EXTRACTED: /publishing/
[=]SCRAPE SERVE[=]ReqMETA: 200::GET
[=]SCRAPE SERVE[=]A[HREF]::Link request received at https://www.ancientfaith.com/podcasts/orthodox_women_in_healing_ministries/
[=]SCRAPE SERVE[=]LINK(s) EXTRACTED: /topics/Ancient-Faith-Kids/
[=]SCRAPE SERVE[=]ReqMETA: 200::GET
[=]SCRAPE SERVE[=]A[HREF]::Link request received at https://www.ancientfaith.com/podcasts/orthodox_women_in_healing_ministries/
[=]SCRAPE SERVE[=]LINK(s) EXTRACTED: /events/
[=]SCRAPE SERVE[=]ReqMETA: 200::GET
[=]SCRAPE SERVE[=]A[HREF]::Link request received at https://www.ancientfaith.com/podcasts/orthodox_women_in_healing_ministries/
[=]SCRAPE SERVE[=]LINK(s) EXTRACTED: /support/
[=]SCRAPE SERVE[=]ReqMETA: 200::GET
[=]SCRAPE SERVE[=]A[HREF]::Link request received at https://www.ancientfaith.com/podcasts/orthodox_women_in_healing_ministries/
[=]SCRAPE SERVE[=]LINK(s) EXTRACTED: /about/
[=]SCRAPE SERVE[=]ReqMETA: 200::GET
[=]SCRAPE SERVE[=]A[HREF]::Link request received at https://www.ancientfaith.com/podcasts/orthodox_women_in_healing_ministries/
[=]SCRAPE SERVE[=]LINK(s) EXTRACTED: /ceo-journal/
[=]SCRAPE SERVE[=]ReqMETA: 200::GET
[=]SCRAPE SERVE[=]A[HREF]::Link request received at https://www.ancientfaith.com/podcasts/orthodox_women_in_healing_ministries/
[=]SCRAPE SERVE[=]LINK(s) EXTRACTED: https://store.ancientfaith.com/
[=]SCRAPE SERVE[=]ReqMETA: 200::GET
[=]SCRAPE SERVE[=]A[HREF]::Link request received at https://www.ancientfaith.com/podcasts/orthodox_women_in_healing_ministries/
[=]SCRAPE SERVE[=]LINK(s) EXTRACTED: /login/
[=]SCRAPE SERVE[=]ReqMETA: 200::GET
[=]SCRAPE SERVE[=]A[HREF]::Link request received at https://www.ancientfaith.com/podcasts/orthodox_women_in_healing_ministries/
[=]SCRAPE SERVE[=]LINK(s) EXTRACTED: /radio/
[=]SCRAPE SERVE[=]ReqMETA: 200::GET
[=]SCRAPE SERVE[=]A[HREF]::Link request received at https://www.ancientfaith.com/podcasts/orthodox_women_in_healing_ministries/
[=]SCRAPE SERVE[=]LINK(s) EXTRACTED: /radio/live-shows/
[=]SCRAPE SERVE[=]ReqMETA: 200::GET
[=]SCRAPE SERVE[=]A[HREF]::Link request received at https://www.ancientfaith.com/podcasts/orthodox_women_in_healing_ministries/
[=]SCRAPE SERVE[=]LINK(s) EXTRACTED: /podcasts/
[=]SCRAPE SERVE[=]ReqMETA: 200::GET
[=]SCRAPE SERVE[=]A[HREF]::Link request received at https://www.ancientfaith.com/podcasts/orthodox_women_in_healing_ministries/
[=]SCRAPE SERVE[=]LINK(s) EXTRACTED: /radio/sponsorships/
[=]SCRAPE SERVE[=]ReqMETA: 200::GET
[=]SCRAPE SERVE[=]A[HREF]::Link request received at https://www.ancientfaith.com/podcasts/orthodox_women_in_healing_ministries/
[=]SCRAPE SERVE[=]LINK(s) EXTRACTED: /radio/digital-m/
[=]SCRAPE SERVE[=]ReqMETA: 200::GET
[=]SCRAPE SERVE[=]A[HREF]::Link request received at https://www.ancientfaith.com/podcasts/orthodox_women_in_healing_ministries/
[=]SCRAPE SERVE[=]LINK(s) EXTRACTED: /publishing/
[=]SCRAPE SERVE[=]ReqMETA: 200::GET
[=]SCRAPE SERVE[=]A[HREF]::Link request received at https://www.ancientfaith.com/podcasts/orthodox_women_in_healing_ministries/
[=]SCRAPE SERVE[=]LINK(s) EXTRACTED: /topics/Ancient-Faith-Kids/
[=]SCRAPE SERVE[=]ReqMETA: 200::GET
[=]SCRAPE SERVE[=]A[HREF]::Link request received at https://www.ancientfaith.com/podcasts/orthodox_women_in_healing_ministries/
[=]SCRAPE SERVE[=]LINK(s) EXTRACTED: /events/
[=]SCRAPE SERVE[=]ReqMETA: 200::GET
[=]SCRAPE SERVE[=]A[HREF]::Link request received at https://www.ancientfaith.com/podcasts/orthodox_women_in_healing_ministries/
[=]SCRAPE SERVE[=]LINK(s) EXTRACTED: /support/
[=]SCRAPE SERVE[=]ReqMETA: 200::GET
[=]SCRAPE SERVE[=]A[HREF]::Link request received at https://www.ancientfaith.com/podcasts/orthodox_women_in_healing_ministries/
[=]SCRAPE SERVE[=]LINK(s) EXTRACTED: /about/
[=]SCRAPE SERVE[=]ReqMETA: 200::GET
[=]SCRAPE SERVE[=]A[HREF]::Link request received at https://www.ancientfaith.com/podcasts/orthodox_women_in_healing_ministries/
[=]SCRAPE SERVE[=]LINK(s) EXTRACTED: /ceo-journal/
[=]SCRAPE SERVE[=]ReqMETA: 200::GET
[=]SCRAPE SERVE[=]A[HREF]::Link request received at https://www.ancientfaith.com/podcasts/orthodox_women_in_healing_ministries/
[=]SCRAPE SERVE[=]LINK(s) EXTRACTED: https://store.ancientfaith.com/
[=]SCRAPE SERVE[=]ReqMETA: 200::GET
[=]SCRAPE SERVE[=]A[HREF]::Link request received at https://www.ancientfaith.com/podcasts/orthodox_women_in_healing_ministries/
[=]SCRAPE SERVE[=]LINK(s) EXTRACTED: /login/
[=]SCRAPE SERVE[=]ReqMETA: 200::GET
[=]SCRAPE SERVE[=]A[HREF]::Link request received at https://www.ancientfaith.com/podcasts/orthodox_women_in_healing_ministries/
[=]SCRAPE SERVE[=]LINK(s) EXTRACTED: https://feeds.ancientfaith.com/orthodox_women_in_healing_ministries
[=]SCRAPE SERVE[=]ReqMETA: 200::GET
[=]SCRAPE SERVE[=]A[HREF]::Link request received at https://www.ancientfaith.com/podcasts/orthodox_women_in_healing_ministries/
[=]SCRAPE SERVE[=]LINK(s) EXTRACTED: https://web.charityengine.net/Default.aspx?tsid=31584
[=]SCRAPE SERVE[=]ReqMETA: 200::GET
[=]SCRAPE SERVE[=]A[HREF]::Link request received at https://www.ancientfaith.com/podcasts/orthodox_women_in_healing_ministries/
[=]SCRAPE SERVE[=]LINK(s) EXTRACTED: /podcasts/orthodox_women_in_healing_ministries/?page=2
[=]SCRAPE SERVE[=]ReqMETA: 200::GET
[=]SCRAPE SERVE[=]A[HREF]::Link request received at https://www.ancientfaith.com/podcasts/orthodox_women_in_healing_ministries/
[=]SCRAPE SERVE[=]LINK(s) EXTRACTED: /podcasts/orthodox_women_in_healing_ministries/?page=5
[=]SCRAPE SERVE[=]ReqMETA: 200::GET
[=]SCRAPE SERVE[=]A[HREF]::Link request received at https://www.ancientfaith.com/podcasts/orthodox_women_in_healing_ministries/
[=]SCRAPE SERVE[=]LINK(s) EXTRACTED: /podcasts/orthodox_women_in_healing_ministries/tending-on-god-a-spiritual-perspective-on-healing/
[=]SCRAPE SERVE[=]ReqMETA: 200::GET
[=]SCRAPE SERVE[=]A[HREF]::Link request received at https://www.ancientfaith.com/podcasts/orthodox_women_in_healing_ministries/
[=]SCRAPE SERVE[=]LINK(s) EXTRACTED: /podcasts/orthodox_women_in_healing_ministries/touch-and-the-healing-of-the-world-exploration-through-iconography/
[=]SCRAPE SERVE[=]ReqMETA: 200::GET
[=]SCRAPE SERVE[=]A[HREF]::Link request received at https://www.ancientfaith.com/podcasts/orthodox_women_in_healing_ministries/
[=]SCRAPE SERVE[=]LINK(s) EXTRACTED: /podcasts/orthodox_women_in_healing_ministries/prayer-and-healing-lessons-from-the-life-of-fr-roman-braga/
[=]SCRAPE SERVE[=]ReqMETA: 200::GET
[=]SCRAPE SERVE[=]A[HREF]::Link request received at https://www.ancientfaith.com/podcasts/orthodox_women_in_healing_ministries/
[=]SCRAPE SERVE[=]LINK(s) EXTRACTED: /podcasts/orthodox_women_in_healing_ministries/suffering-and-the-nature-of-healing/
[=]SCRAPE SERVE[=]ReqMETA: 200::GET
[=]SCRAPE SERVE[=]A[HREF]::Link request received at https://www.ancientfaith.com/podcasts/orthodox_women_in_healing_ministries/
[=]SCRAPE SERVE[=]LINK(s) EXTRACTED: /podcasts/orthodox_women_in_healing_ministries/following-christ-the-physician-of-our-souls-and-bodies-part-3/
[=]SCRAPE SERVE[=]ReqMETA: 200::GET
[=]SCRAPE SERVE[=]A[HREF]::Link request received at https://www.ancientfaith.com/podcasts/orthodox_women_in_healing_ministries/
[=]SCRAPE SERVE[=]LINK(s) EXTRACTED: /podcasts/orthodox_women_in_healing_ministries/?page=2
[=]SCRAPE SERVE[=]ReqMETA: 200::GET
[=]SCRAPE SERVE[=]A[HREF]::Link request received at https://www.ancientfaith.com/podcasts/orthodox_women_in_healing_ministries/
[=]SCRAPE SERVE[=]LINK(s) EXTRACTED: /podcasts/orthodox_women_in_healing_ministries/?page=5
[=]SCRAPE SERVE[=]ReqMETA: 200::GET
[=]SCRAPE SERVE[=]A[HREF]::Link request received at https://www.ancientfaith.com/podcasts/orthodox_women_in_healing_ministries/
[=]SCRAPE SERVE[=]LINK(s) EXTRACTED: /contributors/orthodox_women_in_healing_ministries/
[=]SCRAPE SERVE[=]ReqMETA: 200::GET
[=]SCRAPE SERVE[=]A[HREF]::Link request received at https://www.ancientfaith.com/podcasts/orthodox_women_in_healing_ministries/
[=]SCRAPE SERVE[=]LINK(s) EXTRACTED: https://owhm.org/
[=]SCRAPE SERVE[=]ReqMETA: 200::GET
[=]SCRAPE SERVE[=]A[HREF]::Link request received at https://www.ancientfaith.com/podcasts/orthodox_women_in_healing_ministries/
[=]SCRAPE SERVE[=]LINK(s) EXTRACTED: /workwithus/
[=]SCRAPE SERVE[=]ReqMETA: 200::GET
[=]SCRAPE SERVE[=]A[HREF]::Link request received at https://www.ancientfaith.com/podcasts/orthodox_women_in_healing_ministries/
[=]SCRAPE SERVE[=]LINK(s) EXTRACTED: /about/
[=]SCRAPE SERVE[=]ReqMETA: 200::GET
[=]SCRAPE SERVE[=]A[HREF]::Link request received at https://www.ancientfaith.com/podcasts/orthodox_women_in_healing_ministries/
[=]SCRAPE SERVE[=]LINK(s) EXTRACTED: /support/
[=]SCRAPE SERVE[=]ReqMETA: 200::GET
[=]SCRAPE SERVE[=]A[HREF]::Link request received at https://www.ancientfaith.com/podcasts/orthodox_women_in_healing_ministries/
[=]SCRAPE SERVE[=]LINK(s) EXTRACTED: /about/
[=]SCRAPE SERVE[=]ReqMETA: 200::GET
[=]SCRAPE SERVE[=]A[HREF]::Link request received at https://www.ancientfaith.com/podcasts/orthodox_women_in_healing_ministries/
[=]SCRAPE SERVE[=]LINK(s) EXTRACTED: https://store.ancientfaith.com
[=]SCRAPE SERVE[=]ReqMETA: 200::GET
[=]SCRAPE SERVE[=]A[HREF]::Link request received at https://www.ancientfaith.com/podcasts/orthodox_women_in_healing_ministries/
[=]SCRAPE SERVE[=]LINK(s) EXTRACTED: https://www.facebook.com/ancientfaithministries
[=]SCRAPE SERVE[=]ReqMETA: 200::GET
[=]SCRAPE SERVE[=]A[HREF]::Link request received at https://www.ancientfaith.com/podcasts/orthodox_women_in_healing_ministries/
[=]SCRAPE SERVE[=]LINK(s) EXTRACTED: https://www.youtube.com/@AncientFaithMinistries
[=]SCRAPE SERVE[=]ReqMETA: 200::GET
[=]SCRAPE SERVE[=]A[HREF]::Link request received at https://www.ancientfaith.com/podcasts/orthodox_women_in_healing_ministries/
[=]SCRAPE SERVE[=]LINK(s) EXTRACTED: https://www.instagram.com/ancientfaithministries/
[=]SCRAPE SERVE[=]ReqMETA: 200::GET
[=]SCRAPE SERVE[=]A[HREF]::Link request received at https://www.ancientfaith.com/podcasts/orthodox_women_in_healing_ministries/
[=]SCRAPE SERVE[=]LINK(s) EXTRACTED: https://www.tiktok.com/@ancientfaithministries
[=]SCRAPE SERVE[=]ReqMETA: 200::GET
[=]SCRAPE SERVE[=]A[HREF]::Link request received at https://www.ancientfaith.com/podcasts/orthodox_women_in_healing_ministries/
[=]SCRAPE SERVE[=]LINK(s) EXTRACTED: /
[=]SCRAPE SERVE[=]ReqMETA: 200::GET
[=]SCRAPE SERVE[=]A[HREF]::Link request received at https://www.ancientfaith.com/podcasts/orthodox_women_in_healing_ministries/
[=]SCRAPE SERVE[=]LINK(s) EXTRACTED: /topics/Ancient-Faith-Kids/
[=]SCRAPE SERVE[=]ReqMETA: 200::GET
[=]SCRAPE SERVE[=]A[HREF]::Link request received at https://www.ancientfaith.com/podcasts/orthodox_women_in_healing_ministries/
[=]SCRAPE SERVE[=]LINK(s) EXTRACTED: https://www.facebook.com/ancientfaithkids
[=]SCRAPE SERVE[=]ReqMETA: 200::GET
[=]SCRAPE SERVE[=]A[HREF]::Link request received at https://www.ancientfaith.com/podcasts/orthodox_women_in_healing_ministries/
[=]SCRAPE SERVE[=]LINK(s) EXTRACTED: https://www.youtube.com/@ancientfaith4kids
[=]SCRAPE SERVE[=]ReqMETA: 200::GET
[=]SCRAPE SERVE[=]A[HREF]::Link request received at https://www.ancientfaith.com/podcasts/orthodox_women_in_healing_ministries/
[=]SCRAPE SERVE[=]LINK(s) EXTRACTED: https://www.instagram.com/ancientfaithkids/
[=]SCRAPE SERVE[=]ReqMETA: 200::GET
[=]SCRAPE SERVE[=]A[HREF]::Link request received at https://www.ancientfaith.com/podcasts/orthodox_women_in_healing_ministries/
[=]SCRAPE SERVE[=]LINK(s) EXTRACTED: https://afm.kindful.com/?campaign=1193135
[=]SCRAPE SERVE[=]ReqMETA: 200::GET
[=]SCRAPE SERVE[=]A[HREF]::Link request received at https://www.ancientfaith.com/podcasts/orthodox_women_in_healing_ministries/
[=]SCRAPE SERVE[=]LINK(s) EXTRACTED: 
[=]SCRAPE SERVE[=]ReqMETA: 200::GET
[=]SCRAPE SERVE[=]A[HREF]::Link request received at https://www.ancientfaith.com/podcasts/orthodox_women_in_healing_ministries/
[=]SCRAPE SERVE[=]LINK(s) EXTRACTED: 
[=]SCRAPE SERVE[=]ReqMETA: 200::GET
[=]SCRAPE SERVE[=]A[HREF]::Link request received at https://www.ancientfaith.com/podcasts/orthodox_women_in_healing_ministries/
[=]SCRAPE SERVE[=]LINK(s) EXTRACTED: 
[=]SCRAPE SERVE[=]ReqMETA: 200::GET
[=]SCRAPE SERVE[=]visiting https://www.ancientfaith.com/podcasts/orthodoxengagement/
[=]SCRAPE SERVE[=]response received 200
[=]SCRAPE SERVE[=]A[HREF]::Link request received at https://www.ancientfaith.com/podcasts/orthodoxengagement/
[=]SCRAPE SERVE[=]LINK(s) EXTRACTED: /
[=]SCRAPE SERVE[=]ReqMETA: 200::GET
[=]SCRAPE SERVE[=]A[HREF]::Link request received at https://www.ancientfaith.com/podcasts/orthodoxengagement/
[=]SCRAPE SERVE[=]LINK(s) EXTRACTED: /radio/
[=]SCRAPE SERVE[=]ReqMETA: 200::GET
[=]SCRAPE SERVE[=]A[HREF]::Link request received at https://www.ancientfaith.com/podcasts/orthodoxengagement/
[=]SCRAPE SERVE[=]LINK(s) EXTRACTED: /radio/live-shows/
[=]SCRAPE SERVE[=]ReqMETA: 200::GET
[=]SCRAPE SERVE[=]A[HREF]::Link request received at https://www.ancientfaith.com/podcasts/orthodoxengagement/
[=]SCRAPE SERVE[=]LINK(s) EXTRACTED: /podcasts/
[=]SCRAPE SERVE[=]ReqMETA: 200::GET
[=]SCRAPE SERVE[=]A[HREF]::Link request received at https://www.ancientfaith.com/podcasts/orthodoxengagement/
[=]SCRAPE SERVE[=]LINK(s) EXTRACTED: /radio/sponsorships/
[=]SCRAPE SERVE[=]ReqMETA: 200::GET
[=]SCRAPE SERVE[=]A[HREF]::Link request received at https://www.ancientfaith.com/podcasts/orthodoxengagement/
[=]SCRAPE SERVE[=]LINK(s) EXTRACTED: /radio/digital-m/
[=]SCRAPE SERVE[=]ReqMETA: 200::GET
[=]SCRAPE SERVE[=]A[HREF]::Link request received at https://www.ancientfaith.com/podcasts/orthodoxengagement/
[=]SCRAPE SERVE[=]LINK(s) EXTRACTED: /publishing/
[=]SCRAPE SERVE[=]ReqMETA: 200::GET
[=]SCRAPE SERVE[=]A[HREF]::Link request received at https://www.ancientfaith.com/podcasts/orthodoxengagement/
[=]SCRAPE SERVE[=]LINK(s) EXTRACTED: /topics/Ancient-Faith-Kids/
[=]SCRAPE SERVE[=]ReqMETA: 200::GET
[=]SCRAPE SERVE[=]A[HREF]::Link request received at https://www.ancientfaith.com/podcasts/orthodoxengagement/
[=]SCRAPE SERVE[=]LINK(s) EXTRACTED: /events/
[=]SCRAPE SERVE[=]ReqMETA: 200::GET
[=]SCRAPE SERVE[=]A[HREF]::Link request received at https://www.ancientfaith.com/podcasts/orthodoxengagement/
[=]SCRAPE SERVE[=]LINK(s) EXTRACTED: /support/
[=]SCRAPE SERVE[=]ReqMETA: 200::GET
[=]SCRAPE SERVE[=]A[HREF]::Link request received at https://www.ancientfaith.com/podcasts/orthodoxengagement/
[=]SCRAPE SERVE[=]LINK(s) EXTRACTED: /about/
[=]SCRAPE SERVE[=]ReqMETA: 200::GET
[=]SCRAPE SERVE[=]A[HREF]::Link request received at https://www.ancientfaith.com/podcasts/orthodoxengagement/
[=]SCRAPE SERVE[=]LINK(s) EXTRACTED: /ceo-journal/
[=]SCRAPE SERVE[=]ReqMETA: 200::GET
[=]SCRAPE SERVE[=]A[HREF]::Link request received at https://www.ancientfaith.com/podcasts/orthodoxengagement/
[=]SCRAPE SERVE[=]LINK(s) EXTRACTED: https://store.ancientfaith.com/
[=]SCRAPE SERVE[=]ReqMETA: 200::GET
[=]SCRAPE SERVE[=]A[HREF]::Link request received at https://www.ancientfaith.com/podcasts/orthodoxengagement/
[=]SCRAPE SERVE[=]LINK(s) EXTRACTED: /login/
[=]SCRAPE SERVE[=]ReqMETA: 200::GET
[=]SCRAPE SERVE[=]A[HREF]::Link request received at https://www.ancientfaith.com/podcasts/orthodoxengagement/
[=]SCRAPE SERVE[=]LINK(s) EXTRACTED: /radio/
[=]SCRAPE SERVE[=]ReqMETA: 200::GET
[=]SCRAPE SERVE[=]A[HREF]::Link request received at https://www.ancientfaith.com/podcasts/orthodoxengagement/
[=]SCRAPE SERVE[=]LINK(s) EXTRACTED: /radio/live-shows/
[=]SCRAPE SERVE[=]ReqMETA: 200::GET
[=]SCRAPE SERVE[=]A[HREF]::Link request received at https://www.ancientfaith.com/podcasts/orthodoxengagement/
[=]SCRAPE SERVE[=]LINK(s) EXTRACTED: /podcasts/
[=]SCRAPE SERVE[=]ReqMETA: 200::GET
[=]SCRAPE SERVE[=]A[HREF]::Link request received at https://www.ancientfaith.com/podcasts/orthodoxengagement/
[=]SCRAPE SERVE[=]LINK(s) EXTRACTED: /radio/sponsorships/
[=]SCRAPE SERVE[=]ReqMETA: 200::GET
[=]SCRAPE SERVE[=]A[HREF]::Link request received at https://www.ancientfaith.com/podcasts/orthodoxengagement/
[=]SCRAPE SERVE[=]LINK(s) EXTRACTED: /radio/digital-m/
[=]SCRAPE SERVE[=]ReqMETA: 200::GET
[=]SCRAPE SERVE[=]A[HREF]::Link request received at https://www.ancientfaith.com/podcasts/orthodoxengagement/
[=]SCRAPE SERVE[=]LINK(s) EXTRACTED: /publishing/
[=]SCRAPE SERVE[=]ReqMETA: 200::GET
[=]SCRAPE SERVE[=]A[HREF]::Link request received at https://www.ancientfaith.com/podcasts/orthodoxengagement/
[=]SCRAPE SERVE[=]LINK(s) EXTRACTED: /topics/Ancient-Faith-Kids/
[=]SCRAPE SERVE[=]ReqMETA: 200::GET
[=]SCRAPE SERVE[=]A[HREF]::Link request received at https://www.ancientfaith.com/podcasts/orthodoxengagement/
[=]SCRAPE SERVE[=]LINK(s) EXTRACTED: /events/
[=]SCRAPE SERVE[=]ReqMETA: 200::GET
[=]SCRAPE SERVE[=]A[HREF]::Link request received at https://www.ancientfaith.com/podcasts/orthodoxengagement/
[=]SCRAPE SERVE[=]LINK(s) EXTRACTED: /support/
[=]SCRAPE SERVE[=]ReqMETA: 200::GET
[=]SCRAPE SERVE[=]A[HREF]::Link request received at https://www.ancientfaith.com/podcasts/orthodoxengagement/
[=]SCRAPE SERVE[=]LINK(s) EXTRACTED: /about/
[=]SCRAPE SERVE[=]ReqMETA: 200::GET
[=]SCRAPE SERVE[=]A[HREF]::Link request received at https://www.ancientfaith.com/podcasts/orthodoxengagement/
[=]SCRAPE SERVE[=]LINK(s) EXTRACTED: /ceo-journal/
[=]SCRAPE SERVE[=]ReqMETA: 200::GET
[=]SCRAPE SERVE[=]A[HREF]::Link request received at https://www.ancientfaith.com/podcasts/orthodoxengagement/
[=]SCRAPE SERVE[=]LINK(s) EXTRACTED: https://store.ancientfaith.com/
[=]SCRAPE SERVE[=]ReqMETA: 200::GET
[=]SCRAPE SERVE[=]A[HREF]::Link request received at https://www.ancientfaith.com/podcasts/orthodoxengagement/
[=]SCRAPE SERVE[=]LINK(s) EXTRACTED: /login/
[=]SCRAPE SERVE[=]ReqMETA: 200::GET
[=]SCRAPE SERVE[=]A[HREF]::Link request received at https://www.ancientfaith.com/podcasts/orthodoxengagement/
[=]SCRAPE SERVE[=]LINK(s) EXTRACTED: https://feeds.ancientfaith.com/orthodoxengagement
[=]SCRAPE SERVE[=]ReqMETA: 200::GET
[=]SCRAPE SERVE[=]A[HREF]::Link request received at https://www.ancientfaith.com/podcasts/orthodoxengagement/
[=]SCRAPE SERVE[=]LINK(s) EXTRACTED: https://podcasts.apple.com/us/podcast/id1535977198
[=]SCRAPE SERVE[=]ReqMETA: 200::GET
[=]SCRAPE SERVE[=]A[HREF]::Link request received at https://www.ancientfaith.com/podcasts/orthodoxengagement/
[=]SCRAPE SERVE[=]LINK(s) EXTRACTED: https://web.charityengine.net/Default.aspx?tsid=31584
[=]SCRAPE SERVE[=]ReqMETA: 200::GET
[=]SCRAPE SERVE[=]A[HREF]::Link request received at https://www.ancientfaith.com/podcasts/orthodoxengagement/
[=]SCRAPE SERVE[=]LINK(s) EXTRACTED: /podcasts/orthodoxengagement/?page=2
[=]SCRAPE SERVE[=]ReqMETA: 200::GET
[=]SCRAPE SERVE[=]A[HREF]::Link request received at https://www.ancientfaith.com/podcasts/orthodoxengagement/
[=]SCRAPE SERVE[=]LINK(s) EXTRACTED: /podcasts/orthodoxengagement/?page=10
[=]SCRAPE SERVE[=]ReqMETA: 200::GET
[=]SCRAPE SERVE[=]A[HREF]::Link request received at https://www.ancientfaith.com/podcasts/orthodoxengagement/
[=]SCRAPE SERVE[=]LINK(s) EXTRACTED: /podcasts/orthodoxengagement/orthodox-christianity-root-and-branch-w-dr-david-ford/
[=]SCRAPE SERVE[=]ReqMETA: 200::GET
[=]SCRAPE SERVE[=]A[HREF]::Link request received at https://www.ancientfaith.com/podcasts/orthodoxengagement/
[=]SCRAPE SERVE[=]LINK(s) EXTRACTED: /podcasts/orthodoxengagement/new-film-moses-the-black-w-yelena-popovic/
[=]SCRAPE SERVE[=]ReqMETA: 200::GET
[=]SCRAPE SERVE[=]A[HREF]::Link request received at https://www.ancientfaith.com/podcasts/orthodoxengagement/
[=]SCRAPE SERVE[=]LINK(s) EXTRACTED: /podcasts/orthodoxengagement/re-enchantment-in-church-art-and-architecture-w-fr-lucas-christensen/
[=]SCRAPE SERVE[=]ReqMETA: 200::GET
[=]SCRAPE SERVE[=]A[HREF]::Link request received at https://www.ancientfaith.com/podcasts/orthodoxengagement/
[=]SCRAPE SERVE[=]LINK(s) EXTRACTED: /podcasts/orthodoxengagement/orthodox-christianity-art-and-sacred-space-in-norway-fr-theodor-mat-hanne-svane/
[=]SCRAPE SERVE[=]ReqMETA: 200::GET
[=]SCRAPE SERVE[=]A[HREF]::Link request received at https://www.ancientfaith.com/podcasts/orthodoxengagement/
[=]SCRAPE SERVE[=]LINK(s) EXTRACTED: /podcasts/orthodoxengagement/american-orthodoxy-in-2040/
[=]SCRAPE SERVE[=]ReqMETA: 200::GET
[=]SCRAPE SERVE[=]A[HREF]::Link request received at https://www.ancientfaith.com/podcasts/orthodoxengagement/
[=]SCRAPE SERVE[=]LINK(s) EXTRACTED: /podcasts/orthodoxengagement/?page=2
[=]SCRAPE SERVE[=]ReqMETA: 200::GET
[=]SCRAPE SERVE[=]A[HREF]::Link request received at https://www.ancientfaith.com/podcasts/orthodoxengagement/
[=]SCRAPE SERVE[=]LINK(s) EXTRACTED: /podcasts/orthodoxengagement/?page=10
[=]SCRAPE SERVE[=]ReqMETA: 200::GET
[=]SCRAPE SERVE[=]A[HREF]::Link request received at https://www.ancientfaith.com/podcasts/orthodoxengagement/
[=]SCRAPE SERVE[=]LINK(s) EXTRACTED: /contributors/andrew_stephen_damick/
[=]SCRAPE SERVE[=]ReqMETA: 200::GET
[=]SCRAPE SERVE[=]A[HREF]::Link request received at https://www.ancientfaith.com/podcasts/orthodoxengagement/
[=]SCRAPE SERVE[=]LINK(s) EXTRACTED: mailto:orthodoxengagement@ancientfaith.com
[=]SCRAPE SERVE[=]ReqMETA: 200::GET
[=]SCRAPE SERVE[=]A[HREF]::Link request received at https://www.ancientfaith.com/podcasts/orthodoxengagement/
[=]SCRAPE SERVE[=]LINK(s) EXTRACTED: /workwithus/
[=]SCRAPE SERVE[=]ReqMETA: 200::GET
[=]SCRAPE SERVE[=]A[HREF]::Link request received at https://www.ancientfaith.com/podcasts/orthodoxengagement/
[=]SCRAPE SERVE[=]LINK(s) EXTRACTED: /about/
[=]SCRAPE SERVE[=]ReqMETA: 200::GET
[=]SCRAPE SERVE[=]A[HREF]::Link request received at https://www.ancientfaith.com/podcasts/orthodoxengagement/
[=]SCRAPE SERVE[=]LINK(s) EXTRACTED: /support/
[=]SCRAPE SERVE[=]ReqMETA: 200::GET
[=]SCRAPE SERVE[=]A[HREF]::Link request received at https://www.ancientfaith.com/podcasts/orthodoxengagement/
[=]SCRAPE SERVE[=]LINK(s) EXTRACTED: /about/
[=]SCRAPE SERVE[=]ReqMETA: 200::GET
[=]SCRAPE SERVE[=]A[HREF]::Link request received at https://www.ancientfaith.com/podcasts/orthodoxengagement/
[=]SCRAPE SERVE[=]LINK(s) EXTRACTED: https://store.ancientfaith.com
[=]SCRAPE SERVE[=]ReqMETA: 200::GET
[=]SCRAPE SERVE[=]A[HREF]::Link request received at https://www.ancientfaith.com/podcasts/orthodoxengagement/
[=]SCRAPE SERVE[=]LINK(s) EXTRACTED: https://www.facebook.com/ancientfaithministries
[=]SCRAPE SERVE[=]ReqMETA: 200::GET
[=]SCRAPE SERVE[=]A[HREF]::Link request received at https://www.ancientfaith.com/podcasts/orthodoxengagement/
[=]SCRAPE SERVE[=]LINK(s) EXTRACTED: https://www.youtube.com/@AncientFaithMinistries
[=]SCRAPE SERVE[=]ReqMETA: 200::GET
[=]SCRAPE SERVE[=]A[HREF]::Link request received at https://www.ancientfaith.com/podcasts/orthodoxengagement/
[=]SCRAPE SERVE[=]LINK(s) EXTRACTED: https://www.instagram.com/ancientfaithministries/
[=]SCRAPE SERVE[=]ReqMETA: 200::GET
[=]SCRAPE SERVE[=]A[HREF]::Link request received at https://www.ancientfaith.com/podcasts/orthodoxengagement/
[=]SCRAPE SERVE[=]LINK(s) EXTRACTED: https://www.tiktok.com/@ancientfaithministries
[=]SCRAPE SERVE[=]ReqMETA: 200::GET
[=]SCRAPE SERVE[=]A[HREF]::Link request received at https://www.ancientfaith.com/podcasts/orthodoxengagement/
[=]SCRAPE SERVE[=]LINK(s) EXTRACTED: /
[=]SCRAPE SERVE[=]ReqMETA: 200::GET
[=]SCRAPE SERVE[=]A[HREF]::Link request received at https://www.ancientfaith.com/podcasts/orthodoxengagement/
[=]SCRAPE SERVE[=]LINK(s) EXTRACTED: /topics/Ancient-Faith-Kids/
[=]SCRAPE SERVE[=]ReqMETA: 200::GET
[=]SCRAPE SERVE[=]A[HREF]::Link request received at https://www.ancientfaith.com/podcasts/orthodoxengagement/
[=]SCRAPE SERVE[=]LINK(s) EXTRACTED: https://www.facebook.com/ancientfaithkids
[=]SCRAPE SERVE[=]ReqMETA: 200::GET
[=]SCRAPE SERVE[=]A[HREF]::Link request received at https://www.ancientfaith.com/podcasts/orthodoxengagement/
[=]SCRAPE SERVE[=]LINK(s) EXTRACTED: https://www.youtube.com/@ancientfaith4kids
[=]SCRAPE SERVE[=]ReqMETA: 200::GET
[=]SCRAPE SERVE[=]A[HREF]::Link request received at https://www.ancientfaith.com/podcasts/orthodoxengagement/
[=]SCRAPE SERVE[=]LINK(s) EXTRACTED: https://www.instagram.com/ancientfaithkids/
[=]SCRAPE SERVE[=]ReqMETA: 200::GET
[=]SCRAPE SERVE[=]A[HREF]::Link request received at https://www.ancientfaith.com/podcasts/orthodoxengagement/
[=]SCRAPE SERVE[=]LINK(s) EXTRACTED: https://afm.kindful.com/?campaign=1193135
[=]SCRAPE SERVE[=]ReqMETA: 200::GET
[=]SCRAPE SERVE[=]A[HREF]::Link request received at https://www.ancientfaith.com/podcasts/orthodoxengagement/
[=]SCRAPE SERVE[=]LINK(s) EXTRACTED: 
[=]SCRAPE SERVE[=]ReqMETA: 200::GET
[=]SCRAPE SERVE[=]A[HREF]::Link request received at https://www.ancientfaith.com/podcasts/orthodoxengagement/
[=]SCRAPE SERVE[=]LINK(s) EXTRACTED: 
[=]SCRAPE SERVE[=]ReqMETA: 200::GET
[=]SCRAPE SERVE[=]A[HREF]::Link request received at https://www.ancientfaith.com/podcasts/orthodoxengagement/
[=]SCRAPE SERVE[=]LINK(s) EXTRACTED: 
[=]SCRAPE SERVE[=]ReqMETA: 200::GET
[=]SCRAPE SERVE[=]visiting https://www.ancientfaith.com/podcasts/orthodoxylive/
[=]SCRAPE SERVE[=]response received 200
[=]SCRAPE SERVE[=]A[HREF]::Link request received at https://www.ancientfaith.com/podcasts/orthodoxylive/
[=]SCRAPE SERVE[=]LINK(s) EXTRACTED: /
[=]SCRAPE SERVE[=]ReqMETA: 200::GET
[=]SCRAPE SERVE[=]A[HREF]::Link request received at https://www.ancientfaith.com/podcasts/orthodoxylive/
[=]SCRAPE SERVE[=]LINK(s) EXTRACTED: /radio/
[=]SCRAPE SERVE[=]ReqMETA: 200::GET
[=]SCRAPE SERVE[=]A[HREF]::Link request received at https://www.ancientfaith.com/podcasts/orthodoxylive/
[=]SCRAPE SERVE[=]LINK(s) EXTRACTED: /radio/live-shows/
[=]SCRAPE SERVE[=]ReqMETA: 200::GET
[=]SCRAPE SERVE[=]A[HREF]::Link request received at https://www.ancientfaith.com/podcasts/orthodoxylive/
[=]SCRAPE SERVE[=]LINK(s) EXTRACTED: /podcasts/
[=]SCRAPE SERVE[=]ReqMETA: 200::GET
[=]SCRAPE SERVE[=]A[HREF]::Link request received at https://www.ancientfaith.com/podcasts/orthodoxylive/
[=]SCRAPE SERVE[=]LINK(s) EXTRACTED: /radio/sponsorships/
[=]SCRAPE SERVE[=]ReqMETA: 200::GET
[=]SCRAPE SERVE[=]A[HREF]::Link request received at https://www.ancientfaith.com/podcasts/orthodoxylive/
[=]SCRAPE SERVE[=]LINK(s) EXTRACTED: /radio/digital-m/
[=]SCRAPE SERVE[=]ReqMETA: 200::GET
[=]SCRAPE SERVE[=]A[HREF]::Link request received at https://www.ancientfaith.com/podcasts/orthodoxylive/
[=]SCRAPE SERVE[=]LINK(s) EXTRACTED: /publishing/
[=]SCRAPE SERVE[=]ReqMETA: 200::GET
[=]SCRAPE SERVE[=]A[HREF]::Link request received at https://www.ancientfaith.com/podcasts/orthodoxylive/
[=]SCRAPE SERVE[=]LINK(s) EXTRACTED: /topics/Ancient-Faith-Kids/
[=]SCRAPE SERVE[=]ReqMETA: 200::GET
[=]SCRAPE SERVE[=]A[HREF]::Link request received at https://www.ancientfaith.com/podcasts/orthodoxylive/
[=]SCRAPE SERVE[=]LINK(s) EXTRACTED: /events/
[=]SCRAPE SERVE[=]ReqMETA: 200::GET
[=]SCRAPE SERVE[=]A[HREF]::Link request received at https://www.ancientfaith.com/podcasts/orthodoxylive/
[=]SCRAPE SERVE[=]LINK(s) EXTRACTED: /support/
[=]SCRAPE SERVE[=]ReqMETA: 200::GET
[=]SCRAPE SERVE[=]A[HREF]::Link request received at https://www.ancientfaith.com/podcasts/orthodoxylive/
[=]SCRAPE SERVE[=]LINK(s) EXTRACTED: /about/
[=]SCRAPE SERVE[=]ReqMETA: 200::GET
[=]SCRAPE SERVE[=]A[HREF]::Link request received at https://www.ancientfaith.com/podcasts/orthodoxylive/
[=]SCRAPE SERVE[=]LINK(s) EXTRACTED: /ceo-journal/
[=]SCRAPE SERVE[=]ReqMETA: 200::GET
[=]SCRAPE SERVE[=]A[HREF]::Link request received at https://www.ancientfaith.com/podcasts/orthodoxylive/
[=]SCRAPE SERVE[=]LINK(s) EXTRACTED: https://store.ancientfaith.com/
[=]SCRAPE SERVE[=]ReqMETA: 200::GET
[=]SCRAPE SERVE[=]A[HREF]::Link request received at https://www.ancientfaith.com/podcasts/orthodoxylive/
[=]SCRAPE SERVE[=]LINK(s) EXTRACTED: /login/
[=]SCRAPE SERVE[=]ReqMETA: 200::GET
[=]SCRAPE SERVE[=]A[HREF]::Link request received at https://www.ancientfaith.com/podcasts/orthodoxylive/
[=]SCRAPE SERVE[=]LINK(s) EXTRACTED: /radio/
[=]SCRAPE SERVE[=]ReqMETA: 200::GET
[=]SCRAPE SERVE[=]A[HREF]::Link request received at https://www.ancientfaith.com/podcasts/orthodoxylive/
[=]SCRAPE SERVE[=]LINK(s) EXTRACTED: /radio/live-shows/
[=]SCRAPE SERVE[=]ReqMETA: 200::GET
[=]SCRAPE SERVE[=]A[HREF]::Link request received at https://www.ancientfaith.com/podcasts/orthodoxylive/
[=]SCRAPE SERVE[=]LINK(s) EXTRACTED: /podcasts/
[=]SCRAPE SERVE[=]ReqMETA: 200::GET
[=]SCRAPE SERVE[=]A[HREF]::Link request received at https://www.ancientfaith.com/podcasts/orthodoxylive/
[=]SCRAPE SERVE[=]LINK(s) EXTRACTED: /radio/sponsorships/
[=]SCRAPE SERVE[=]ReqMETA: 200::GET
[=]SCRAPE SERVE[=]A[HREF]::Link request received at https://www.ancientfaith.com/podcasts/orthodoxylive/
[=]SCRAPE SERVE[=]LINK(s) EXTRACTED: /radio/digital-m/
[=]SCRAPE SERVE[=]ReqMETA: 200::GET
[=]SCRAPE SERVE[=]A[HREF]::Link request received at https://www.ancientfaith.com/podcasts/orthodoxylive/
[=]SCRAPE SERVE[=]LINK(s) EXTRACTED: /publishing/
[=]SCRAPE SERVE[=]ReqMETA: 200::GET
[=]SCRAPE SERVE[=]A[HREF]::Link request received at https://www.ancientfaith.com/podcasts/orthodoxylive/
[=]SCRAPE SERVE[=]LINK(s) EXTRACTED: /topics/Ancient-Faith-Kids/
[=]SCRAPE SERVE[=]ReqMETA: 200::GET
[=]SCRAPE SERVE[=]A[HREF]::Link request received at https://www.ancientfaith.com/podcasts/orthodoxylive/
[=]SCRAPE SERVE[=]LINK(s) EXTRACTED: /events/
[=]SCRAPE SERVE[=]ReqMETA: 200::GET
[=]SCRAPE SERVE[=]A[HREF]::Link request received at https://www.ancientfaith.com/podcasts/orthodoxylive/
[=]SCRAPE SERVE[=]LINK(s) EXTRACTED: /support/
[=]SCRAPE SERVE[=]ReqMETA: 200::GET
[=]SCRAPE SERVE[=]A[HREF]::Link request received at https://www.ancientfaith.com/podcasts/orthodoxylive/
[=]SCRAPE SERVE[=]LINK(s) EXTRACTED: /about/
[=]SCRAPE SERVE[=]ReqMETA: 200::GET
[=]SCRAPE SERVE[=]A[HREF]::Link request received at https://www.ancientfaith.com/podcasts/orthodoxylive/
[=]SCRAPE SERVE[=]LINK(s) EXTRACTED: /ceo-journal/
[=]SCRAPE SERVE[=]ReqMETA: 200::GET
[=]SCRAPE SERVE[=]A[HREF]::Link request received at https://www.ancientfaith.com/podcasts/orthodoxylive/
[=]SCRAPE SERVE[=]LINK(s) EXTRACTED: https://store.ancientfaith.com/
[=]SCRAPE SERVE[=]ReqMETA: 200::GET
[=]SCRAPE SERVE[=]A[HREF]::Link request received at https://www.ancientfaith.com/podcasts/orthodoxylive/
[=]SCRAPE SERVE[=]LINK(s) EXTRACTED: /login/
[=]SCRAPE SERVE[=]ReqMETA: 200::GET
[=]SCRAPE SERVE[=]A[HREF]::Link request received at https://www.ancientfaith.com/podcasts/orthodoxylive/
[=]SCRAPE SERVE[=]LINK(s) EXTRACTED: https://feeds.ancientfaith.com/orthodoxylive
[=]SCRAPE SERVE[=]ReqMETA: 200::GET
[=]SCRAPE SERVE[=]A[HREF]::Link request received at https://www.ancientfaith.com/podcasts/orthodoxylive/
[=]SCRAPE SERVE[=]LINK(s) EXTRACTED: https://podcasts.apple.com/us/podcast/id580032221
[=]SCRAPE SERVE[=]ReqMETA: 200::GET
[=]SCRAPE SERVE[=]A[HREF]::Link request received at https://www.ancientfaith.com/podcasts/orthodoxylive/
[=]SCRAPE SERVE[=]LINK(s) EXTRACTED: https://web.charityengine.net/Default.aspx?tsid=31584
[=]SCRAPE SERVE[=]ReqMETA: 200::GET
[=]SCRAPE SERVE[=]A[HREF]::Link request received at https://www.ancientfaith.com/podcasts/orthodoxylive/
[=]SCRAPE SERVE[=]LINK(s) EXTRACTED: /podcasts/orthodoxylive/?page=2
[=]SCRAPE SERVE[=]ReqMETA: 200::GET
[=]SCRAPE SERVE[=]A[HREF]::Link request received at https://www.ancientfaith.com/podcasts/orthodoxylive/
[=]SCRAPE SERVE[=]LINK(s) EXTRACTED: /podcasts/orthodoxylive/?page=75
[=]SCRAPE SERVE[=]ReqMETA: 200::GET
[=]SCRAPE SERVE[=]A[HREF]::Link request received at https://www.ancientfaith.com/podcasts/orthodoxylive/
[=]SCRAPE SERVE[=]LINK(s) EXTRACTED: /podcasts/orthodoxylive/orthodoxy-live-march-22-2026/
[=]SCRAPE SERVE[=]ReqMETA: 200::GET
[=]SCRAPE SERVE[=]A[HREF]::Link request received at https://www.ancientfaith.com/podcasts/orthodoxylive/
[=]SCRAPE SERVE[=]LINK(s) EXTRACTED: /podcasts/orthodoxylive/orthodoxy-live-march-8-2026/
[=]SCRAPE SERVE[=]ReqMETA: 200::GET
[=]SCRAPE SERVE[=]A[HREF]::Link request received at https://www.ancientfaith.com/podcasts/orthodoxylive/
[=]SCRAPE SERVE[=]LINK(s) EXTRACTED: /podcasts/orthodoxylive/orthodoxy-live-mailbag-episode-8/
[=]SCRAPE SERVE[=]ReqMETA: 200::GET
[=]SCRAPE SERVE[=]A[HREF]::Link request received at https://www.ancientfaith.com/podcasts/orthodoxylive/
[=]SCRAPE SERVE[=]LINK(s) EXTRACTED: /podcasts/orthodoxylive/orthodoxy-live-mailbag-episode-7/
[=]SCRAPE SERVE[=]ReqMETA: 200::GET
[=]SCRAPE SERVE[=]A[HREF]::Link request received at https://www.ancientfaith.com/podcasts/orthodoxylive/
[=]SCRAPE SERVE[=]LINK(s) EXTRACTED: /podcasts/orthodoxylive/orthodoxy-live-february-8-2026/
[=]SCRAPE SERVE[=]ReqMETA: 200::GET
[=]SCRAPE SERVE[=]A[HREF]::Link request received at https://www.ancientfaith.com/podcasts/orthodoxylive/
[=]SCRAPE SERVE[=]LINK(s) EXTRACTED: /podcasts/orthodoxylive/?page=2
[=]SCRAPE SERVE[=]ReqMETA: 200::GET
[=]SCRAPE SERVE[=]A[HREF]::Link request received at https://www.ancientfaith.com/podcasts/orthodoxylive/
[=]SCRAPE SERVE[=]LINK(s) EXTRACTED: /podcasts/orthodoxylive/?page=75
[=]SCRAPE SERVE[=]ReqMETA: 200::GET
[=]SCRAPE SERVE[=]A[HREF]::Link request received at https://www.ancientfaith.com/podcasts/orthodoxylive/
[=]SCRAPE SERVE[=]LINK(s) EXTRACTED: /contributors/evan_armatas/
[=]SCRAPE SERVE[=]ReqMETA: 200::GET
[=]SCRAPE SERVE[=]A[HREF]::Link request received at https://www.ancientfaith.com/podcasts/orthodoxylive/
[=]SCRAPE SERVE[=]LINK(s) EXTRACTED: mailto:orthodoxylive@ancientfaith.com
[=]SCRAPE SERVE[=]ReqMETA: 200::GET
[=]SCRAPE SERVE[=]A[HREF]::Link request received at https://www.ancientfaith.com/podcasts/orthodoxylive/
[=]SCRAPE SERVE[=]LINK(s) EXTRACTED: 
[=]SCRAPE SERVE[=]ReqMETA: 200::GET
[=]SCRAPE SERVE[=]A[HREF]::Link request received at https://www.ancientfaith.com/podcasts/orthodoxylive/
[=]SCRAPE SERVE[=]LINK(s) EXTRACTED: https://www.speakpipe.com/OrthodoxyLive
[=]SCRAPE SERVE[=]ReqMETA: 200::GET
[=]SCRAPE SERVE[=]A[HREF]::Link request received at https://www.ancientfaith.com/podcasts/orthodoxylive/
[=]SCRAPE SERVE[=]LINK(s) EXTRACTED: /podcasts/transforminglives/
[=]SCRAPE SERVE[=]ReqMETA: 200::GET
[=]SCRAPE SERVE[=]A[HREF]::Link request received at https://www.ancientfaith.com/podcasts/orthodoxylive/
[=]SCRAPE SERVE[=]LINK(s) EXTRACTED: /podcasts/searchthescriptureslive/
[=]SCRAPE SERVE[=]ReqMETA: 200::GET
[=]SCRAPE SERVE[=]A[HREF]::Link request received at https://www.ancientfaith.com/podcasts/orthodoxylive/
[=]SCRAPE SERVE[=]LINK(s) EXTRACTED: https://store.ancientfaith.com/toolkit-for-spiritual-growth/
[=]SCRAPE SERVE[=]ReqMETA: 200::GET
[=]SCRAPE SERVE[=]A[HREF]::Link request received at https://www.ancientfaith.com/podcasts/orthodoxylive/
[=]SCRAPE SERVE[=]LINK(s) EXTRACTED: https://store.ancientfaith.com/reclaiming-the-great-commission-a-roadmap-to-parish-health/
[=]SCRAPE SERVE[=]ReqMETA: 200::GET
[=]SCRAPE SERVE[=]A[HREF]::Link request received at https://www.ancientfaith.com/podcasts/orthodoxylive/
[=]SCRAPE SERVE[=]LINK(s) EXTRACTED: https://store.ancientfaith.com/the-orthodox-study-bible-ancient-faith-edition-hardcover-ancient-christianity-speaks-to-todays-world/
[=]SCRAPE SERVE[=]ReqMETA: 200::GET
[=]SCRAPE SERVE[=]A[HREF]::Link request received at https://www.ancientfaith.com/podcasts/orthodoxylive/
[=]SCRAPE SERVE[=]LINK(s) EXTRACTED: /workwithus/
[=]SCRAPE SERVE[=]ReqMETA: 200::GET
[=]SCRAPE SERVE[=]A[HREF]::Link request received at https://www.ancientfaith.com/podcasts/orthodoxylive/
[=]SCRAPE SERVE[=]LINK(s) EXTRACTED: /about/
[=]SCRAPE SERVE[=]ReqMETA: 200::GET
[=]SCRAPE SERVE[=]A[HREF]::Link request received at https://www.ancientfaith.com/podcasts/orthodoxylive/
[=]SCRAPE SERVE[=]LINK(s) EXTRACTED: /support/
[=]SCRAPE SERVE[=]ReqMETA: 200::GET
[=]SCRAPE SERVE[=]A[HREF]::Link request received at https://www.ancientfaith.com/podcasts/orthodoxylive/
[=]SCRAPE SERVE[=]LINK(s) EXTRACTED: /about/
[=]SCRAPE SERVE[=]ReqMETA: 200::GET
[=]SCRAPE SERVE[=]A[HREF]::Link request received at https://www.ancientfaith.com/podcasts/orthodoxylive/
[=]SCRAPE SERVE[=]LINK(s) EXTRACTED: https://store.ancientfaith.com
[=]SCRAPE SERVE[=]ReqMETA: 200::GET
[=]SCRAPE SERVE[=]A[HREF]::Link request received at https://www.ancientfaith.com/podcasts/orthodoxylive/
[=]SCRAPE SERVE[=]LINK(s) EXTRACTED: https://www.facebook.com/ancientfaithministries
[=]SCRAPE SERVE[=]ReqMETA: 200::GET
[=]SCRAPE SERVE[=]A[HREF]::Link request received at https://www.ancientfaith.com/podcasts/orthodoxylive/
[=]SCRAPE SERVE[=]LINK(s) EXTRACTED: https://www.youtube.com/@AncientFaithMinistries
[=]SCRAPE SERVE[=]ReqMETA: 200::GET
[=]SCRAPE SERVE[=]A[HREF]::Link request received at https://www.ancientfaith.com/podcasts/orthodoxylive/
[=]SCRAPE SERVE[=]LINK(s) EXTRACTED: https://www.instagram.com/ancientfaithministries/
[=]SCRAPE SERVE[=]ReqMETA: 200::GET
[=]SCRAPE SERVE[=]A[HREF]::Link request received at https://www.ancientfaith.com/podcasts/orthodoxylive/
[=]SCRAPE SERVE[=]LINK(s) EXTRACTED: https://www.tiktok.com/@ancientfaithministries
[=]SCRAPE SERVE[=]ReqMETA: 200::GET
[=]SCRAPE SERVE[=]A[HREF]::Link request received at https://www.ancientfaith.com/podcasts/orthodoxylive/
[=]SCRAPE SERVE[=]LINK(s) EXTRACTED: /
[=]SCRAPE SERVE[=]ReqMETA: 200::GET
[=]SCRAPE SERVE[=]A[HREF]::Link request received at https://www.ancientfaith.com/podcasts/orthodoxylive/
[=]SCRAPE SERVE[=]LINK(s) EXTRACTED: /topics/Ancient-Faith-Kids/
[=]SCRAPE SERVE[=]ReqMETA: 200::GET
[=]SCRAPE SERVE[=]A[HREF]::Link request received at https://www.ancientfaith.com/podcasts/orthodoxylive/
[=]SCRAPE SERVE[=]LINK(s) EXTRACTED: https://www.facebook.com/ancientfaithkids
[=]SCRAPE SERVE[=]ReqMETA: 200::GET
[=]SCRAPE SERVE[=]A[HREF]::Link request received at https://www.ancientfaith.com/podcasts/orthodoxylive/
[=]SCRAPE SERVE[=]LINK(s) EXTRACTED: https://www.youtube.com/@ancientfaith4kids
[=]SCRAPE SERVE[=]ReqMETA: 200::GET
[=]SCRAPE SERVE[=]A[HREF]::Link request received at https://www.ancientfaith.com/podcasts/orthodoxylive/
[=]SCRAPE SERVE[=]LINK(s) EXTRACTED: https://www.instagram.com/ancientfaithkids/
[=]SCRAPE SERVE[=]ReqMETA: 200::GET
[=]SCRAPE SERVE[=]A[HREF]::Link request received at https://www.ancientfaith.com/podcasts/orthodoxylive/
[=]SCRAPE SERVE[=]LINK(s) EXTRACTED: https://afm.kindful.com/?campaign=1193135
[=]SCRAPE SERVE[=]ReqMETA: 200::GET
[=]SCRAPE SERVE[=]A[HREF]::Link request received at https://www.ancientfaith.com/podcasts/orthodoxylive/
[=]SCRAPE SERVE[=]LINK(s) EXTRACTED: 
[=]SCRAPE SERVE[=]ReqMETA: 200::GET
[=]SCRAPE SERVE[=]A[HREF]::Link request received at https://www.ancientfaith.com/podcasts/orthodoxylive/
[=]SCRAPE SERVE[=]LINK(s) EXTRACTED: 
[=]SCRAPE SERVE[=]ReqMETA: 200::GET
[=]SCRAPE SERVE[=]A[HREF]::Link request received at https://www.ancientfaith.com/podcasts/orthodoxylive/
[=]SCRAPE SERVE[=]LINK(s) EXTRACTED: 
[=]SCRAPE SERVE[=]ReqMETA: 200::GET
[=]SCRAPE SERVE[=]visiting https://www.ancientfaith.com/podcasts/parables/
[=]SCRAPE SERVE[=]response received 200
[=]SCRAPE SERVE[=]A[HREF]::Link request received at https://www.ancientfaith.com/podcasts/parables/
[=]SCRAPE SERVE[=]LINK(s) EXTRACTED: /
[=]SCRAPE SERVE[=]ReqMETA: 200::GET
[=]SCRAPE SERVE[=]A[HREF]::Link request received at https://www.ancientfaith.com/podcasts/parables/
[=]SCRAPE SERVE[=]LINK(s) EXTRACTED: /radio/
[=]SCRAPE SERVE[=]ReqMETA: 200::GET
[=]SCRAPE SERVE[=]A[HREF]::Link request received at https://www.ancientfaith.com/podcasts/parables/
[=]SCRAPE SERVE[=]LINK(s) EXTRACTED: /radio/live-shows/
[=]SCRAPE SERVE[=]ReqMETA: 200::GET
[=]SCRAPE SERVE[=]A[HREF]::Link request received at https://www.ancientfaith.com/podcasts/parables/
[=]SCRAPE SERVE[=]LINK(s) EXTRACTED: /podcasts/
[=]SCRAPE SERVE[=]ReqMETA: 200::GET
[=]SCRAPE SERVE[=]A[HREF]::Link request received at https://www.ancientfaith.com/podcasts/parables/
[=]SCRAPE SERVE[=]LINK(s) EXTRACTED: /radio/sponsorships/
[=]SCRAPE SERVE[=]ReqMETA: 200::GET
[=]SCRAPE SERVE[=]A[HREF]::Link request received at https://www.ancientfaith.com/podcasts/parables/
[=]SCRAPE SERVE[=]LINK(s) EXTRACTED: /radio/digital-m/
[=]SCRAPE SERVE[=]ReqMETA: 200::GET
[=]SCRAPE SERVE[=]A[HREF]::Link request received at https://www.ancientfaith.com/podcasts/parables/
[=]SCRAPE SERVE[=]LINK(s) EXTRACTED: /publishing/
[=]SCRAPE SERVE[=]ReqMETA: 200::GET
[=]SCRAPE SERVE[=]A[HREF]::Link request received at https://www.ancientfaith.com/podcasts/parables/
[=]SCRAPE SERVE[=]LINK(s) EXTRACTED: /topics/Ancient-Faith-Kids/
[=]SCRAPE SERVE[=]ReqMETA: 200::GET
[=]SCRAPE SERVE[=]A[HREF]::Link request received at https://www.ancientfaith.com/podcasts/parables/
[=]SCRAPE SERVE[=]LINK(s) EXTRACTED: /events/
[=]SCRAPE SERVE[=]ReqMETA: 200::GET
[=]SCRAPE SERVE[=]A[HREF]::Link request received at https://www.ancientfaith.com/podcasts/parables/
[=]SCRAPE SERVE[=]LINK(s) EXTRACTED: /support/
[=]SCRAPE SERVE[=]ReqMETA: 200::GET
[=]SCRAPE SERVE[=]A[HREF]::Link request received at https://www.ancientfaith.com/podcasts/parables/
[=]SCRAPE SERVE[=]LINK(s) EXTRACTED: /about/
[=]SCRAPE SERVE[=]ReqMETA: 200::GET
[=]SCRAPE SERVE[=]A[HREF]::Link request received at https://www.ancientfaith.com/podcasts/parables/
[=]SCRAPE SERVE[=]LINK(s) EXTRACTED: /ceo-journal/
[=]SCRAPE SERVE[=]ReqMETA: 200::GET
[=]SCRAPE SERVE[=]A[HREF]::Link request received at https://www.ancientfaith.com/podcasts/parables/
[=]SCRAPE SERVE[=]LINK(s) EXTRACTED: https://store.ancientfaith.com/
[=]SCRAPE SERVE[=]ReqMETA: 200::GET
[=]SCRAPE SERVE[=]A[HREF]::Link request received at https://www.ancientfaith.com/podcasts/parables/
[=]SCRAPE SERVE[=]LINK(s) EXTRACTED: /login/
[=]SCRAPE SERVE[=]ReqMETA: 200::GET
[=]SCRAPE SERVE[=]A[HREF]::Link request received at https://www.ancientfaith.com/podcasts/parables/
[=]SCRAPE SERVE[=]LINK(s) EXTRACTED: /radio/
[=]SCRAPE SERVE[=]ReqMETA: 200::GET
[=]SCRAPE SERVE[=]A[HREF]::Link request received at https://www.ancientfaith.com/podcasts/parables/
[=]SCRAPE SERVE[=]LINK(s) EXTRACTED: /radio/live-shows/
[=]SCRAPE SERVE[=]ReqMETA: 200::GET
[=]SCRAPE SERVE[=]A[HREF]::Link request received at https://www.ancientfaith.com/podcasts/parables/
[=]SCRAPE SERVE[=]LINK(s) EXTRACTED: /podcasts/
[=]SCRAPE SERVE[=]ReqMETA: 200::GET
[=]SCRAPE SERVE[=]A[HREF]::Link request received at https://www.ancientfaith.com/podcasts/parables/
[=]SCRAPE SERVE[=]LINK(s) EXTRACTED: /radio/sponsorships/
[=]SCRAPE SERVE[=]ReqMETA: 200::GET
[=]SCRAPE SERVE[=]A[HREF]::Link request received at https://www.ancientfaith.com/podcasts/parables/
[=]SCRAPE SERVE[=]LINK(s) EXTRACTED: /radio/digital-m/
[=]SCRAPE SERVE[=]ReqMETA: 200::GET
[=]SCRAPE SERVE[=]A[HREF]::Link request received at https://www.ancientfaith.com/podcasts/parables/
[=]SCRAPE SERVE[=]LINK(s) EXTRACTED: /publishing/
[=]SCRAPE SERVE[=]ReqMETA: 200::GET
[=]SCRAPE SERVE[=]A[HREF]::Link request received at https://www.ancientfaith.com/podcasts/parables/
[=]SCRAPE SERVE[=]LINK(s) EXTRACTED: /topics/Ancient-Faith-Kids/
[=]SCRAPE SERVE[=]ReqMETA: 200::GET
[=]SCRAPE SERVE[=]A[HREF]::Link request received at https://www.ancientfaith.com/podcasts/parables/
[=]SCRAPE SERVE[=]LINK(s) EXTRACTED: /events/
[=]SCRAPE SERVE[=]ReqMETA: 200::GET
[=]SCRAPE SERVE[=]A[HREF]::Link request received at https://www.ancientfaith.com/podcasts/parables/
[=]SCRAPE SERVE[=]LINK(s) EXTRACTED: /support/
[=]SCRAPE SERVE[=]ReqMETA: 200::GET
[=]SCRAPE SERVE[=]A[HREF]::Link request received at https://www.ancientfaith.com/podcasts/parables/
[=]SCRAPE SERVE[=]LINK(s) EXTRACTED: /about/
[=]SCRAPE SERVE[=]ReqMETA: 200::GET
[=]SCRAPE SERVE[=]A[HREF]::Link request received at https://www.ancientfaith.com/podcasts/parables/
[=]SCRAPE SERVE[=]LINK(s) EXTRACTED: /ceo-journal/
[=]SCRAPE SERVE[=]ReqMETA: 200::GET
[=]SCRAPE SERVE[=]A[HREF]::Link request received at https://www.ancientfaith.com/podcasts/parables/
[=]SCRAPE SERVE[=]LINK(s) EXTRACTED: https://store.ancientfaith.com/
[=]SCRAPE SERVE[=]ReqMETA: 200::GET
[=]SCRAPE SERVE[=]A[HREF]::Link request received at https://www.ancientfaith.com/podcasts/parables/
[=]SCRAPE SERVE[=]LINK(s) EXTRACTED: /login/
[=]SCRAPE SERVE[=]ReqMETA: 200::GET
[=]SCRAPE SERVE[=]A[HREF]::Link request received at https://www.ancientfaith.com/podcasts/parables/
[=]SCRAPE SERVE[=]LINK(s) EXTRACTED: https://feeds.ancientfaith.com/parables
[=]SCRAPE SERVE[=]ReqMETA: 200::GET
[=]SCRAPE SERVE[=]A[HREF]::Link request received at https://www.ancientfaith.com/podcasts/parables/
[=]SCRAPE SERVE[=]LINK(s) EXTRACTED: https://podcasts.apple.com/us/podcast/id907311075
[=]SCRAPE SERVE[=]ReqMETA: 200::GET
[=]SCRAPE SERVE[=]A[HREF]::Link request received at https://www.ancientfaith.com/podcasts/parables/
[=]SCRAPE SERVE[=]LINK(s) EXTRACTED: https://web.charityengine.net/Default.aspx?tsid=31584
[=]SCRAPE SERVE[=]ReqMETA: 200::GET
[=]SCRAPE SERVE[=]A[HREF]::Link request received at https://www.ancientfaith.com/podcasts/parables/
[=]SCRAPE SERVE[=]LINK(s) EXTRACTED: /podcasts/parables/?page=2
[=]SCRAPE SERVE[=]ReqMETA: 200::GET
[=]SCRAPE SERVE[=]A[HREF]::Link request received at https://www.ancientfaith.com/podcasts/parables/
[=]SCRAPE SERVE[=]LINK(s) EXTRACTED: /podcasts/parables/?page=47
[=]SCRAPE SERVE[=]ReqMETA: 200::GET
[=]SCRAPE SERVE[=]A[HREF]::Link request received at https://www.ancientfaith.com/podcasts/parables/
[=]SCRAPE SERVE[=]LINK(s) EXTRACTED: /podcasts/parables/learning-mercy-through-prayer/
[=]SCRAPE SERVE[=]ReqMETA: 200::GET
[=]SCRAPE SERVE[=]A[HREF]::Link request received at https://www.ancientfaith.com/podcasts/parables/
[=]SCRAPE SERVE[=]LINK(s) EXTRACTED: /podcasts/parables/testimonial/
[=]SCRAPE SERVE[=]ReqMETA: 200::GET
[=]SCRAPE SERVE[=]A[HREF]::Link request received at https://www.ancientfaith.com/podcasts/parables/
[=]SCRAPE SERVE[=]LINK(s) EXTRACTED: /podcasts/parables/fasting-for-the-lenten-word/
[=]SCRAPE SERVE[=]ReqMETA: 200::GET
[=]SCRAPE SERVE[=]A[HREF]::Link request received at https://www.ancientfaith.com/podcasts/parables/
[=]SCRAPE SERVE[=]LINK(s) EXTRACTED: /podcasts/parables/the-door-to-lent/
[=]SCRAPE SERVE[=]ReqMETA: 200::GET
[=]SCRAPE SERVE[=]A[HREF]::Link request received at https://www.ancientfaith.com/podcasts/parables/
[=]SCRAPE SERVE[=]LINK(s) EXTRACTED: /podcasts/parables/words-on-mercy-from-a-prodigal-son/
[=]SCRAPE SERVE[=]ReqMETA: 200::GET
[=]SCRAPE SERVE[=]A[HREF]::Link request received at https://www.ancientfaith.com/podcasts/parables/
[=]SCRAPE SERVE[=]LINK(s) EXTRACTED: /podcasts/parables/?page=2
[=]SCRAPE SERVE[=]ReqMETA: 200::GET
[=]SCRAPE SERVE[=]A[HREF]::Link request received at https://www.ancientfaith.com/podcasts/parables/
[=]SCRAPE SERVE[=]LINK(s) EXTRACTED: /podcasts/parables/?page=47
[=]SCRAPE SERVE[=]ReqMETA: 200::GET
[=]SCRAPE SERVE[=]A[HREF]::Link request received at https://www.ancientfaith.com/podcasts/parables/
[=]SCRAPE SERVE[=]LINK(s) EXTRACTED: /contributors/st_john_the_compassionate_mission/
[=]SCRAPE SERVE[=]ReqMETA: 200::GET
[=]SCRAPE SERVE[=]A[HREF]::Link request received at https://www.ancientfaith.com/podcasts/parables/
[=]SCRAPE SERVE[=]LINK(s) EXTRACTED: mailto:parables@ancientfaith.com
[=]SCRAPE SERVE[=]ReqMETA: 200::GET
[=]SCRAPE SERVE[=]A[HREF]::Link request received at https://www.ancientfaith.com/podcasts/parables/
[=]SCRAPE SERVE[=]LINK(s) EXTRACTED: http://www.stjohnsmission.org
[=]SCRAPE SERVE[=]ReqMETA: 200::GET
[=]SCRAPE SERVE[=]A[HREF]::Link request received at https://www.ancientfaith.com/podcasts/parables/
[=]SCRAPE SERVE[=]LINK(s) EXTRACTED: /workwithus/
[=]SCRAPE SERVE[=]ReqMETA: 200::GET
[=]SCRAPE SERVE[=]A[HREF]::Link request received at https://www.ancientfaith.com/podcasts/parables/
[=]SCRAPE SERVE[=]LINK(s) EXTRACTED: /about/
[=]SCRAPE SERVE[=]ReqMETA: 200::GET
[=]SCRAPE SERVE[=]A[HREF]::Link request received at https://www.ancientfaith.com/podcasts/parables/
[=]SCRAPE SERVE[=]LINK(s) EXTRACTED: /support/
[=]SCRAPE SERVE[=]ReqMETA: 200::GET
[=]SCRAPE SERVE[=]A[HREF]::Link request received at https://www.ancientfaith.com/podcasts/parables/
[=]SCRAPE SERVE[=]LINK(s) EXTRACTED: /about/
[=]SCRAPE SERVE[=]ReqMETA: 200::GET
[=]SCRAPE SERVE[=]A[HREF]::Link request received at https://www.ancientfaith.com/podcasts/parables/
[=]SCRAPE SERVE[=]LINK(s) EXTRACTED: https://store.ancientfaith.com
[=]SCRAPE SERVE[=]ReqMETA: 200::GET
[=]SCRAPE SERVE[=]A[HREF]::Link request received at https://www.ancientfaith.com/podcasts/parables/
[=]SCRAPE SERVE[=]LINK(s) EXTRACTED: https://www.facebook.com/ancientfaithministries
[=]SCRAPE SERVE[=]ReqMETA: 200::GET
[=]SCRAPE SERVE[=]A[HREF]::Link request received at https://www.ancientfaith.com/podcasts/parables/
[=]SCRAPE SERVE[=]LINK(s) EXTRACTED: https://www.youtube.com/@AncientFaithMinistries
[=]SCRAPE SERVE[=]ReqMETA: 200::GET
[=]SCRAPE SERVE[=]A[HREF]::Link request received at https://www.ancientfaith.com/podcasts/parables/
[=]SCRAPE SERVE[=]LINK(s) EXTRACTED: https://www.instagram.com/ancientfaithministries/
[=]SCRAPE SERVE[=]ReqMETA: 200::GET
[=]SCRAPE SERVE[=]A[HREF]::Link request received at https://www.ancientfaith.com/podcasts/parables/
[=]SCRAPE SERVE[=]LINK(s) EXTRACTED: https://www.tiktok.com/@ancientfaithministries
[=]SCRAPE SERVE[=]ReqMETA: 200::GET
[=]SCRAPE SERVE[=]A[HREF]::Link request received at https://www.ancientfaith.com/podcasts/parables/
[=]SCRAPE SERVE[=]LINK(s) EXTRACTED: /
[=]SCRAPE SERVE[=]ReqMETA: 200::GET
[=]SCRAPE SERVE[=]A[HREF]::Link request received at https://www.ancientfaith.com/podcasts/parables/
[=]SCRAPE SERVE[=]LINK(s) EXTRACTED: /topics/Ancient-Faith-Kids/
[=]SCRAPE SERVE[=]ReqMETA: 200::GET
[=]SCRAPE SERVE[=]A[HREF]::Link request received at https://www.ancientfaith.com/podcasts/parables/
[=]SCRAPE SERVE[=]LINK(s) EXTRACTED: https://www.facebook.com/ancientfaithkids
[=]SCRAPE SERVE[=]ReqMETA: 200::GET
[=]SCRAPE SERVE[=]A[HREF]::Link request received at https://www.ancientfaith.com/podcasts/parables/
[=]SCRAPE SERVE[=]LINK(s) EXTRACTED: https://www.youtube.com/@ancientfaith4kids
[=]SCRAPE SERVE[=]ReqMETA: 200::GET
[=]SCRAPE SERVE[=]A[HREF]::Link request received at https://www.ancientfaith.com/podcasts/parables/
[=]SCRAPE SERVE[=]LINK(s) EXTRACTED: https://www.instagram.com/ancientfaithkids/
[=]SCRAPE SERVE[=]ReqMETA: 200::GET
[=]SCRAPE SERVE[=]A[HREF]::Link request received at https://www.ancientfaith.com/podcasts/parables/
[=]SCRAPE SERVE[=]LINK(s) EXTRACTED: https://afm.kindful.com/?campaign=1193135
[=]SCRAPE SERVE[=]ReqMETA: 200::GET
[=]SCRAPE SERVE[=]A[HREF]::Link request received at https://www.ancientfaith.com/podcasts/parables/
[=]SCRAPE SERVE[=]LINK(s) EXTRACTED: 
[=]SCRAPE SERVE[=]ReqMETA: 200::GET
[=]SCRAPE SERVE[=]A[HREF]::Link request received at https://www.ancientfaith.com/podcasts/parables/
[=]SCRAPE SERVE[=]LINK(s) EXTRACTED: 
[=]SCRAPE SERVE[=]ReqMETA: 200::GET
[=]SCRAPE SERVE[=]A[HREF]::Link request received at https://www.ancientfaith.com/podcasts/parables/
[=]SCRAPE SERVE[=]LINK(s) EXTRACTED: 
[=]SCRAPE SERVE[=]ReqMETA: 200::GET
[=]SCRAPE SERVE[=]visiting https://www.ancientfaith.com/podcasts/saintemmelia/
[=]SCRAPE SERVE[=]response received 200
[=]SCRAPE SERVE[=]A[HREF]::Link request received at https://www.ancientfaith.com/podcasts/saintemmelia/
[=]SCRAPE SERVE[=]LINK(s) EXTRACTED: /
[=]SCRAPE SERVE[=]ReqMETA: 200::GET
[=]SCRAPE SERVE[=]A[HREF]::Link request received at https://www.ancientfaith.com/podcasts/saintemmelia/
[=]SCRAPE SERVE[=]LINK(s) EXTRACTED: /radio/
[=]SCRAPE SERVE[=]ReqMETA: 200::GET
[=]SCRAPE SERVE[=]A[HREF]::Link request received at https://www.ancientfaith.com/podcasts/saintemmelia/
[=]SCRAPE SERVE[=]LINK(s) EXTRACTED: /radio/live-shows/
[=]SCRAPE SERVE[=]ReqMETA: 200::GET
[=]SCRAPE SERVE[=]A[HREF]::Link request received at https://www.ancientfaith.com/podcasts/saintemmelia/
[=]SCRAPE SERVE[=]LINK(s) EXTRACTED: /podcasts/
[=]SCRAPE SERVE[=]ReqMETA: 200::GET
[=]SCRAPE SERVE[=]A[HREF]::Link request received at https://www.ancientfaith.com/podcasts/saintemmelia/
[=]SCRAPE SERVE[=]LINK(s) EXTRACTED: /radio/sponsorships/
[=]SCRAPE SERVE[=]ReqMETA: 200::GET
[=]SCRAPE SERVE[=]A[HREF]::Link request received at https://www.ancientfaith.com/podcasts/saintemmelia/
[=]SCRAPE SERVE[=]LINK(s) EXTRACTED: /radio/digital-m/
[=]SCRAPE SERVE[=]ReqMETA: 200::GET
[=]SCRAPE SERVE[=]A[HREF]::Link request received at https://www.ancientfaith.com/podcasts/saintemmelia/
[=]SCRAPE SERVE[=]LINK(s) EXTRACTED: /publishing/
[=]SCRAPE SERVE[=]ReqMETA: 200::GET
[=]SCRAPE SERVE[=]A[HREF]::Link request received at https://www.ancientfaith.com/podcasts/saintemmelia/
[=]SCRAPE SERVE[=]LINK(s) EXTRACTED: /topics/Ancient-Faith-Kids/
[=]SCRAPE SERVE[=]ReqMETA: 200::GET
[=]SCRAPE SERVE[=]A[HREF]::Link request received at https://www.ancientfaith.com/podcasts/saintemmelia/
[=]SCRAPE SERVE[=]LINK(s) EXTRACTED: /events/
[=]SCRAPE SERVE[=]ReqMETA: 200::GET
[=]SCRAPE SERVE[=]A[HREF]::Link request received at https://www.ancientfaith.com/podcasts/saintemmelia/
[=]SCRAPE SERVE[=]LINK(s) EXTRACTED: /support/
[=]SCRAPE SERVE[=]ReqMETA: 200::GET
[=]SCRAPE SERVE[=]A[HREF]::Link request received at https://www.ancientfaith.com/podcasts/saintemmelia/
[=]SCRAPE SERVE[=]LINK(s) EXTRACTED: /about/
[=]SCRAPE SERVE[=]ReqMETA: 200::GET
[=]SCRAPE SERVE[=]A[HREF]::Link request received at https://www.ancientfaith.com/podcasts/saintemmelia/
[=]SCRAPE SERVE[=]LINK(s) EXTRACTED: /ceo-journal/
[=]SCRAPE SERVE[=]ReqMETA: 200::GET
[=]SCRAPE SERVE[=]A[HREF]::Link request received at https://www.ancientfaith.com/podcasts/saintemmelia/
[=]SCRAPE SERVE[=]LINK(s) EXTRACTED: https://store.ancientfaith.com/
[=]SCRAPE SERVE[=]ReqMETA: 200::GET
[=]SCRAPE SERVE[=]A[HREF]::Link request received at https://www.ancientfaith.com/podcasts/saintemmelia/
[=]SCRAPE SERVE[=]LINK(s) EXTRACTED: /login/
[=]SCRAPE SERVE[=]ReqMETA: 200::GET
[=]SCRAPE SERVE[=]A[HREF]::Link request received at https://www.ancientfaith.com/podcasts/saintemmelia/
[=]SCRAPE SERVE[=]LINK(s) EXTRACTED: /radio/
[=]SCRAPE SERVE[=]ReqMETA: 200::GET
[=]SCRAPE SERVE[=]A[HREF]::Link request received at https://www.ancientfaith.com/podcasts/saintemmelia/
[=]SCRAPE SERVE[=]LINK(s) EXTRACTED: /radio/live-shows/
[=]SCRAPE SERVE[=]ReqMETA: 200::GET
[=]SCRAPE SERVE[=]A[HREF]::Link request received at https://www.ancientfaith.com/podcasts/saintemmelia/
[=]SCRAPE SERVE[=]LINK(s) EXTRACTED: /podcasts/
[=]SCRAPE SERVE[=]ReqMETA: 200::GET
[=]SCRAPE SERVE[=]A[HREF]::Link request received at https://www.ancientfaith.com/podcasts/saintemmelia/
[=]SCRAPE SERVE[=]LINK(s) EXTRACTED: /radio/sponsorships/
[=]SCRAPE SERVE[=]ReqMETA: 200::GET
[=]SCRAPE SERVE[=]A[HREF]::Link request received at https://www.ancientfaith.com/podcasts/saintemmelia/
[=]SCRAPE SERVE[=]LINK(s) EXTRACTED: /radio/digital-m/
[=]SCRAPE SERVE[=]ReqMETA: 200::GET
[=]SCRAPE SERVE[=]A[HREF]::Link request received at https://www.ancientfaith.com/podcasts/saintemmelia/
[=]SCRAPE SERVE[=]LINK(s) EXTRACTED: /publishing/
[=]SCRAPE SERVE[=]ReqMETA: 200::GET
[=]SCRAPE SERVE[=]A[HREF]::Link request received at https://www.ancientfaith.com/podcasts/saintemmelia/
[=]SCRAPE SERVE[=]LINK(s) EXTRACTED: /topics/Ancient-Faith-Kids/
[=]SCRAPE SERVE[=]ReqMETA: 200::GET
[=]SCRAPE SERVE[=]A[HREF]::Link request received at https://www.ancientfaith.com/podcasts/saintemmelia/
[=]SCRAPE SERVE[=]LINK(s) EXTRACTED: /events/
[=]SCRAPE SERVE[=]ReqMETA: 200::GET
[=]SCRAPE SERVE[=]A[HREF]::Link request received at https://www.ancientfaith.com/podcasts/saintemmelia/
[=]SCRAPE SERVE[=]LINK(s) EXTRACTED: /support/
[=]SCRAPE SERVE[=]ReqMETA: 200::GET
[=]SCRAPE SERVE[=]A[HREF]::Link request received at https://www.ancientfaith.com/podcasts/saintemmelia/
[=]SCRAPE SERVE[=]LINK(s) EXTRACTED: /about/
[=]SCRAPE SERVE[=]ReqMETA: 200::GET
[=]SCRAPE SERVE[=]A[HREF]::Link request received at https://www.ancientfaith.com/podcasts/saintemmelia/
[=]SCRAPE SERVE[=]LINK(s) EXTRACTED: /ceo-journal/
[=]SCRAPE SERVE[=]ReqMETA: 200::GET
[=]SCRAPE SERVE[=]A[HREF]::Link request received at https://www.ancientfaith.com/podcasts/saintemmelia/
[=]SCRAPE SERVE[=]LINK(s) EXTRACTED: https://store.ancientfaith.com/
[=]SCRAPE SERVE[=]ReqMETA: 200::GET
[=]SCRAPE SERVE[=]A[HREF]::Link request received at https://www.ancientfaith.com/podcasts/saintemmelia/
[=]SCRAPE SERVE[=]LINK(s) EXTRACTED: /login/
[=]SCRAPE SERVE[=]ReqMETA: 200::GET
[=]SCRAPE SERVE[=]A[HREF]::Link request received at https://www.ancientfaith.com/podcasts/saintemmelia/
[=]SCRAPE SERVE[=]LINK(s) EXTRACTED: https://feeds.ancientfaith.com/saintemmelia
[=]SCRAPE SERVE[=]ReqMETA: 200::GET
[=]SCRAPE SERVE[=]A[HREF]::Link request received at https://www.ancientfaith.com/podcasts/saintemmelia/
[=]SCRAPE SERVE[=]LINK(s) EXTRACTED: https://web.charityengine.net/Default.aspx?tsid=31584
[=]SCRAPE SERVE[=]ReqMETA: 200::GET
[=]SCRAPE SERVE[=]A[HREF]::Link request received at https://www.ancientfaith.com/podcasts/saintemmelia/
[=]SCRAPE SERVE[=]LINK(s) EXTRACTED: /podcasts/saintemmelia/?page=2
[=]SCRAPE SERVE[=]ReqMETA: 200::GET
[=]SCRAPE SERVE[=]A[HREF]::Link request received at https://www.ancientfaith.com/podcasts/saintemmelia/
[=]SCRAPE SERVE[=]LINK(s) EXTRACTED: /podcasts/saintemmelia/?page=23
[=]SCRAPE SERVE[=]ReqMETA: 200::GET
[=]SCRAPE SERVE[=]A[HREF]::Link request received at https://www.ancientfaith.com/podcasts/saintemmelia/
[=]SCRAPE SERVE[=]LINK(s) EXTRACTED: /podcasts/saintemmelia/mom-guilt-part-2/
[=]SCRAPE SERVE[=]ReqMETA: 200::GET
[=]SCRAPE SERVE[=]A[HREF]::Link request received at https://www.ancientfaith.com/podcasts/saintemmelia/
[=]SCRAPE SERVE[=]LINK(s) EXTRACTED: /podcasts/saintemmelia/mom-guilt-part-1/
[=]SCRAPE SERVE[=]ReqMETA: 200::GET
[=]SCRAPE SERVE[=]A[HREF]::Link request received at https://www.ancientfaith.com/podcasts/saintemmelia/
[=]SCRAPE SERVE[=]LINK(s) EXTRACTED: /podcasts/saintemmelia/interview-with-pres-jennifer-souza-orthodox-homeschool-health-course/
[=]SCRAPE SERVE[=]ReqMETA: 200::GET
[=]SCRAPE SERVE[=]A[HREF]::Link request received at https://www.ancientfaith.com/podcasts/saintemmelia/
[=]SCRAPE SERVE[=]LINK(s) EXTRACTED: /podcasts/saintemmelia/next-steps-an-interview-with-megan-bonynge/
[=]SCRAPE SERVE[=]ReqMETA: 200::GET
[=]SCRAPE SERVE[=]A[HREF]::Link request received at https://www.ancientfaith.com/podcasts/saintemmelia/
[=]SCRAPE SERVE[=]LINK(s) EXTRACTED: /podcasts/saintemmelia/next-steps-an-interview-with-pres-krista-fedorchak/
[=]SCRAPE SERVE[=]ReqMETA: 200::GET
[=]SCRAPE SERVE[=]A[HREF]::Link request received at https://www.ancientfaith.com/podcasts/saintemmelia/
[=]SCRAPE SERVE[=]LINK(s) EXTRACTED: /podcasts/saintemmelia/?page=2
[=]SCRAPE SERVE[=]ReqMETA: 200::GET
[=]SCRAPE SERVE[=]A[HREF]::Link request received at https://www.ancientfaith.com/podcasts/saintemmelia/
[=]SCRAPE SERVE[=]LINK(s) EXTRACTED: /podcasts/saintemmelia/?page=23
[=]SCRAPE SERVE[=]ReqMETA: 200::GET
[=]SCRAPE SERVE[=]A[HREF]::Link request received at https://www.ancientfaith.com/podcasts/saintemmelia/
[=]SCRAPE SERVE[=]LINK(s) EXTRACTED: /contributors/melissa_naasko/
[=]SCRAPE SERVE[=]ReqMETA: 200::GET
[=]SCRAPE SERVE[=]A[HREF]::Link request received at https://www.ancientfaith.com/podcasts/saintemmelia/
[=]SCRAPE SERVE[=]LINK(s) EXTRACTED: /contributors/fr_noah_bushelli/
[=]SCRAPE SERVE[=]ReqMETA: 200::GET
[=]SCRAPE SERVE[=]A[HREF]::Link request received at https://www.ancientfaith.com/podcasts/saintemmelia/
[=]SCRAPE SERVE[=]LINK(s) EXTRACTED: /contributors/mindi_popovich_schneider/
[=]SCRAPE SERVE[=]ReqMETA: 200::GET
[=]SCRAPE SERVE[=]A[HREF]::Link request received at https://www.ancientfaith.com/podcasts/saintemmelia/
[=]SCRAPE SERVE[=]LINK(s) EXTRACTED: /contributors/marcy_fox/
[=]SCRAPE SERVE[=]ReqMETA: 200::GET
[=]SCRAPE SERVE[=]A[HREF]::Link request received at https://www.ancientfaith.com/podcasts/saintemmelia/
[=]SCRAPE SERVE[=]LINK(s) EXTRACTED: mailto:saintemmelia@ancientfaith.com
[=]SCRAPE SERVE[=]ReqMETA: 200::GET
[=]SCRAPE SERVE[=]A[HREF]::Link request received at https://www.ancientfaith.com/podcasts/saintemmelia/
[=]SCRAPE SERVE[=]LINK(s) EXTRACTED: https://www.saintemmelia.com
[=]SCRAPE SERVE[=]ReqMETA: 200::GET
[=]SCRAPE SERVE[=]A[HREF]::Link request received at https://www.ancientfaith.com/podcasts/saintemmelia/
[=]SCRAPE SERVE[=]LINK(s) EXTRACTED: /workwithus/
[=]SCRAPE SERVE[=]ReqMETA: 200::GET
[=]SCRAPE SERVE[=]A[HREF]::Link request received at https://www.ancientfaith.com/podcasts/saintemmelia/
[=]SCRAPE SERVE[=]LINK(s) EXTRACTED: /about/
[=]SCRAPE SERVE[=]ReqMETA: 200::GET
[=]SCRAPE SERVE[=]A[HREF]::Link request received at https://www.ancientfaith.com/podcasts/saintemmelia/
[=]SCRAPE SERVE[=]LINK(s) EXTRACTED: /support/
[=]SCRAPE SERVE[=]ReqMETA: 200::GET
[=]SCRAPE SERVE[=]A[HREF]::Link request received at https://www.ancientfaith.com/podcasts/saintemmelia/
[=]SCRAPE SERVE[=]LINK(s) EXTRACTED: /about/
[=]SCRAPE SERVE[=]ReqMETA: 200::GET
[=]SCRAPE SERVE[=]A[HREF]::Link request received at https://www.ancientfaith.com/podcasts/saintemmelia/
[=]SCRAPE SERVE[=]LINK(s) EXTRACTED: https://store.ancientfaith.com
[=]SCRAPE SERVE[=]ReqMETA: 200::GET
[=]SCRAPE SERVE[=]A[HREF]::Link request received at https://www.ancientfaith.com/podcasts/saintemmelia/
[=]SCRAPE SERVE[=]LINK(s) EXTRACTED: https://www.facebook.com/ancientfaithministries
[=]SCRAPE SERVE[=]ReqMETA: 200::GET
[=]SCRAPE SERVE[=]A[HREF]::Link request received at https://www.ancientfaith.com/podcasts/saintemmelia/
[=]SCRAPE SERVE[=]LINK(s) EXTRACTED: https://www.youtube.com/@AncientFaithMinistries
[=]SCRAPE SERVE[=]ReqMETA: 200::GET
[=]SCRAPE SERVE[=]A[HREF]::Link request received at https://www.ancientfaith.com/podcasts/saintemmelia/
[=]SCRAPE SERVE[=]LINK(s) EXTRACTED: https://www.instagram.com/ancientfaithministries/
[=]SCRAPE SERVE[=]ReqMETA: 200::GET
[=]SCRAPE SERVE[=]A[HREF]::Link request received at https://www.ancientfaith.com/podcasts/saintemmelia/
[=]SCRAPE SERVE[=]LINK(s) EXTRACTED: https://www.tiktok.com/@ancientfaithministries
[=]SCRAPE SERVE[=]ReqMETA: 200::GET
[=]SCRAPE SERVE[=]A[HREF]::Link request received at https://www.ancientfaith.com/podcasts/saintemmelia/
[=]SCRAPE SERVE[=]LINK(s) EXTRACTED: /
[=]SCRAPE SERVE[=]ReqMETA: 200::GET
[=]SCRAPE SERVE[=]A[HREF]::Link request received at https://www.ancientfaith.com/podcasts/saintemmelia/
[=]SCRAPE SERVE[=]LINK(s) EXTRACTED: /topics/Ancient-Faith-Kids/
[=]SCRAPE SERVE[=]ReqMETA: 200::GET
[=]SCRAPE SERVE[=]A[HREF]::Link request received at https://www.ancientfaith.com/podcasts/saintemmelia/
[=]SCRAPE SERVE[=]LINK(s) EXTRACTED: https://www.facebook.com/ancientfaithkids
[=]SCRAPE SERVE[=]ReqMETA: 200::GET
[=]SCRAPE SERVE[=]A[HREF]::Link request received at https://www.ancientfaith.com/podcasts/saintemmelia/
[=]SCRAPE SERVE[=]LINK(s) EXTRACTED: https://www.youtube.com/@ancientfaith4kids
[=]SCRAPE SERVE[=]ReqMETA: 200::GET
[=]SCRAPE SERVE[=]A[HREF]::Link request received at https://www.ancientfaith.com/podcasts/saintemmelia/
[=]SCRAPE SERVE[=]LINK(s) EXTRACTED: https://www.instagram.com/ancientfaithkids/
[=]SCRAPE SERVE[=]ReqMETA: 200::GET
[=]SCRAPE SERVE[=]A[HREF]::Link request received at https://www.ancientfaith.com/podcasts/saintemmelia/
[=]SCRAPE SERVE[=]LINK(s) EXTRACTED: https://afm.kindful.com/?campaign=1193135
[=]SCRAPE SERVE[=]ReqMETA: 200::GET
[=]SCRAPE SERVE[=]A[HREF]::Link request received at https://www.ancientfaith.com/podcasts/saintemmelia/
[=]SCRAPE SERVE[=]LINK(s) EXTRACTED: 
[=]SCRAPE SERVE[=]ReqMETA: 200::GET
[=]SCRAPE SERVE[=]A[HREF]::Link request received at https://www.ancientfaith.com/podcasts/saintemmelia/
[=]SCRAPE SERVE[=]LINK(s) EXTRACTED: 
[=]SCRAPE SERVE[=]ReqMETA: 200::GET
[=]SCRAPE SERVE[=]A[HREF]::Link request received at https://www.ancientfaith.com/podcasts/saintemmelia/
[=]SCRAPE SERVE[=]LINK(s) EXTRACTED: 
[=]SCRAPE SERVE[=]ReqMETA: 200::GET
[=]SCRAPE SERVE[=]visiting https://www.ancientfaith.com/podcasts/saintoftheday/
[=]SCRAPE SERVE[=]response received 200
[=]SCRAPE SERVE[=]A[HREF]::Link request received at https://www.ancientfaith.com/podcasts/saintoftheday/
[=]SCRAPE SERVE[=]LINK(s) EXTRACTED: /
[=]SCRAPE SERVE[=]ReqMETA: 200::GET
[=]SCRAPE SERVE[=]A[HREF]::Link request received at https://www.ancientfaith.com/podcasts/saintoftheday/
[=]SCRAPE SERVE[=]LINK(s) EXTRACTED: /radio/
[=]SCRAPE SERVE[=]ReqMETA: 200::GET
[=]SCRAPE SERVE[=]A[HREF]::Link request received at https://www.ancientfaith.com/podcasts/saintoftheday/
[=]SCRAPE SERVE[=]LINK(s) EXTRACTED: /radio/live-shows/
[=]SCRAPE SERVE[=]ReqMETA: 200::GET
[=]SCRAPE SERVE[=]A[HREF]::Link request received at https://www.ancientfaith.com/podcasts/saintoftheday/
[=]SCRAPE SERVE[=]LINK(s) EXTRACTED: /podcasts/
[=]SCRAPE SERVE[=]ReqMETA: 200::GET
[=]SCRAPE SERVE[=]A[HREF]::Link request received at https://www.ancientfaith.com/podcasts/saintoftheday/
[=]SCRAPE SERVE[=]LINK(s) EXTRACTED: /radio/sponsorships/
[=]SCRAPE SERVE[=]ReqMETA: 200::GET
[=]SCRAPE SERVE[=]A[HREF]::Link request received at https://www.ancientfaith.com/podcasts/saintoftheday/
[=]SCRAPE SERVE[=]LINK(s) EXTRACTED: /radio/digital-m/
[=]SCRAPE SERVE[=]ReqMETA: 200::GET
[=]SCRAPE SERVE[=]A[HREF]::Link request received at https://www.ancientfaith.com/podcasts/saintoftheday/
[=]SCRAPE SERVE[=]LINK(s) EXTRACTED: /publishing/
[=]SCRAPE SERVE[=]ReqMETA: 200::GET
[=]SCRAPE SERVE[=]A[HREF]::Link request received at https://www.ancientfaith.com/podcasts/saintoftheday/
[=]SCRAPE SERVE[=]LINK(s) EXTRACTED: /topics/Ancient-Faith-Kids/
[=]SCRAPE SERVE[=]ReqMETA: 200::GET
[=]SCRAPE SERVE[=]A[HREF]::Link request received at https://www.ancientfaith.com/podcasts/saintoftheday/
[=]SCRAPE SERVE[=]LINK(s) EXTRACTED: /events/
[=]SCRAPE SERVE[=]ReqMETA: 200::GET
[=]SCRAPE SERVE[=]A[HREF]::Link request received at https://www.ancientfaith.com/podcasts/saintoftheday/
[=]SCRAPE SERVE[=]LINK(s) EXTRACTED: /support/
[=]SCRAPE SERVE[=]ReqMETA: 200::GET
[=]SCRAPE SERVE[=]A[HREF]::Link request received at https://www.ancientfaith.com/podcasts/saintoftheday/
[=]SCRAPE SERVE[=]LINK(s) EXTRACTED: /about/
[=]SCRAPE SERVE[=]ReqMETA: 200::GET
[=]SCRAPE SERVE[=]A[HREF]::Link request received at https://www.ancientfaith.com/podcasts/saintoftheday/
[=]SCRAPE SERVE[=]LINK(s) EXTRACTED: /ceo-journal/
[=]SCRAPE SERVE[=]ReqMETA: 200::GET
[=]SCRAPE SERVE[=]A[HREF]::Link request received at https://www.ancientfaith.com/podcasts/saintoftheday/
[=]SCRAPE SERVE[=]LINK(s) EXTRACTED: https://store.ancientfaith.com/
[=]SCRAPE SERVE[=]ReqMETA: 200::GET
[=]SCRAPE SERVE[=]A[HREF]::Link request received at https://www.ancientfaith.com/podcasts/saintoftheday/
[=]SCRAPE SERVE[=]LINK(s) EXTRACTED: /login/
[=]SCRAPE SERVE[=]ReqMETA: 200::GET
[=]SCRAPE SERVE[=]A[HREF]::Link request received at https://www.ancientfaith.com/podcasts/saintoftheday/
[=]SCRAPE SERVE[=]LINK(s) EXTRACTED: /radio/
[=]SCRAPE SERVE[=]ReqMETA: 200::GET
[=]SCRAPE SERVE[=]A[HREF]::Link request received at https://www.ancientfaith.com/podcasts/saintoftheday/
[=]SCRAPE SERVE[=]LINK(s) EXTRACTED: /radio/live-shows/
[=]SCRAPE SERVE[=]ReqMETA: 200::GET
[=]SCRAPE SERVE[=]A[HREF]::Link request received at https://www.ancientfaith.com/podcasts/saintoftheday/
[=]SCRAPE SERVE[=]LINK(s) EXTRACTED: /podcasts/
[=]SCRAPE SERVE[=]ReqMETA: 200::GET
[=]SCRAPE SERVE[=]A[HREF]::Link request received at https://www.ancientfaith.com/podcasts/saintoftheday/
[=]SCRAPE SERVE[=]LINK(s) EXTRACTED: /radio/sponsorships/
[=]SCRAPE SERVE[=]ReqMETA: 200::GET
[=]SCRAPE SERVE[=]A[HREF]::Link request received at https://www.ancientfaith.com/podcasts/saintoftheday/
[=]SCRAPE SERVE[=]LINK(s) EXTRACTED: /radio/digital-m/
[=]SCRAPE SERVE[=]ReqMETA: 200::GET
[=]SCRAPE SERVE[=]A[HREF]::Link request received at https://www.ancientfaith.com/podcasts/saintoftheday/
[=]SCRAPE SERVE[=]LINK(s) EXTRACTED: /publishing/
[=]SCRAPE SERVE[=]ReqMETA: 200::GET
[=]SCRAPE SERVE[=]A[HREF]::Link request received at https://www.ancientfaith.com/podcasts/saintoftheday/
[=]SCRAPE SERVE[=]LINK(s) EXTRACTED: /topics/Ancient-Faith-Kids/
[=]SCRAPE SERVE[=]ReqMETA: 200::GET
[=]SCRAPE SERVE[=]A[HREF]::Link request received at https://www.ancientfaith.com/podcasts/saintoftheday/
[=]SCRAPE SERVE[=]LINK(s) EXTRACTED: /events/
[=]SCRAPE SERVE[=]ReqMETA: 200::GET
[=]SCRAPE SERVE[=]A[HREF]::Link request received at https://www.ancientfaith.com/podcasts/saintoftheday/
[=]SCRAPE SERVE[=]LINK(s) EXTRACTED: /support/
[=]SCRAPE SERVE[=]ReqMETA: 200::GET
[=]SCRAPE SERVE[=]A[HREF]::Link request received at https://www.ancientfaith.com/podcasts/saintoftheday/
[=]SCRAPE SERVE[=]LINK(s) EXTRACTED: /about/
[=]SCRAPE SERVE[=]ReqMETA: 200::GET
[=]SCRAPE SERVE[=]A[HREF]::Link request received at https://www.ancientfaith.com/podcasts/saintoftheday/
[=]SCRAPE SERVE[=]LINK(s) EXTRACTED: /ceo-journal/
[=]SCRAPE SERVE[=]ReqMETA: 200::GET
[=]SCRAPE SERVE[=]A[HREF]::Link request received at https://www.ancientfaith.com/podcasts/saintoftheday/
[=]SCRAPE SERVE[=]LINK(s) EXTRACTED: https://store.ancientfaith.com/
[=]SCRAPE SERVE[=]ReqMETA: 200::GET
[=]SCRAPE SERVE[=]A[HREF]::Link request received at https://www.ancientfaith.com/podcasts/saintoftheday/
[=]SCRAPE SERVE[=]LINK(s) EXTRACTED: /login/
[=]SCRAPE SERVE[=]ReqMETA: 200::GET
[=]SCRAPE SERVE[=]A[HREF]::Link request received at https://www.ancientfaith.com/podcasts/saintoftheday/
[=]SCRAPE SERVE[=]LINK(s) EXTRACTED: https://feeds.ancientfaith.com/saintoftheday
[=]SCRAPE SERVE[=]ReqMETA: 200::GET
[=]SCRAPE SERVE[=]A[HREF]::Link request received at https://www.ancientfaith.com/podcasts/saintoftheday/
[=]SCRAPE SERVE[=]LINK(s) EXTRACTED: https://podcasts.apple.com/us/podcast/id266563475
[=]SCRAPE SERVE[=]ReqMETA: 200::GET
[=]SCRAPE SERVE[=]A[HREF]::Link request received at https://www.ancientfaith.com/podcasts/saintoftheday/
[=]SCRAPE SERVE[=]LINK(s) EXTRACTED: https://web.charityengine.net/Default.aspx?tsid=31584
[=]SCRAPE SERVE[=]ReqMETA: 200::GET
[=]SCRAPE SERVE[=]A[HREF]::Link request received at https://www.ancientfaith.com/podcasts/saintoftheday/
[=]SCRAPE SERVE[=]LINK(s) EXTRACTED: /podcasts/saintoftheday/?page=2
[=]SCRAPE SERVE[=]ReqMETA: 200::GET
[=]SCRAPE SERVE[=]A[HREF]::Link request received at https://www.ancientfaith.com/podcasts/saintoftheday/
[=]SCRAPE SERVE[=]LINK(s) EXTRACTED: /podcasts/saintoftheday/?page=1103
[=]SCRAPE SERVE[=]ReqMETA: 200::GET
[=]SCRAPE SERVE[=]A[HREF]::Link request received at https://www.ancientfaith.com/podcasts/saintoftheday/
[=]SCRAPE SERVE[=]LINK(s) EXTRACTED: /podcasts/saintoftheday/synaxis-of-the-archangel-gabriel-march-26/
[=]SCRAPE SERVE[=]ReqMETA: 200::GET
[=]SCRAPE SERVE[=]A[HREF]::Link request received at https://www.ancientfaith.com/podcasts/saintoftheday/
[=]SCRAPE SERVE[=]LINK(s) EXTRACTED: /podcasts/saintoftheday/new-confessorhieromartyr-tikhon-patriarch-of-moscow-1925-march-25/
[=]SCRAPE SERVE[=]ReqMETA: 200::GET
[=]SCRAPE SERVE[=]A[HREF]::Link request received at https://www.ancientfaith.com/podcasts/saintoftheday/
[=]SCRAPE SERVE[=]LINK(s) EXTRACTED: /podcasts/saintoftheday/saint-zacharias-the-recluse-of-egypt-4th-c-march-24/
[=]SCRAPE SERVE[=]ReqMETA: 200::GET
[=]SCRAPE SERVE[=]A[HREF]::Link request received at https://www.ancientfaith.com/podcasts/saintoftheday/
[=]SCRAPE SERVE[=]LINK(s) EXTRACTED: /podcasts/saintoftheday/monk-martyr-nikon-and-199-disciples-in-sicily-251-march-23/
[=]SCRAPE SERVE[=]ReqMETA: 200::GET
[=]SCRAPE SERVE[=]A[HREF]::Link request received at https://www.ancientfaith.com/podcasts/saintoftheday/
[=]SCRAPE SERVE[=]LINK(s) EXTRACTED: /podcasts/saintoftheday/martyr-drosida-of-antioch-and-five-nuns-104-march-22/
[=]SCRAPE SERVE[=]ReqMETA: 200::GET
[=]SCRAPE SERVE[=]A[HREF]::Link request received at https://www.ancientfaith.com/podcasts/saintoftheday/
[=]SCRAPE SERVE[=]LINK(s) EXTRACTED: /podcasts/saintoftheday/?page=2
[=]SCRAPE SERVE[=]ReqMETA: 200::GET
[=]SCRAPE SERVE[=]A[HREF]::Link request received at https://www.ancientfaith.com/podcasts/saintoftheday/
[=]SCRAPE SERVE[=]LINK(s) EXTRACTED: /podcasts/saintoftheday/?page=1103
[=]SCRAPE SERVE[=]ReqMETA: 200::GET
[=]SCRAPE SERVE[=]A[HREF]::Link request received at https://www.ancientfaith.com/podcasts/saintoftheday/
[=]SCRAPE SERVE[=]LINK(s) EXTRACTED: /contributors/jerome_atherholt/
[=]SCRAPE SERVE[=]ReqMETA: 200::GET
[=]SCRAPE SERVE[=]A[HREF]::Link request received at https://www.ancientfaith.com/podcasts/saintoftheday/
[=]SCRAPE SERVE[=]LINK(s) EXTRACTED: mailto:sotd@ancientfaith.com
[=]SCRAPE SERVE[=]ReqMETA: 200::GET
[=]SCRAPE SERVE[=]A[HREF]::Link request received at https://www.ancientfaith.com/podcasts/saintoftheday/
[=]SCRAPE SERVE[=]LINK(s) EXTRACTED: http://www.abbamoses.com/
[=]SCRAPE SERVE[=]ReqMETA: 200::GET
[=]SCRAPE SERVE[=]A[HREF]::Link request received at https://www.ancientfaith.com/podcasts/saintoftheday/
[=]SCRAPE SERVE[=]LINK(s) EXTRACTED: /podcasts/thepath/
[=]SCRAPE SERVE[=]ReqMETA: 200::GET
[=]SCRAPE SERVE[=]A[HREF]::Link request received at https://www.ancientfaith.com/podcasts/saintoftheday/
[=]SCRAPE SERVE[=]LINK(s) EXTRACTED: /podcasts/dailyscriptures/
[=]SCRAPE SERVE[=]ReqMETA: 200::GET
[=]SCRAPE SERVE[=]A[HREF]::Link request received at https://www.ancientfaith.com/podcasts/saintoftheday/
[=]SCRAPE SERVE[=]LINK(s) EXTRACTED: /podcasts/dailyscriptureskids/
[=]SCRAPE SERVE[=]ReqMETA: 200::GET
[=]SCRAPE SERVE[=]A[HREF]::Link request received at https://www.ancientfaith.com/podcasts/saintoftheday/
[=]SCRAPE SERVE[=]LINK(s) EXTRACTED: /podcasts/hiddensaints/
[=]SCRAPE SERVE[=]ReqMETA: 200::GET
[=]SCRAPE SERVE[=]A[HREF]::Link request received at https://www.ancientfaith.com/podcasts/saintoftheday/
[=]SCRAPE SERVE[=]LINK(s) EXTRACTED: https://store.ancientfaith.com/101-orthodox-saints/
[=]SCRAPE SERVE[=]ReqMETA: 200::GET
[=]SCRAPE SERVE[=]A[HREF]::Link request received at https://www.ancientfaith.com/podcasts/saintoftheday/
[=]SCRAPE SERVE[=]LINK(s) EXTRACTED: https://store.ancientfaith.com/among-the-saints-bundle/
[=]SCRAPE SERVE[=]ReqMETA: 200::GET
[=]SCRAPE SERVE[=]A[HREF]::Link request received at https://www.ancientfaith.com/podcasts/saintoftheday/
[=]SCRAPE SERVE[=]LINK(s) EXTRACTED: https://store.ancientfaith.com/christ-in-his-saints/
[=]SCRAPE SERVE[=]ReqMETA: 200::GET
[=]SCRAPE SERVE[=]A[HREF]::Link request received at https://www.ancientfaith.com/podcasts/saintoftheday/
[=]SCRAPE SERVE[=]LINK(s) EXTRACTED: /workwithus/
[=]SCRAPE SERVE[=]ReqMETA: 200::GET
[=]SCRAPE SERVE[=]A[HREF]::Link request received at https://www.ancientfaith.com/podcasts/saintoftheday/
[=]SCRAPE SERVE[=]LINK(s) EXTRACTED: /about/
[=]SCRAPE SERVE[=]ReqMETA: 200::GET
[=]SCRAPE SERVE[=]A[HREF]::Link request received at https://www.ancientfaith.com/podcasts/saintoftheday/
[=]SCRAPE SERVE[=]LINK(s) EXTRACTED: /support/
[=]SCRAPE SERVE[=]ReqMETA: 200::GET
[=]SCRAPE SERVE[=]A[HREF]::Link request received at https://www.ancientfaith.com/podcasts/saintoftheday/
[=]SCRAPE SERVE[=]LINK(s) EXTRACTED: /about/
[=]SCRAPE SERVE[=]ReqMETA: 200::GET
[=]SCRAPE SERVE[=]A[HREF]::Link request received at https://www.ancientfaith.com/podcasts/saintoftheday/
[=]SCRAPE SERVE[=]LINK(s) EXTRACTED: https://store.ancientfaith.com
[=]SCRAPE SERVE[=]ReqMETA: 200::GET
[=]SCRAPE SERVE[=]A[HREF]::Link request received at https://www.ancientfaith.com/podcasts/saintoftheday/
[=]SCRAPE SERVE[=]LINK(s) EXTRACTED: https://www.facebook.com/ancientfaithministries
[=]SCRAPE SERVE[=]ReqMETA: 200::GET
[=]SCRAPE SERVE[=]A[HREF]::Link request received at https://www.ancientfaith.com/podcasts/saintoftheday/
[=]SCRAPE SERVE[=]LINK(s) EXTRACTED: https://www.youtube.com/@AncientFaithMinistries
[=]SCRAPE SERVE[=]ReqMETA: 200::GET
[=]SCRAPE SERVE[=]A[HREF]::Link request received at https://www.ancientfaith.com/podcasts/saintoftheday/
[=]SCRAPE SERVE[=]LINK(s) EXTRACTED: https://www.instagram.com/ancientfaithministries/
[=]SCRAPE SERVE[=]ReqMETA: 200::GET
[=]SCRAPE SERVE[=]A[HREF]::Link request received at https://www.ancientfaith.com/podcasts/saintoftheday/
[=]SCRAPE SERVE[=]LINK(s) EXTRACTED: https://www.tiktok.com/@ancientfaithministries
[=]SCRAPE SERVE[=]ReqMETA: 200::GET
[=]SCRAPE SERVE[=]A[HREF]::Link request received at https://www.ancientfaith.com/podcasts/saintoftheday/
[=]SCRAPE SERVE[=]LINK(s) EXTRACTED: /
[=]SCRAPE SERVE[=]ReqMETA: 200::GET
[=]SCRAPE SERVE[=]A[HREF]::Link request received at https://www.ancientfaith.com/podcasts/saintoftheday/
[=]SCRAPE SERVE[=]LINK(s) EXTRACTED: /topics/Ancient-Faith-Kids/
[=]SCRAPE SERVE[=]ReqMETA: 200::GET
[=]SCRAPE SERVE[=]A[HREF]::Link request received at https://www.ancientfaith.com/podcasts/saintoftheday/
[=]SCRAPE SERVE[=]LINK(s) EXTRACTED: https://www.facebook.com/ancientfaithkids
[=]SCRAPE SERVE[=]ReqMETA: 200::GET
[=]SCRAPE SERVE[=]A[HREF]::Link request received at https://www.ancientfaith.com/podcasts/saintoftheday/
[=]SCRAPE SERVE[=]LINK(s) EXTRACTED: https://www.youtube.com/@ancientfaith4kids
[=]SCRAPE SERVE[=]ReqMETA: 200::GET
[=]SCRAPE SERVE[=]A[HREF]::Link request received at https://www.ancientfaith.com/podcasts/saintoftheday/
[=]SCRAPE SERVE[=]LINK(s) EXTRACTED: https://www.instagram.com/ancientfaithkids/
[=]SCRAPE SERVE[=]ReqMETA: 200::GET
[=]SCRAPE SERVE[=]A[HREF]::Link request received at https://www.ancientfaith.com/podcasts/saintoftheday/
[=]SCRAPE SERVE[=]LINK(s) EXTRACTED: https://afm.kindful.com/?campaign=1193135
[=]SCRAPE SERVE[=]ReqMETA: 200::GET
[=]SCRAPE SERVE[=]A[HREF]::Link request received at https://www.ancientfaith.com/podcasts/saintoftheday/
[=]SCRAPE SERVE[=]LINK(s) EXTRACTED: 
[=]SCRAPE SERVE[=]ReqMETA: 200::GET
[=]SCRAPE SERVE[=]A[HREF]::Link request received at https://www.ancientfaith.com/podcasts/saintoftheday/
[=]SCRAPE SERVE[=]LINK(s) EXTRACTED: 
[=]SCRAPE SERVE[=]ReqMETA: 200::GET
[=]SCRAPE SERVE[=]A[HREF]::Link request received at https://www.ancientfaith.com/podcasts/saintoftheday/
[=]SCRAPE SERVE[=]LINK(s) EXTRACTED: 
[=]SCRAPE SERVE[=]ReqMETA: 200::GET
[=]SCRAPE SERVE[=]visiting https://www.ancientfaith.com/podcasts/searchthescriptureslive/
[=]SCRAPE SERVE[=]response received 200
[=]SCRAPE SERVE[=]A[HREF]::Link request received at https://www.ancientfaith.com/podcasts/searchthescriptureslive/
[=]SCRAPE SERVE[=]LINK(s) EXTRACTED: /
[=]SCRAPE SERVE[=]ReqMETA: 200::GET
[=]SCRAPE SERVE[=]A[HREF]::Link request received at https://www.ancientfaith.com/podcasts/searchthescriptureslive/
[=]SCRAPE SERVE[=]LINK(s) EXTRACTED: /radio/
[=]SCRAPE SERVE[=]ReqMETA: 200::GET
[=]SCRAPE SERVE[=]A[HREF]::Link request received at https://www.ancientfaith.com/podcasts/searchthescriptureslive/
[=]SCRAPE SERVE[=]LINK(s) EXTRACTED: /radio/live-shows/
[=]SCRAPE SERVE[=]ReqMETA: 200::GET
[=]SCRAPE SERVE[=]A[HREF]::Link request received at https://www.ancientfaith.com/podcasts/searchthescriptureslive/
[=]SCRAPE SERVE[=]LINK(s) EXTRACTED: /podcasts/
[=]SCRAPE SERVE[=]ReqMETA: 200::GET
[=]SCRAPE SERVE[=]A[HREF]::Link request received at https://www.ancientfaith.com/podcasts/searchthescriptureslive/
[=]SCRAPE SERVE[=]LINK(s) EXTRACTED: /radio/sponsorships/
[=]SCRAPE SERVE[=]ReqMETA: 200::GET
[=]SCRAPE SERVE[=]A[HREF]::Link request received at https://www.ancientfaith.com/podcasts/searchthescriptureslive/
[=]SCRAPE SERVE[=]LINK(s) EXTRACTED: /radio/digital-m/
[=]SCRAPE SERVE[=]ReqMETA: 200::GET
[=]SCRAPE SERVE[=]A[HREF]::Link request received at https://www.ancientfaith.com/podcasts/searchthescriptureslive/
[=]SCRAPE SERVE[=]LINK(s) EXTRACTED: /publishing/
[=]SCRAPE SERVE[=]ReqMETA: 200::GET
[=]SCRAPE SERVE[=]A[HREF]::Link request received at https://www.ancientfaith.com/podcasts/searchthescriptureslive/
[=]SCRAPE SERVE[=]LINK(s) EXTRACTED: /topics/Ancient-Faith-Kids/
[=]SCRAPE SERVE[=]ReqMETA: 200::GET
[=]SCRAPE SERVE[=]A[HREF]::Link request received at https://www.ancientfaith.com/podcasts/searchthescriptureslive/
[=]SCRAPE SERVE[=]LINK(s) EXTRACTED: /events/
[=]SCRAPE SERVE[=]ReqMETA: 200::GET
[=]SCRAPE SERVE[=]A[HREF]::Link request received at https://www.ancientfaith.com/podcasts/searchthescriptureslive/
[=]SCRAPE SERVE[=]LINK(s) EXTRACTED: /support/
[=]SCRAPE SERVE[=]ReqMETA: 200::GET
[=]SCRAPE SERVE[=]A[HREF]::Link request received at https://www.ancientfaith.com/podcasts/searchthescriptureslive/
[=]SCRAPE SERVE[=]LINK(s) EXTRACTED: /about/
[=]SCRAPE SERVE[=]ReqMETA: 200::GET
[=]SCRAPE SERVE[=]A[HREF]::Link request received at https://www.ancientfaith.com/podcasts/searchthescriptureslive/
[=]SCRAPE SERVE[=]LINK(s) EXTRACTED: /ceo-journal/
[=]SCRAPE SERVE[=]ReqMETA: 200::GET
[=]SCRAPE SERVE[=]A[HREF]::Link request received at https://www.ancientfaith.com/podcasts/searchthescriptureslive/
[=]SCRAPE SERVE[=]LINK(s) EXTRACTED: https://store.ancientfaith.com/
[=]SCRAPE SERVE[=]ReqMETA: 200::GET
[=]SCRAPE SERVE[=]A[HREF]::Link request received at https://www.ancientfaith.com/podcasts/searchthescriptureslive/
[=]SCRAPE SERVE[=]LINK(s) EXTRACTED: /login/
[=]SCRAPE SERVE[=]ReqMETA: 200::GET
[=]SCRAPE SERVE[=]A[HREF]::Link request received at https://www.ancientfaith.com/podcasts/searchthescriptureslive/
[=]SCRAPE SERVE[=]LINK(s) EXTRACTED: /radio/
[=]SCRAPE SERVE[=]ReqMETA: 200::GET
[=]SCRAPE SERVE[=]A[HREF]::Link request received at https://www.ancientfaith.com/podcasts/searchthescriptureslive/
[=]SCRAPE SERVE[=]LINK(s) EXTRACTED: /radio/live-shows/
[=]SCRAPE SERVE[=]ReqMETA: 200::GET
[=]SCRAPE SERVE[=]A[HREF]::Link request received at https://www.ancientfaith.com/podcasts/searchthescriptureslive/
[=]SCRAPE SERVE[=]LINK(s) EXTRACTED: /podcasts/
[=]SCRAPE SERVE[=]ReqMETA: 200::GET
[=]SCRAPE SERVE[=]A[HREF]::Link request received at https://www.ancientfaith.com/podcasts/searchthescriptureslive/
[=]SCRAPE SERVE[=]LINK(s) EXTRACTED: /radio/sponsorships/
[=]SCRAPE SERVE[=]ReqMETA: 200::GET
[=]SCRAPE SERVE[=]A[HREF]::Link request received at https://www.ancientfaith.com/podcasts/searchthescriptureslive/
[=]SCRAPE SERVE[=]LINK(s) EXTRACTED: /radio/digital-m/
[=]SCRAPE SERVE[=]ReqMETA: 200::GET
[=]SCRAPE SERVE[=]A[HREF]::Link request received at https://www.ancientfaith.com/podcasts/searchthescriptureslive/
[=]SCRAPE SERVE[=]LINK(s) EXTRACTED: /publishing/
[=]SCRAPE SERVE[=]ReqMETA: 200::GET
[=]SCRAPE SERVE[=]A[HREF]::Link request received at https://www.ancientfaith.com/podcasts/searchthescriptureslive/
[=]SCRAPE SERVE[=]LINK(s) EXTRACTED: /topics/Ancient-Faith-Kids/
[=]SCRAPE SERVE[=]ReqMETA: 200::GET
[=]SCRAPE SERVE[=]A[HREF]::Link request received at https://www.ancientfaith.com/podcasts/searchthescriptureslive/
[=]SCRAPE SERVE[=]LINK(s) EXTRACTED: /events/
[=]SCRAPE SERVE[=]ReqMETA: 200::GET
[=]SCRAPE SERVE[=]A[HREF]::Link request received at https://www.ancientfaith.com/podcasts/searchthescriptureslive/
[=]SCRAPE SERVE[=]LINK(s) EXTRACTED: /support/
[=]SCRAPE SERVE[=]ReqMETA: 200::GET
[=]SCRAPE SERVE[=]A[HREF]::Link request received at https://www.ancientfaith.com/podcasts/searchthescriptureslive/
[=]SCRAPE SERVE[=]LINK(s) EXTRACTED: /about/
[=]SCRAPE SERVE[=]ReqMETA: 200::GET
[=]SCRAPE SERVE[=]A[HREF]::Link request received at https://www.ancientfaith.com/podcasts/searchthescriptureslive/
[=]SCRAPE SERVE[=]LINK(s) EXTRACTED: /ceo-journal/
[=]SCRAPE SERVE[=]ReqMETA: 200::GET
[=]SCRAPE SERVE[=]A[HREF]::Link request received at https://www.ancientfaith.com/podcasts/searchthescriptureslive/
[=]SCRAPE SERVE[=]LINK(s) EXTRACTED: https://store.ancientfaith.com/
[=]SCRAPE SERVE[=]ReqMETA: 200::GET
[=]SCRAPE SERVE[=]A[HREF]::Link request received at https://www.ancientfaith.com/podcasts/searchthescriptureslive/
[=]SCRAPE SERVE[=]LINK(s) EXTRACTED: /login/
[=]SCRAPE SERVE[=]ReqMETA: 200::GET
[=]SCRAPE SERVE[=]A[HREF]::Link request received at https://www.ancientfaith.com/podcasts/searchthescriptureslive/
[=]SCRAPE SERVE[=]LINK(s) EXTRACTED: https://feeds.ancientfaith.com/searchthescriptureslive
[=]SCRAPE SERVE[=]ReqMETA: 200::GET
[=]SCRAPE SERVE[=]A[HREF]::Link request received at https://www.ancientfaith.com/podcasts/searchthescriptureslive/
[=]SCRAPE SERVE[=]LINK(s) EXTRACTED: https://web.charityengine.net/Default.aspx?tsid=31584
[=]SCRAPE SERVE[=]ReqMETA: 200::GET
[=]SCRAPE SERVE[=]A[HREF]::Link request received at https://www.ancientfaith.com/podcasts/searchthescriptureslive/
[=]SCRAPE SERVE[=]LINK(s) EXTRACTED: /podcasts/searchthescriptureslive/?page=2
[=]SCRAPE SERVE[=]ReqMETA: 200::GET
[=]SCRAPE SERVE[=]A[HREF]::Link request received at https://www.ancientfaith.com/podcasts/searchthescriptureslive/
[=]SCRAPE SERVE[=]LINK(s) EXTRACTED: /podcasts/searchthescriptureslive/?page=70
[=]SCRAPE SERVE[=]ReqMETA: 200::GET
[=]SCRAPE SERVE[=]A[HREF]::Link request received at https://www.ancientfaith.com/podcasts/searchthescriptureslive/
[=]SCRAPE SERVE[=]LINK(s) EXTRACTED: /podcasts/searchthescriptureslive/apocryphal-errors-and-the-church-and-ancient-interpretation/
[=]SCRAPE SERVE[=]ReqMETA: 200::GET
[=]SCRAPE SERVE[=]A[HREF]::Link request received at https://www.ancientfaith.com/podcasts/searchthescriptureslive/
[=]SCRAPE SERVE[=]LINK(s) EXTRACTED: /podcasts/searchthescriptureslive/jesus-misbehaving-christian-apocrypha/
[=]SCRAPE SERVE[=]ReqMETA: 200::GET
[=]SCRAPE SERVE[=]A[HREF]::Link request received at https://www.ancientfaith.com/podcasts/searchthescriptureslive/
[=]SCRAPE SERVE[=]LINK(s) EXTRACTED: /podcasts/searchthescriptureslive/all-about-the-apocrypha/
[=]SCRAPE SERVE[=]ReqMETA: 200::GET
[=]SCRAPE SERVE[=]A[HREF]::Link request received at https://www.ancientfaith.com/podcasts/searchthescriptureslive/
[=]SCRAPE SERVE[=]LINK(s) EXTRACTED: /podcasts/searchthescriptureslive/how-many-canons/
[=]SCRAPE SERVE[=]ReqMETA: 200::GET
[=]SCRAPE SERVE[=]A[HREF]::Link request received at https://www.ancientfaith.com/podcasts/searchthescriptureslive/
[=]SCRAPE SERVE[=]LINK(s) EXTRACTED: /podcasts/searchthescriptureslive/who-created-the-new-testament/
[=]SCRAPE SERVE[=]ReqMETA: 200::GET
[=]SCRAPE SERVE[=]A[HREF]::Link request received at https://www.ancientfaith.com/podcasts/searchthescriptureslive/
[=]SCRAPE SERVE[=]LINK(s) EXTRACTED: /podcasts/searchthescriptureslive/?page=2
[=]SCRAPE SERVE[=]ReqMETA: 200::GET
[=]SCRAPE SERVE[=]A[HREF]::Link request received at https://www.ancientfaith.com/podcasts/searchthescriptureslive/
[=]SCRAPE SERVE[=]LINK(s) EXTRACTED: /podcasts/searchthescriptureslive/?page=70
[=]SCRAPE SERVE[=]ReqMETA: 200::GET
[=]SCRAPE SERVE[=]A[HREF]::Link request received at https://www.ancientfaith.com/podcasts/searchthescriptureslive/
[=]SCRAPE SERVE[=]LINK(s) EXTRACTED: /contributors/jeannie_constantinou/
[=]SCRAPE SERVE[=]ReqMETA: 200::GET
[=]SCRAPE SERVE[=]A[HREF]::Link request received at https://www.ancientfaith.com/podcasts/searchthescriptureslive/
[=]SCRAPE SERVE[=]LINK(s) EXTRACTED: mailto:searchthescriptures@ancientfaith.com
[=]SCRAPE SERVE[=]ReqMETA: 200::GET
[=]SCRAPE SERVE[=]A[HREF]::Link request received at https://www.ancientfaith.com/podcasts/searchthescriptureslive/
[=]SCRAPE SERVE[=]LINK(s) EXTRACTED: https://www.speakpipe.com/STSLive
[=]SCRAPE SERVE[=]ReqMETA: 200::GET
[=]SCRAPE SERVE[=]A[HREF]::Link request received at https://www.ancientfaith.com/podcasts/searchthescriptureslive/
[=]SCRAPE SERVE[=]LINK(s) EXTRACTED: /podcasts/searchthescriptures/
[=]SCRAPE SERVE[=]ReqMETA: 200::GET
[=]SCRAPE SERVE[=]A[HREF]::Link request received at https://www.ancientfaith.com/podcasts/searchthescriptureslive/
[=]SCRAPE SERVE[=]LINK(s) EXTRACTED: /podcasts/orthodoxylive/
[=]SCRAPE SERVE[=]ReqMETA: 200::GET
[=]SCRAPE SERVE[=]A[HREF]::Link request received at https://www.ancientfaith.com/podcasts/searchthescriptureslive/
[=]SCRAPE SERVE[=]LINK(s) EXTRACTED: /podcasts/wholecounsel/
[=]SCRAPE SERVE[=]ReqMETA: 200::GET
[=]SCRAPE SERVE[=]A[HREF]::Link request received at https://www.ancientfaith.com/podcasts/searchthescriptureslive/
[=]SCRAPE SERVE[=]LINK(s) EXTRACTED: /podcasts/dailyscriptures/
[=]SCRAPE SERVE[=]ReqMETA: 200::GET
[=]SCRAPE SERVE[=]A[HREF]::Link request received at https://www.ancientfaith.com/podcasts/searchthescriptureslive/
[=]SCRAPE SERVE[=]LINK(s) EXTRACTED: /podcasts/dailyscriptureskids/
[=]SCRAPE SERVE[=]ReqMETA: 200::GET
[=]SCRAPE SERVE[=]A[HREF]::Link request received at https://www.ancientfaith.com/podcasts/searchthescriptureslive/
[=]SCRAPE SERVE[=]LINK(s) EXTRACTED: https://store.ancientfaith.com/the-crucifixion-of-the-king-of-glory/
[=]SCRAPE SERVE[=]ReqMETA: 200::GET
[=]SCRAPE SERVE[=]A[HREF]::Link request received at https://www.ancientfaith.com/podcasts/searchthescriptureslive/
[=]SCRAPE SERVE[=]LINK(s) EXTRACTED: https://store.ancientfaith.com/thinking-orthodox/
[=]SCRAPE SERVE[=]ReqMETA: 200::GET
[=]SCRAPE SERVE[=]A[HREF]::Link request received at https://www.ancientfaith.com/podcasts/searchthescriptureslive/
[=]SCRAPE SERVE[=]LINK(s) EXTRACTED: https://store.ancientfaith.com/the-orthodox-study-bible-ancient-faith-edition-hardcover-ancient-christianity-speaks-to-todays-world/
[=]SCRAPE SERVE[=]ReqMETA: 200::GET
[=]SCRAPE SERVE[=]A[HREF]::Link request received at https://www.ancientfaith.com/podcasts/searchthescriptureslive/
[=]SCRAPE SERVE[=]LINK(s) EXTRACTED: /workwithus/
[=]SCRAPE SERVE[=]ReqMETA: 200::GET
[=]SCRAPE SERVE[=]A[HREF]::Link request received at https://www.ancientfaith.com/podcasts/searchthescriptureslive/
[=]SCRAPE SERVE[=]LINK(s) EXTRACTED: /about/
[=]SCRAPE SERVE[=]ReqMETA: 200::GET
[=]SCRAPE SERVE[=]A[HREF]::Link request received at https://www.ancientfaith.com/podcasts/searchthescriptureslive/
[=]SCRAPE SERVE[=]LINK(s) EXTRACTED: /support/
[=]SCRAPE SERVE[=]ReqMETA: 200::GET
[=]SCRAPE SERVE[=]A[HREF]::Link request received at https://www.ancientfaith.com/podcasts/searchthescriptureslive/
[=]SCRAPE SERVE[=]LINK(s) EXTRACTED: /about/
[=]SCRAPE SERVE[=]ReqMETA: 200::GET
[=]SCRAPE SERVE[=]A[HREF]::Link request received at https://www.ancientfaith.com/podcasts/searchthescriptureslive/
[=]SCRAPE SERVE[=]LINK(s) EXTRACTED: https://store.ancientfaith.com
[=]SCRAPE SERVE[=]ReqMETA: 200::GET
[=]SCRAPE SERVE[=]A[HREF]::Link request received at https://www.ancientfaith.com/podcasts/searchthescriptureslive/
[=]SCRAPE SERVE[=]LINK(s) EXTRACTED: https://www.facebook.com/ancientfaithministries
[=]SCRAPE SERVE[=]ReqMETA: 200::GET
[=]SCRAPE SERVE[=]A[HREF]::Link request received at https://www.ancientfaith.com/podcasts/searchthescriptureslive/
[=]SCRAPE SERVE[=]LINK(s) EXTRACTED: https://www.youtube.com/@AncientFaithMinistries
[=]SCRAPE SERVE[=]ReqMETA: 200::GET
[=]SCRAPE SERVE[=]A[HREF]::Link request received at https://www.ancientfaith.com/podcasts/searchthescriptureslive/
[=]SCRAPE SERVE[=]LINK(s) EXTRACTED: https://www.instagram.com/ancientfaithministries/
[=]SCRAPE SERVE[=]ReqMETA: 200::GET
[=]SCRAPE SERVE[=]A[HREF]::Link request received at https://www.ancientfaith.com/podcasts/searchthescriptureslive/
[=]SCRAPE SERVE[=]LINK(s) EXTRACTED: https://www.tiktok.com/@ancientfaithministries
[=]SCRAPE SERVE[=]ReqMETA: 200::GET
[=]SCRAPE SERVE[=]A[HREF]::Link request received at https://www.ancientfaith.com/podcasts/searchthescriptureslive/
[=]SCRAPE SERVE[=]LINK(s) EXTRACTED: /
[=]SCRAPE SERVE[=]ReqMETA: 200::GET
[=]SCRAPE SERVE[=]A[HREF]::Link request received at https://www.ancientfaith.com/podcasts/searchthescriptureslive/
[=]SCRAPE SERVE[=]LINK(s) EXTRACTED: /topics/Ancient-Faith-Kids/
[=]SCRAPE SERVE[=]ReqMETA: 200::GET
[=]SCRAPE SERVE[=]A[HREF]::Link request received at https://www.ancientfaith.com/podcasts/searchthescriptureslive/
[=]SCRAPE SERVE[=]LINK(s) EXTRACTED: https://www.facebook.com/ancientfaithkids
[=]SCRAPE SERVE[=]ReqMETA: 200::GET
[=]SCRAPE SERVE[=]A[HREF]::Link request received at https://www.ancientfaith.com/podcasts/searchthescriptureslive/
[=]SCRAPE SERVE[=]LINK(s) EXTRACTED: https://www.youtube.com/@ancientfaith4kids
[=]SCRAPE SERVE[=]ReqMETA: 200::GET
[=]SCRAPE SERVE[=]A[HREF]::Link request received at https://www.ancientfaith.com/podcasts/searchthescriptureslive/
[=]SCRAPE SERVE[=]LINK(s) EXTRACTED: https://www.instagram.com/ancientfaithkids/
[=]SCRAPE SERVE[=]ReqMETA: 200::GET
[=]SCRAPE SERVE[=]A[HREF]::Link request received at https://www.ancientfaith.com/podcasts/searchthescriptureslive/
[=]SCRAPE SERVE[=]LINK(s) EXTRACTED: https://afm.kindful.com/?campaign=1193135
[=]SCRAPE SERVE[=]ReqMETA: 200::GET
[=]SCRAPE SERVE[=]A[HREF]::Link request received at https://www.ancientfaith.com/podcasts/searchthescriptureslive/
[=]SCRAPE SERVE[=]LINK(s) EXTRACTED: 
[=]SCRAPE SERVE[=]ReqMETA: 200::GET
[=]SCRAPE SERVE[=]A[HREF]::Link request received at https://www.ancientfaith.com/podcasts/searchthescriptureslive/
[=]SCRAPE SERVE[=]LINK(s) EXTRACTED: 
[=]SCRAPE SERVE[=]ReqMETA: 200::GET
[=]SCRAPE SERVE[=]A[HREF]::Link request received at https://www.ancientfaith.com/podcasts/searchthescriptureslive/
[=]SCRAPE SERVE[=]LINK(s) EXTRACTED: 
[=]SCRAPE SERVE[=]ReqMETA: 200::GET
[=]SCRAPE SERVE[=]visiting https://www.ancientfaith.com/podcasts/shine-your-light/
[=]SCRAPE SERVE[=]response received 200
[=]SCRAPE SERVE[=]A[HREF]::Link request received at https://www.ancientfaith.com/podcasts/shine-your-light/
[=]SCRAPE SERVE[=]LINK(s) EXTRACTED: /
[=]SCRAPE SERVE[=]ReqMETA: 200::GET
[=]SCRAPE SERVE[=]A[HREF]::Link request received at https://www.ancientfaith.com/podcasts/shine-your-light/
[=]SCRAPE SERVE[=]LINK(s) EXTRACTED: /radio/
[=]SCRAPE SERVE[=]ReqMETA: 200::GET
[=]SCRAPE SERVE[=]A[HREF]::Link request received at https://www.ancientfaith.com/podcasts/shine-your-light/
[=]SCRAPE SERVE[=]LINK(s) EXTRACTED: /radio/live-shows/
[=]SCRAPE SERVE[=]ReqMETA: 200::GET
[=]SCRAPE SERVE[=]A[HREF]::Link request received at https://www.ancientfaith.com/podcasts/shine-your-light/
[=]SCRAPE SERVE[=]LINK(s) EXTRACTED: /podcasts/
[=]SCRAPE SERVE[=]ReqMETA: 200::GET
[=]SCRAPE SERVE[=]A[HREF]::Link request received at https://www.ancientfaith.com/podcasts/shine-your-light/
[=]SCRAPE SERVE[=]LINK(s) EXTRACTED: /radio/sponsorships/
[=]SCRAPE SERVE[=]ReqMETA: 200::GET
[=]SCRAPE SERVE[=]A[HREF]::Link request received at https://www.ancientfaith.com/podcasts/shine-your-light/
[=]SCRAPE SERVE[=]LINK(s) EXTRACTED: /radio/digital-m/
[=]SCRAPE SERVE[=]ReqMETA: 200::GET
[=]SCRAPE SERVE[=]A[HREF]::Link request received at https://www.ancientfaith.com/podcasts/shine-your-light/
[=]SCRAPE SERVE[=]LINK(s) EXTRACTED: /publishing/
[=]SCRAPE SERVE[=]ReqMETA: 200::GET
[=]SCRAPE SERVE[=]A[HREF]::Link request received at https://www.ancientfaith.com/podcasts/shine-your-light/
[=]SCRAPE SERVE[=]LINK(s) EXTRACTED: /topics/Ancient-Faith-Kids/
[=]SCRAPE SERVE[=]ReqMETA: 200::GET
[=]SCRAPE SERVE[=]A[HREF]::Link request received at https://www.ancientfaith.com/podcasts/shine-your-light/
[=]SCRAPE SERVE[=]LINK(s) EXTRACTED: /events/
[=]SCRAPE SERVE[=]ReqMETA: 200::GET
[=]SCRAPE SERVE[=]A[HREF]::Link request received at https://www.ancientfaith.com/podcasts/shine-your-light/
[=]SCRAPE SERVE[=]LINK(s) EXTRACTED: /support/
[=]SCRAPE SERVE[=]ReqMETA: 200::GET
[=]SCRAPE SERVE[=]A[HREF]::Link request received at https://www.ancientfaith.com/podcasts/shine-your-light/
[=]SCRAPE SERVE[=]LINK(s) EXTRACTED: /about/
[=]SCRAPE SERVE[=]ReqMETA: 200::GET
[=]SCRAPE SERVE[=]A[HREF]::Link request received at https://www.ancientfaith.com/podcasts/shine-your-light/
[=]SCRAPE SERVE[=]LINK(s) EXTRACTED: /ceo-journal/
[=]SCRAPE SERVE[=]ReqMETA: 200::GET
[=]SCRAPE SERVE[=]A[HREF]::Link request received at https://www.ancientfaith.com/podcasts/shine-your-light/
[=]SCRAPE SERVE[=]LINK(s) EXTRACTED: https://store.ancientfaith.com/
[=]SCRAPE SERVE[=]ReqMETA: 200::GET
[=]SCRAPE SERVE[=]A[HREF]::Link request received at https://www.ancientfaith.com/podcasts/shine-your-light/
[=]SCRAPE SERVE[=]LINK(s) EXTRACTED: /login/
[=]SCRAPE SERVE[=]ReqMETA: 200::GET
[=]SCRAPE SERVE[=]A[HREF]::Link request received at https://www.ancientfaith.com/podcasts/shine-your-light/
[=]SCRAPE SERVE[=]LINK(s) EXTRACTED: /radio/
[=]SCRAPE SERVE[=]ReqMETA: 200::GET
[=]SCRAPE SERVE[=]A[HREF]::Link request received at https://www.ancientfaith.com/podcasts/shine-your-light/
[=]SCRAPE SERVE[=]LINK(s) EXTRACTED: /radio/live-shows/
[=]SCRAPE SERVE[=]ReqMETA: 200::GET
[=]SCRAPE SERVE[=]A[HREF]::Link request received at https://www.ancientfaith.com/podcasts/shine-your-light/
[=]SCRAPE SERVE[=]LINK(s) EXTRACTED: /podcasts/
[=]SCRAPE SERVE[=]ReqMETA: 200::GET
[=]SCRAPE SERVE[=]A[HREF]::Link request received at https://www.ancientfaith.com/podcasts/shine-your-light/
[=]SCRAPE SERVE[=]LINK(s) EXTRACTED: /radio/sponsorships/
[=]SCRAPE SERVE[=]ReqMETA: 200::GET
[=]SCRAPE SERVE[=]A[HREF]::Link request received at https://www.ancientfaith.com/podcasts/shine-your-light/
[=]SCRAPE SERVE[=]LINK(s) EXTRACTED: /radio/digital-m/
[=]SCRAPE SERVE[=]ReqMETA: 200::GET
[=]SCRAPE SERVE[=]A[HREF]::Link request received at https://www.ancientfaith.com/podcasts/shine-your-light/
[=]SCRAPE SERVE[=]LINK(s) EXTRACTED: /publishing/
[=]SCRAPE SERVE[=]ReqMETA: 200::GET
[=]SCRAPE SERVE[=]A[HREF]::Link request received at https://www.ancientfaith.com/podcasts/shine-your-light/
[=]SCRAPE SERVE[=]LINK(s) EXTRACTED: /topics/Ancient-Faith-Kids/
[=]SCRAPE SERVE[=]ReqMETA: 200::GET
[=]SCRAPE SERVE[=]A[HREF]::Link request received at https://www.ancientfaith.com/podcasts/shine-your-light/
[=]SCRAPE SERVE[=]LINK(s) EXTRACTED: /events/
[=]SCRAPE SERVE[=]ReqMETA: 200::GET
[=]SCRAPE SERVE[=]A[HREF]::Link request received at https://www.ancientfaith.com/podcasts/shine-your-light/
[=]SCRAPE SERVE[=]LINK(s) EXTRACTED: /support/
[=]SCRAPE SERVE[=]ReqMETA: 200::GET
[=]SCRAPE SERVE[=]A[HREF]::Link request received at https://www.ancientfaith.com/podcasts/shine-your-light/
[=]SCRAPE SERVE[=]LINK(s) EXTRACTED: /about/
[=]SCRAPE SERVE[=]ReqMETA: 200::GET
[=]SCRAPE SERVE[=]A[HREF]::Link request received at https://www.ancientfaith.com/podcasts/shine-your-light/
[=]SCRAPE SERVE[=]LINK(s) EXTRACTED: /ceo-journal/
[=]SCRAPE SERVE[=]ReqMETA: 200::GET
[=]SCRAPE SERVE[=]A[HREF]::Link request received at https://www.ancientfaith.com/podcasts/shine-your-light/
[=]SCRAPE SERVE[=]LINK(s) EXTRACTED: https://store.ancientfaith.com/
[=]SCRAPE SERVE[=]ReqMETA: 200::GET
[=]SCRAPE SERVE[=]A[HREF]::Link request received at https://www.ancientfaith.com/podcasts/shine-your-light/
[=]SCRAPE SERVE[=]LINK(s) EXTRACTED: /login/
[=]SCRAPE SERVE[=]ReqMETA: 200::GET
[=]SCRAPE SERVE[=]A[HREF]::Link request received at https://www.ancientfaith.com/podcasts/shine-your-light/
[=]SCRAPE SERVE[=]LINK(s) EXTRACTED: https://feeds.ancientfaith.com/shine-your-light
[=]SCRAPE SERVE[=]ReqMETA: 200::GET
[=]SCRAPE SERVE[=]A[HREF]::Link request received at https://www.ancientfaith.com/podcasts/shine-your-light/
[=]SCRAPE SERVE[=]LINK(s) EXTRACTED: https://web.charityengine.net/Default.aspx?tsid=31584
[=]SCRAPE SERVE[=]ReqMETA: 200::GET
[=]SCRAPE SERVE[=]A[HREF]::Link request received at https://www.ancientfaith.com/podcasts/shine-your-light/
[=]SCRAPE SERVE[=]LINK(s) EXTRACTED: /podcasts/shine-your-light/wonderful-worms/
[=]SCRAPE SERVE[=]ReqMETA: 200::GET
[=]SCRAPE SERVE[=]A[HREF]::Link request received at https://www.ancientfaith.com/podcasts/shine-your-light/
[=]SCRAPE SERVE[=]LINK(s) EXTRACTED: /podcasts/shine-your-light/noahs-rainbow/
[=]SCRAPE SERVE[=]ReqMETA: 200::GET
[=]SCRAPE SERVE[=]A[HREF]::Link request received at https://www.ancientfaith.com/podcasts/shine-your-light/
[=]SCRAPE SERVE[=]LINK(s) EXTRACTED: /podcasts/shine-your-light/shining-your-light/
[=]SCRAPE SERVE[=]ReqMETA: 200::GET
[=]SCRAPE SERVE[=]A[HREF]::Link request received at https://www.ancientfaith.com/podcasts/shine-your-light/
[=]SCRAPE SERVE[=]LINK(s) EXTRACTED: /contributors/kristina-tartara/
[=]SCRAPE SERVE[=]ReqMETA: 200::GET
[=]SCRAPE SERVE[=]A[HREF]::Link request received at https://www.ancientfaith.com/podcasts/shine-your-light/
[=]SCRAPE SERVE[=]LINK(s) EXTRACTED: mailto:shine@ancientfaith.com
[=]SCRAPE SERVE[=]ReqMETA: 200::GET
[=]SCRAPE SERVE[=]A[HREF]::Link request received at https://www.ancientfaith.com/podcasts/shine-your-light/
[=]SCRAPE SERVE[=]LINK(s) EXTRACTED: https://www.facebook.com/RaisingOrthodoxChristians/
[=]SCRAPE SERVE[=]ReqMETA: 200::GET
[=]SCRAPE SERVE[=]A[HREF]::Link request received at https://www.ancientfaith.com/podcasts/shine-your-light/
[=]SCRAPE SERVE[=]LINK(s) EXTRACTED: http://raisingorthodoxchristians.com/
[=]SCRAPE SERVE[=]ReqMETA: 200::GET
[=]SCRAPE SERVE[=]A[HREF]::Link request received at https://www.ancientfaith.com/podcasts/shine-your-light/
[=]SCRAPE SERVE[=]LINK(s) EXTRACTED: /workwithus/
[=]SCRAPE SERVE[=]ReqMETA: 200::GET
[=]SCRAPE SERVE[=]A[HREF]::Link request received at https://www.ancientfaith.com/podcasts/shine-your-light/
[=]SCRAPE SERVE[=]LINK(s) EXTRACTED: /about/
[=]SCRAPE SERVE[=]ReqMETA: 200::GET
[=]SCRAPE SERVE[=]A[HREF]::Link request received at https://www.ancientfaith.com/podcasts/shine-your-light/
[=]SCRAPE SERVE[=]LINK(s) EXTRACTED: /support/
[=]SCRAPE SERVE[=]ReqMETA: 200::GET
[=]SCRAPE SERVE[=]A[HREF]::Link request received at https://www.ancientfaith.com/podcasts/shine-your-light/
[=]SCRAPE SERVE[=]LINK(s) EXTRACTED: /about/
[=]SCRAPE SERVE[=]ReqMETA: 200::GET
[=]SCRAPE SERVE[=]A[HREF]::Link request received at https://www.ancientfaith.com/podcasts/shine-your-light/
[=]SCRAPE SERVE[=]LINK(s) EXTRACTED: https://store.ancientfaith.com
[=]SCRAPE SERVE[=]ReqMETA: 200::GET
[=]SCRAPE SERVE[=]A[HREF]::Link request received at https://www.ancientfaith.com/podcasts/shine-your-light/
[=]SCRAPE SERVE[=]LINK(s) EXTRACTED: https://www.facebook.com/ancientfaithministries
[=]SCRAPE SERVE[=]ReqMETA: 200::GET
[=]SCRAPE SERVE[=]A[HREF]::Link request received at https://www.ancientfaith.com/podcasts/shine-your-light/
[=]SCRAPE SERVE[=]LINK(s) EXTRACTED: https://www.youtube.com/@AncientFaithMinistries
[=]SCRAPE SERVE[=]ReqMETA: 200::GET
[=]SCRAPE SERVE[=]A[HREF]::Link request received at https://www.ancientfaith.com/podcasts/shine-your-light/
[=]SCRAPE SERVE[=]LINK(s) EXTRACTED: https://www.instagram.com/ancientfaithministries/
[=]SCRAPE SERVE[=]ReqMETA: 200::GET
[=]SCRAPE SERVE[=]A[HREF]::Link request received at https://www.ancientfaith.com/podcasts/shine-your-light/
[=]SCRAPE SERVE[=]LINK(s) EXTRACTED: https://www.tiktok.com/@ancientfaithministries
[=]SCRAPE SERVE[=]ReqMETA: 200::GET
[=]SCRAPE SERVE[=]A[HREF]::Link request received at https://www.ancientfaith.com/podcasts/shine-your-light/
[=]SCRAPE SERVE[=]LINK(s) EXTRACTED: /
[=]SCRAPE SERVE[=]ReqMETA: 200::GET
[=]SCRAPE SERVE[=]A[HREF]::Link request received at https://www.ancientfaith.com/podcasts/shine-your-light/
[=]SCRAPE SERVE[=]LINK(s) EXTRACTED: /topics/Ancient-Faith-Kids/
[=]SCRAPE SERVE[=]ReqMETA: 200::GET
[=]SCRAPE SERVE[=]A[HREF]::Link request received at https://www.ancientfaith.com/podcasts/shine-your-light/
[=]SCRAPE SERVE[=]LINK(s) EXTRACTED: https://www.facebook.com/ancientfaithkids
[=]SCRAPE SERVE[=]ReqMETA: 200::GET
[=]SCRAPE SERVE[=]A[HREF]::Link request received at https://www.ancientfaith.com/podcasts/shine-your-light/
[=]SCRAPE SERVE[=]LINK(s) EXTRACTED: https://www.youtube.com/@ancientfaith4kids
[=]SCRAPE SERVE[=]ReqMETA: 200::GET
[=]SCRAPE SERVE[=]A[HREF]::Link request received at https://www.ancientfaith.com/podcasts/shine-your-light/
[=]SCRAPE SERVE[=]LINK(s) EXTRACTED: https://www.instagram.com/ancientfaithkids/
[=]SCRAPE SERVE[=]ReqMETA: 200::GET
[=]SCRAPE SERVE[=]A[HREF]::Link request received at https://www.ancientfaith.com/podcasts/shine-your-light/
[=]SCRAPE SERVE[=]LINK(s) EXTRACTED: https://afm.kindful.com/?campaign=1193135
[=]SCRAPE SERVE[=]ReqMETA: 200::GET
[=]SCRAPE SERVE[=]A[HREF]::Link request received at https://www.ancientfaith.com/podcasts/shine-your-light/
[=]SCRAPE SERVE[=]LINK(s) EXTRACTED: 
[=]SCRAPE SERVE[=]ReqMETA: 200::GET
[=]SCRAPE SERVE[=]A[HREF]::Link request received at https://www.ancientfaith.com/podcasts/shine-your-light/
[=]SCRAPE SERVE[=]LINK(s) EXTRACTED: 
[=]SCRAPE SERVE[=]ReqMETA: 200::GET
[=]SCRAPE SERVE[=]A[HREF]::Link request received at https://www.ancientfaith.com/podcasts/shine-your-light/
[=]SCRAPE SERVE[=]LINK(s) EXTRACTED: 
[=]SCRAPE SERVE[=]ReqMETA: 200::GET
[=]SCRAPE SERVE[=]visiting https://www.ancientfaith.com/podcasts/tendingthegarden/
[=]SCRAPE SERVE[=]response received 200
[=]SCRAPE SERVE[=]A[HREF]::Link request received at https://www.ancientfaith.com/podcasts/tendingthegarden/
[=]SCRAPE SERVE[=]LINK(s) EXTRACTED: /
[=]SCRAPE SERVE[=]ReqMETA: 200::GET
[=]SCRAPE SERVE[=]A[HREF]::Link request received at https://www.ancientfaith.com/podcasts/tendingthegarden/
[=]SCRAPE SERVE[=]LINK(s) EXTRACTED: /radio/
[=]SCRAPE SERVE[=]ReqMETA: 200::GET
[=]SCRAPE SERVE[=]A[HREF]::Link request received at https://www.ancientfaith.com/podcasts/tendingthegarden/
[=]SCRAPE SERVE[=]LINK(s) EXTRACTED: /radio/live-shows/
[=]SCRAPE SERVE[=]ReqMETA: 200::GET
[=]SCRAPE SERVE[=]A[HREF]::Link request received at https://www.ancientfaith.com/podcasts/tendingthegarden/
[=]SCRAPE SERVE[=]LINK(s) EXTRACTED: /podcasts/
[=]SCRAPE SERVE[=]ReqMETA: 200::GET
[=]SCRAPE SERVE[=]A[HREF]::Link request received at https://www.ancientfaith.com/podcasts/tendingthegarden/
[=]SCRAPE SERVE[=]LINK(s) EXTRACTED: /radio/sponsorships/
[=]SCRAPE SERVE[=]ReqMETA: 200::GET
[=]SCRAPE SERVE[=]A[HREF]::Link request received at https://www.ancientfaith.com/podcasts/tendingthegarden/
[=]SCRAPE SERVE[=]LINK(s) EXTRACTED: /radio/digital-m/
[=]SCRAPE SERVE[=]ReqMETA: 200::GET
[=]SCRAPE SERVE[=]A[HREF]::Link request received at https://www.ancientfaith.com/podcasts/tendingthegarden/
[=]SCRAPE SERVE[=]LINK(s) EXTRACTED: /publishing/
[=]SCRAPE SERVE[=]ReqMETA: 200::GET
[=]SCRAPE SERVE[=]A[HREF]::Link request received at https://www.ancientfaith.com/podcasts/tendingthegarden/
[=]SCRAPE SERVE[=]LINK(s) EXTRACTED: /topics/Ancient-Faith-Kids/
[=]SCRAPE SERVE[=]ReqMETA: 200::GET
[=]SCRAPE SERVE[=]A[HREF]::Link request received at https://www.ancientfaith.com/podcasts/tendingthegarden/
[=]SCRAPE SERVE[=]LINK(s) EXTRACTED: /events/
[=]SCRAPE SERVE[=]ReqMETA: 200::GET
[=]SCRAPE SERVE[=]A[HREF]::Link request received at https://www.ancientfaith.com/podcasts/tendingthegarden/
[=]SCRAPE SERVE[=]LINK(s) EXTRACTED: /support/
[=]SCRAPE SERVE[=]ReqMETA: 200::GET
[=]SCRAPE SERVE[=]A[HREF]::Link request received at https://www.ancientfaith.com/podcasts/tendingthegarden/
[=]SCRAPE SERVE[=]LINK(s) EXTRACTED: /about/
[=]SCRAPE SERVE[=]ReqMETA: 200::GET
[=]SCRAPE SERVE[=]A[HREF]::Link request received at https://www.ancientfaith.com/podcasts/tendingthegarden/
[=]SCRAPE SERVE[=]LINK(s) EXTRACTED: /ceo-journal/
[=]SCRAPE SERVE[=]ReqMETA: 200::GET
[=]SCRAPE SERVE[=]A[HREF]::Link request received at https://www.ancientfaith.com/podcasts/tendingthegarden/
[=]SCRAPE SERVE[=]LINK(s) EXTRACTED: https://store.ancientfaith.com/
[=]SCRAPE SERVE[=]ReqMETA: 200::GET
[=]SCRAPE SERVE[=]A[HREF]::Link request received at https://www.ancientfaith.com/podcasts/tendingthegarden/
[=]SCRAPE SERVE[=]LINK(s) EXTRACTED: /login/
[=]SCRAPE SERVE[=]ReqMETA: 200::GET
[=]SCRAPE SERVE[=]A[HREF]::Link request received at https://www.ancientfaith.com/podcasts/tendingthegarden/
[=]SCRAPE SERVE[=]LINK(s) EXTRACTED: /radio/
[=]SCRAPE SERVE[=]ReqMETA: 200::GET
[=]SCRAPE SERVE[=]A[HREF]::Link request received at https://www.ancientfaith.com/podcasts/tendingthegarden/
[=]SCRAPE SERVE[=]LINK(s) EXTRACTED: /radio/live-shows/
[=]SCRAPE SERVE[=]ReqMETA: 200::GET
[=]SCRAPE SERVE[=]A[HREF]::Link request received at https://www.ancientfaith.com/podcasts/tendingthegarden/
[=]SCRAPE SERVE[=]LINK(s) EXTRACTED: /podcasts/
[=]SCRAPE SERVE[=]ReqMETA: 200::GET
[=]SCRAPE SERVE[=]A[HREF]::Link request received at https://www.ancientfaith.com/podcasts/tendingthegarden/
[=]SCRAPE SERVE[=]LINK(s) EXTRACTED: /radio/sponsorships/
[=]SCRAPE SERVE[=]ReqMETA: 200::GET
[=]SCRAPE SERVE[=]A[HREF]::Link request received at https://www.ancientfaith.com/podcasts/tendingthegarden/
[=]SCRAPE SERVE[=]LINK(s) EXTRACTED: /radio/digital-m/
[=]SCRAPE SERVE[=]ReqMETA: 200::GET
[=]SCRAPE SERVE[=]A[HREF]::Link request received at https://www.ancientfaith.com/podcasts/tendingthegarden/
[=]SCRAPE SERVE[=]LINK(s) EXTRACTED: /publishing/
[=]SCRAPE SERVE[=]ReqMETA: 200::GET
[=]SCRAPE SERVE[=]A[HREF]::Link request received at https://www.ancientfaith.com/podcasts/tendingthegarden/
[=]SCRAPE SERVE[=]LINK(s) EXTRACTED: /topics/Ancient-Faith-Kids/
[=]SCRAPE SERVE[=]ReqMETA: 200::GET
[=]SCRAPE SERVE[=]A[HREF]::Link request received at https://www.ancientfaith.com/podcasts/tendingthegarden/
[=]SCRAPE SERVE[=]LINK(s) EXTRACTED: /events/
[=]SCRAPE SERVE[=]ReqMETA: 200::GET
[=]SCRAPE SERVE[=]A[HREF]::Link request received at https://www.ancientfaith.com/podcasts/tendingthegarden/
[=]SCRAPE SERVE[=]LINK(s) EXTRACTED: /support/
[=]SCRAPE SERVE[=]ReqMETA: 200::GET
[=]SCRAPE SERVE[=]A[HREF]::Link request received at https://www.ancientfaith.com/podcasts/tendingthegarden/
[=]SCRAPE SERVE[=]LINK(s) EXTRACTED: /about/
[=]SCRAPE SERVE[=]ReqMETA: 200::GET
[=]SCRAPE SERVE[=]A[HREF]::Link request received at https://www.ancientfaith.com/podcasts/tendingthegarden/
[=]SCRAPE SERVE[=]LINK(s) EXTRACTED: /ceo-journal/
[=]SCRAPE SERVE[=]ReqMETA: 200::GET
[=]SCRAPE SERVE[=]A[HREF]::Link request received at https://www.ancientfaith.com/podcasts/tendingthegarden/
[=]SCRAPE SERVE[=]LINK(s) EXTRACTED: https://store.ancientfaith.com/
[=]SCRAPE SERVE[=]ReqMETA: 200::GET
[=]SCRAPE SERVE[=]A[HREF]::Link request received at https://www.ancientfaith.com/podcasts/tendingthegarden/
[=]SCRAPE SERVE[=]LINK(s) EXTRACTED: /login/
[=]SCRAPE SERVE[=]ReqMETA: 200::GET
[=]SCRAPE SERVE[=]A[HREF]::Link request received at https://www.ancientfaith.com/podcasts/tendingthegarden/
[=]SCRAPE SERVE[=]LINK(s) EXTRACTED: https://feeds.ancientfaith.com/tendingthegarden
[=]SCRAPE SERVE[=]ReqMETA: 200::GET
[=]SCRAPE SERVE[=]A[HREF]::Link request received at https://www.ancientfaith.com/podcasts/tendingthegarden/
[=]SCRAPE SERVE[=]LINK(s) EXTRACTED: https://web.charityengine.net/Default.aspx?tsid=31584
[=]SCRAPE SERVE[=]ReqMETA: 200::GET
[=]SCRAPE SERVE[=]A[HREF]::Link request received at https://www.ancientfaith.com/podcasts/tendingthegarden/
[=]SCRAPE SERVE[=]LINK(s) EXTRACTED: /podcasts/tendingthegarden/?page=2
[=]SCRAPE SERVE[=]ReqMETA: 200::GET
[=]SCRAPE SERVE[=]A[HREF]::Link request received at https://www.ancientfaith.com/podcasts/tendingthegarden/
[=]SCRAPE SERVE[=]LINK(s) EXTRACTED: /podcasts/tendingthegarden/?page=63
[=]SCRAPE SERVE[=]ReqMETA: 200::GET
[=]SCRAPE SERVE[=]A[HREF]::Link request received at https://www.ancientfaith.com/podcasts/tendingthegarden/
[=]SCRAPE SERVE[=]LINK(s) EXTRACTED: /podcasts/tendingthegarden/nugget-bear-each-others-burdens/
[=]SCRAPE SERVE[=]ReqMETA: 200::GET
[=]SCRAPE SERVE[=]A[HREF]::Link request received at https://www.ancientfaith.com/podcasts/tendingthegarden/
[=]SCRAPE SERVE[=]LINK(s) EXTRACTED: /podcasts/tendingthegarden/give-thanks-in-all-things/
[=]SCRAPE SERVE[=]ReqMETA: 200::GET
[=]SCRAPE SERVE[=]A[HREF]::Link request received at https://www.ancientfaith.com/podcasts/tendingthegarden/
[=]SCRAPE SERVE[=]LINK(s) EXTRACTED: /podcasts/tendingthegarden/nugget-they-are-icons-of-christ/
[=]SCRAPE SERVE[=]ReqMETA: 200::GET
[=]SCRAPE SERVE[=]A[HREF]::Link request received at https://www.ancientfaith.com/podcasts/tendingthegarden/
[=]SCRAPE SERVE[=]LINK(s) EXTRACTED: /podcasts/tendingthegarden/nugget-youre-an-icon-of-christ/
[=]SCRAPE SERVE[=]ReqMETA: 200::GET
[=]SCRAPE SERVE[=]A[HREF]::Link request received at https://www.ancientfaith.com/podcasts/tendingthegarden/
[=]SCRAPE SERVE[=]LINK(s) EXTRACTED: /podcasts/tendingthegarden/why-not-me/
[=]SCRAPE SERVE[=]ReqMETA: 200::GET
[=]SCRAPE SERVE[=]A[HREF]::Link request received at https://www.ancientfaith.com/podcasts/tendingthegarden/
[=]SCRAPE SERVE[=]LINK(s) EXTRACTED: /podcasts/tendingthegarden/?page=2
[=]SCRAPE SERVE[=]ReqMETA: 200::GET
[=]SCRAPE SERVE[=]A[HREF]::Link request received at https://www.ancientfaith.com/podcasts/tendingthegarden/
[=]SCRAPE SERVE[=]LINK(s) EXTRACTED: /podcasts/tendingthegarden/?page=63
[=]SCRAPE SERVE[=]ReqMETA: 200::GET
[=]SCRAPE SERVE[=]A[HREF]::Link request received at https://www.ancientfaith.com/podcasts/tendingthegarden/
[=]SCRAPE SERVE[=]LINK(s) EXTRACTED: /contributors/elissa_bjeletich/
[=]SCRAPE SERVE[=]ReqMETA: 200::GET
[=]SCRAPE SERVE[=]A[HREF]::Link request received at https://www.ancientfaith.com/podcasts/tendingthegarden/
[=]SCRAPE SERVE[=]LINK(s) EXTRACTED: /contributors/kristina_wenger/
[=]SCRAPE SERVE[=]ReqMETA: 200::GET
[=]SCRAPE SERVE[=]A[HREF]::Link request received at https://www.ancientfaith.com/podcasts/tendingthegarden/
[=]SCRAPE SERVE[=]LINK(s) EXTRACTED: mailto:tendingthegarden@ancientfaith.com
[=]SCRAPE SERVE[=]ReqMETA: 200::GET
[=]SCRAPE SERVE[=]A[HREF]::Link request received at https://www.ancientfaith.com/podcasts/tendingthegarden/
[=]SCRAPE SERVE[=]LINK(s) EXTRACTED: http://tending-the-garden.com
[=]SCRAPE SERVE[=]ReqMETA: 200::GET
[=]SCRAPE SERVE[=]A[HREF]::Link request received at https://www.ancientfaith.com/podcasts/tendingthegarden/
[=]SCRAPE SERVE[=]LINK(s) EXTRACTED: /workwithus/
[=]SCRAPE SERVE[=]ReqMETA: 200::GET
[=]SCRAPE SERVE[=]A[HREF]::Link request received at https://www.ancientfaith.com/podcasts/tendingthegarden/
[=]SCRAPE SERVE[=]LINK(s) EXTRACTED: /about/
[=]SCRAPE SERVE[=]ReqMETA: 200::GET
[=]SCRAPE SERVE[=]A[HREF]::Link request received at https://www.ancientfaith.com/podcasts/tendingthegarden/
[=]SCRAPE SERVE[=]LINK(s) EXTRACTED: /support/
[=]SCRAPE SERVE[=]ReqMETA: 200::GET
[=]SCRAPE SERVE[=]A[HREF]::Link request received at https://www.ancientfaith.com/podcasts/tendingthegarden/
[=]SCRAPE SERVE[=]LINK(s) EXTRACTED: /about/
[=]SCRAPE SERVE[=]ReqMETA: 200::GET
[=]SCRAPE SERVE[=]A[HREF]::Link request received at https://www.ancientfaith.com/podcasts/tendingthegarden/
[=]SCRAPE SERVE[=]LINK(s) EXTRACTED: https://store.ancientfaith.com
[=]SCRAPE SERVE[=]ReqMETA: 200::GET
[=]SCRAPE SERVE[=]A[HREF]::Link request received at https://www.ancientfaith.com/podcasts/tendingthegarden/
[=]SCRAPE SERVE[=]LINK(s) EXTRACTED: https://www.facebook.com/ancientfaithministries
[=]SCRAPE SERVE[=]ReqMETA: 200::GET
[=]SCRAPE SERVE[=]A[HREF]::Link request received at https://www.ancientfaith.com/podcasts/tendingthegarden/
[=]SCRAPE SERVE[=]LINK(s) EXTRACTED: https://www.youtube.com/@AncientFaithMinistries
[=]SCRAPE SERVE[=]ReqMETA: 200::GET
[=]SCRAPE SERVE[=]A[HREF]::Link request received at https://www.ancientfaith.com/podcasts/tendingthegarden/
[=]SCRAPE SERVE[=]LINK(s) EXTRACTED: https://www.instagram.com/ancientfaithministries/
[=]SCRAPE SERVE[=]ReqMETA: 200::GET
[=]SCRAPE SERVE[=]A[HREF]::Link request received at https://www.ancientfaith.com/podcasts/tendingthegarden/
[=]SCRAPE SERVE[=]LINK(s) EXTRACTED: https://www.tiktok.com/@ancientfaithministries
[=]SCRAPE SERVE[=]ReqMETA: 200::GET
[=]SCRAPE SERVE[=]A[HREF]::Link request received at https://www.ancientfaith.com/podcasts/tendingthegarden/
[=]SCRAPE SERVE[=]LINK(s) EXTRACTED: /
[=]SCRAPE SERVE[=]ReqMETA: 200::GET
[=]SCRAPE SERVE[=]A[HREF]::Link request received at https://www.ancientfaith.com/podcasts/tendingthegarden/
[=]SCRAPE SERVE[=]LINK(s) EXTRACTED: /topics/Ancient-Faith-Kids/
[=]SCRAPE SERVE[=]ReqMETA: 200::GET
[=]SCRAPE SERVE[=]A[HREF]::Link request received at https://www.ancientfaith.com/podcasts/tendingthegarden/
[=]SCRAPE SERVE[=]LINK(s) EXTRACTED: https://www.facebook.com/ancientfaithkids
[=]SCRAPE SERVE[=]ReqMETA: 200::GET
[=]SCRAPE SERVE[=]A[HREF]::Link request received at https://www.ancientfaith.com/podcasts/tendingthegarden/
[=]SCRAPE SERVE[=]LINK(s) EXTRACTED: https://www.youtube.com/@ancientfaith4kids
[=]SCRAPE SERVE[=]ReqMETA: 200::GET
[=]SCRAPE SERVE[=]A[HREF]::Link request received at https://www.ancientfaith.com/podcasts/tendingthegarden/
[=]SCRAPE SERVE[=]LINK(s) EXTRACTED: https://www.instagram.com/ancientfaithkids/
[=]SCRAPE SERVE[=]ReqMETA: 200::GET
[=]SCRAPE SERVE[=]A[HREF]::Link request received at https://www.ancientfaith.com/podcasts/tendingthegarden/
[=]SCRAPE SERVE[=]LINK(s) EXTRACTED: https://afm.kindful.com/?campaign=1193135
[=]SCRAPE SERVE[=]ReqMETA: 200::GET
[=]SCRAPE SERVE[=]A[HREF]::Link request received at https://www.ancientfaith.com/podcasts/tendingthegarden/
[=]SCRAPE SERVE[=]LINK(s) EXTRACTED: 
[=]SCRAPE SERVE[=]ReqMETA: 200::GET
[=]SCRAPE SERVE[=]A[HREF]::Link request received at https://www.ancientfaith.com/podcasts/tendingthegarden/
[=]SCRAPE SERVE[=]LINK(s) EXTRACTED: 
[=]SCRAPE SERVE[=]ReqMETA: 200::GET
[=]SCRAPE SERVE[=]A[HREF]::Link request received at https://www.ancientfaith.com/podcasts/tendingthegarden/
[=]SCRAPE SERVE[=]LINK(s) EXTRACTED: 
[=]SCRAPE SERVE[=]ReqMETA: 200::GET
[=]SCRAPE SERVE[=]visiting https://www.ancientfaith.com/podcasts/the_roots_of_everything/
[=]SCRAPE SERVE[=]response received 200
[=]SCRAPE SERVE[=]A[HREF]::Link request received at https://www.ancientfaith.com/podcasts/the_roots_of_everything/
[=]SCRAPE SERVE[=]LINK(s) EXTRACTED: /
[=]SCRAPE SERVE[=]ReqMETA: 200::GET
[=]SCRAPE SERVE[=]A[HREF]::Link request received at https://www.ancientfaith.com/podcasts/the_roots_of_everything/
[=]SCRAPE SERVE[=]LINK(s) EXTRACTED: /radio/
[=]SCRAPE SERVE[=]ReqMETA: 200::GET
[=]SCRAPE SERVE[=]A[HREF]::Link request received at https://www.ancientfaith.com/podcasts/the_roots_of_everything/
[=]SCRAPE SERVE[=]LINK(s) EXTRACTED: /radio/live-shows/
[=]SCRAPE SERVE[=]ReqMETA: 200::GET
[=]SCRAPE SERVE[=]A[HREF]::Link request received at https://www.ancientfaith.com/podcasts/the_roots_of_everything/
[=]SCRAPE SERVE[=]LINK(s) EXTRACTED: /podcasts/
[=]SCRAPE SERVE[=]ReqMETA: 200::GET
[=]SCRAPE SERVE[=]A[HREF]::Link request received at https://www.ancientfaith.com/podcasts/the_roots_of_everything/
[=]SCRAPE SERVE[=]LINK(s) EXTRACTED: /radio/sponsorships/
[=]SCRAPE SERVE[=]ReqMETA: 200::GET
[=]SCRAPE SERVE[=]A[HREF]::Link request received at https://www.ancientfaith.com/podcasts/the_roots_of_everything/
[=]SCRAPE SERVE[=]LINK(s) EXTRACTED: /radio/digital-m/
[=]SCRAPE SERVE[=]ReqMETA: 200::GET
[=]SCRAPE SERVE[=]A[HREF]::Link request received at https://www.ancientfaith.com/podcasts/the_roots_of_everything/
[=]SCRAPE SERVE[=]LINK(s) EXTRACTED: /publishing/
[=]SCRAPE SERVE[=]ReqMETA: 200::GET
[=]SCRAPE SERVE[=]A[HREF]::Link request received at https://www.ancientfaith.com/podcasts/the_roots_of_everything/
[=]SCRAPE SERVE[=]LINK(s) EXTRACTED: /topics/Ancient-Faith-Kids/
[=]SCRAPE SERVE[=]ReqMETA: 200::GET
[=]SCRAPE SERVE[=]A[HREF]::Link request received at https://www.ancientfaith.com/podcasts/the_roots_of_everything/
[=]SCRAPE SERVE[=]LINK(s) EXTRACTED: /events/
[=]SCRAPE SERVE[=]ReqMETA: 200::GET
[=]SCRAPE SERVE[=]A[HREF]::Link request received at https://www.ancientfaith.com/podcasts/the_roots_of_everything/
[=]SCRAPE SERVE[=]LINK(s) EXTRACTED: /support/
[=]SCRAPE SERVE[=]ReqMETA: 200::GET
[=]SCRAPE SERVE[=]A[HREF]::Link request received at https://www.ancientfaith.com/podcasts/the_roots_of_everything/
[=]SCRAPE SERVE[=]LINK(s) EXTRACTED: /about/
[=]SCRAPE SERVE[=]ReqMETA: 200::GET
[=]SCRAPE SERVE[=]A[HREF]::Link request received at https://www.ancientfaith.com/podcasts/the_roots_of_everything/
[=]SCRAPE SERVE[=]LINK(s) EXTRACTED: /ceo-journal/
[=]SCRAPE SERVE[=]ReqMETA: 200::GET
[=]SCRAPE SERVE[=]A[HREF]::Link request received at https://www.ancientfaith.com/podcasts/the_roots_of_everything/
[=]SCRAPE SERVE[=]LINK(s) EXTRACTED: https://store.ancientfaith.com/
[=]SCRAPE SERVE[=]ReqMETA: 200::GET
[=]SCRAPE SERVE[=]A[HREF]::Link request received at https://www.ancientfaith.com/podcasts/the_roots_of_everything/
[=]SCRAPE SERVE[=]LINK(s) EXTRACTED: /login/
[=]SCRAPE SERVE[=]ReqMETA: 200::GET
[=]SCRAPE SERVE[=]A[HREF]::Link request received at https://www.ancientfaith.com/podcasts/the_roots_of_everything/
[=]SCRAPE SERVE[=]LINK(s) EXTRACTED: /radio/
[=]SCRAPE SERVE[=]ReqMETA: 200::GET
[=]SCRAPE SERVE[=]A[HREF]::Link request received at https://www.ancientfaith.com/podcasts/the_roots_of_everything/
[=]SCRAPE SERVE[=]LINK(s) EXTRACTED: /radio/live-shows/
[=]SCRAPE SERVE[=]ReqMETA: 200::GET
[=]SCRAPE SERVE[=]A[HREF]::Link request received at https://www.ancientfaith.com/podcasts/the_roots_of_everything/
[=]SCRAPE SERVE[=]LINK(s) EXTRACTED: /podcasts/
[=]SCRAPE SERVE[=]ReqMETA: 200::GET
[=]SCRAPE SERVE[=]A[HREF]::Link request received at https://www.ancientfaith.com/podcasts/the_roots_of_everything/
[=]SCRAPE SERVE[=]LINK(s) EXTRACTED: /radio/sponsorships/
[=]SCRAPE SERVE[=]ReqMETA: 200::GET
[=]SCRAPE SERVE[=]A[HREF]::Link request received at https://www.ancientfaith.com/podcasts/the_roots_of_everything/
[=]SCRAPE SERVE[=]LINK(s) EXTRACTED: /radio/digital-m/
[=]SCRAPE SERVE[=]ReqMETA: 200::GET
[=]SCRAPE SERVE[=]A[HREF]::Link request received at https://www.ancientfaith.com/podcasts/the_roots_of_everything/
[=]SCRAPE SERVE[=]LINK(s) EXTRACTED: /publishing/
[=]SCRAPE SERVE[=]ReqMETA: 200::GET
[=]SCRAPE SERVE[=]A[HREF]::Link request received at https://www.ancientfaith.com/podcasts/the_roots_of_everything/
[=]SCRAPE SERVE[=]LINK(s) EXTRACTED: /topics/Ancient-Faith-Kids/
[=]SCRAPE SERVE[=]ReqMETA: 200::GET
[=]SCRAPE SERVE[=]A[HREF]::Link request received at https://www.ancientfaith.com/podcasts/the_roots_of_everything/
[=]SCRAPE SERVE[=]LINK(s) EXTRACTED: /events/
[=]SCRAPE SERVE[=]ReqMETA: 200::GET
[=]SCRAPE SERVE[=]A[HREF]::Link request received at https://www.ancientfaith.com/podcasts/the_roots_of_everything/
[=]SCRAPE SERVE[=]LINK(s) EXTRACTED: /support/
[=]SCRAPE SERVE[=]ReqMETA: 200::GET
[=]SCRAPE SERVE[=]A[HREF]::Link request received at https://www.ancientfaith.com/podcasts/the_roots_of_everything/
[=]SCRAPE SERVE[=]LINK(s) EXTRACTED: /about/
[=]SCRAPE SERVE[=]ReqMETA: 200::GET
[=]SCRAPE SERVE[=]A[HREF]::Link request received at https://www.ancientfaith.com/podcasts/the_roots_of_everything/
[=]SCRAPE SERVE[=]LINK(s) EXTRACTED: /ceo-journal/
[=]SCRAPE SERVE[=]ReqMETA: 200::GET
[=]SCRAPE SERVE[=]A[HREF]::Link request received at https://www.ancientfaith.com/podcasts/the_roots_of_everything/
[=]SCRAPE SERVE[=]LINK(s) EXTRACTED: https://store.ancientfaith.com/
[=]SCRAPE SERVE[=]ReqMETA: 200::GET
[=]SCRAPE SERVE[=]A[HREF]::Link request received at https://www.ancientfaith.com/podcasts/the_roots_of_everything/
[=]SCRAPE SERVE[=]LINK(s) EXTRACTED: /login/
[=]SCRAPE SERVE[=]ReqMETA: 200::GET
[=]SCRAPE SERVE[=]A[HREF]::Link request received at https://www.ancientfaith.com/podcasts/the_roots_of_everything/
[=]SCRAPE SERVE[=]LINK(s) EXTRACTED: https://feeds.ancientfaith.com/the_roots_of_everything
[=]SCRAPE SERVE[=]ReqMETA: 200::GET
[=]SCRAPE SERVE[=]A[HREF]::Link request received at https://www.ancientfaith.com/podcasts/the_roots_of_everything/
[=]SCRAPE SERVE[=]LINK(s) EXTRACTED: https://web.charityengine.net/Default.aspx?tsid=31584
[=]SCRAPE SERVE[=]ReqMETA: 200::GET
[=]SCRAPE SERVE[=]A[HREF]::Link request received at https://www.ancientfaith.com/podcasts/the_roots_of_everything/
[=]SCRAPE SERVE[=]LINK(s) EXTRACTED: /podcasts/the_roots_of_everything/?page=2
[=]SCRAPE SERVE[=]ReqMETA: 200::GET
[=]SCRAPE SERVE[=]A[HREF]::Link request received at https://www.ancientfaith.com/podcasts/the_roots_of_everything/
[=]SCRAPE SERVE[=]LINK(s) EXTRACTED: /podcasts/the_roots_of_everything/?page=7
[=]SCRAPE SERVE[=]ReqMETA: 200::GET
[=]SCRAPE SERVE[=]A[HREF]::Link request received at https://www.ancientfaith.com/podcasts/the_roots_of_everything/
[=]SCRAPE SERVE[=]LINK(s) EXTRACTED: /podcasts/the_roots_of_everything/the-feminine-ep4-who-is-the-heroine/
[=]SCRAPE SERVE[=]ReqMETA: 200::GET
[=]SCRAPE SERVE[=]A[HREF]::Link request received at https://www.ancientfaith.com/podcasts/the_roots_of_everything/
[=]SCRAPE SERVE[=]LINK(s) EXTRACTED: /podcasts/the_roots_of_everything/the-feminine-ep3-hierarchy-and-love/
[=]SCRAPE SERVE[=]ReqMETA: 200::GET
[=]SCRAPE SERVE[=]A[HREF]::Link request received at https://www.ancientfaith.com/podcasts/the_roots_of_everything/
[=]SCRAPE SERVE[=]LINK(s) EXTRACTED: /podcasts/the_roots_of_everything/the-feminine-ep2-cosmic-dualism/
[=]SCRAPE SERVE[=]ReqMETA: 200::GET
[=]SCRAPE SERVE[=]A[HREF]::Link request received at https://www.ancientfaith.com/podcasts/the_roots_of_everything/
[=]SCRAPE SERVE[=]LINK(s) EXTRACTED: /podcasts/the_roots_of_everything/the-feminine-ep1-yin-and-yang/
[=]SCRAPE SERVE[=]ReqMETA: 200::GET
[=]SCRAPE SERVE[=]A[HREF]::Link request received at https://www.ancientfaith.com/podcasts/the_roots_of_everything/
[=]SCRAPE SERVE[=]LINK(s) EXTRACTED: /podcasts/the_roots_of_everything/rise-of-pop-culture-ep4-tolkien-and-fantasy/
[=]SCRAPE SERVE[=]ReqMETA: 200::GET
[=]SCRAPE SERVE[=]A[HREF]::Link request received at https://www.ancientfaith.com/podcasts/the_roots_of_everything/
[=]SCRAPE SERVE[=]LINK(s) EXTRACTED: /podcasts/the_roots_of_everything/?page=2
[=]SCRAPE SERVE[=]ReqMETA: 200::GET
[=]SCRAPE SERVE[=]A[HREF]::Link request received at https://www.ancientfaith.com/podcasts/the_roots_of_everything/
[=]SCRAPE SERVE[=]LINK(s) EXTRACTED: /podcasts/the_roots_of_everything/?page=7
[=]SCRAPE SERVE[=]ReqMETA: 200::GET
[=]SCRAPE SERVE[=]A[HREF]::Link request received at https://www.ancientfaith.com/podcasts/the_roots_of_everything/
[=]SCRAPE SERVE[=]LINK(s) EXTRACTED: /contributors/dr_zachary_porcu/
[=]SCRAPE SERVE[=]ReqMETA: 200::GET
[=]SCRAPE SERVE[=]A[HREF]::Link request received at https://www.ancientfaith.com/podcasts/the_roots_of_everything/
[=]SCRAPE SERVE[=]LINK(s) EXTRACTED: mailto:therootsofeverything@ancientfaith.com
[=]SCRAPE SERVE[=]ReqMETA: 200::GET
[=]SCRAPE SERVE[=]A[HREF]::Link request received at https://www.ancientfaith.com/podcasts/the_roots_of_everything/
[=]SCRAPE SERVE[=]LINK(s) EXTRACTED: /workwithus/
[=]SCRAPE SERVE[=]ReqMETA: 200::GET
[=]SCRAPE SERVE[=]A[HREF]::Link request received at https://www.ancientfaith.com/podcasts/the_roots_of_everything/
[=]SCRAPE SERVE[=]LINK(s) EXTRACTED: /about/
[=]SCRAPE SERVE[=]ReqMETA: 200::GET
[=]SCRAPE SERVE[=]A[HREF]::Link request received at https://www.ancientfaith.com/podcasts/the_roots_of_everything/
[=]SCRAPE SERVE[=]LINK(s) EXTRACTED: /support/
[=]SCRAPE SERVE[=]ReqMETA: 200::GET
[=]SCRAPE SERVE[=]A[HREF]::Link request received at https://www.ancientfaith.com/podcasts/the_roots_of_everything/
[=]SCRAPE SERVE[=]LINK(s) EXTRACTED: /about/
[=]SCRAPE SERVE[=]ReqMETA: 200::GET
[=]SCRAPE SERVE[=]A[HREF]::Link request received at https://www.ancientfaith.com/podcasts/the_roots_of_everything/
[=]SCRAPE SERVE[=]LINK(s) EXTRACTED: https://store.ancientfaith.com
[=]SCRAPE SERVE[=]ReqMETA: 200::GET
[=]SCRAPE SERVE[=]A[HREF]::Link request received at https://www.ancientfaith.com/podcasts/the_roots_of_everything/
[=]SCRAPE SERVE[=]LINK(s) EXTRACTED: https://www.facebook.com/ancientfaithministries
[=]SCRAPE SERVE[=]ReqMETA: 200::GET
[=]SCRAPE SERVE[=]A[HREF]::Link request received at https://www.ancientfaith.com/podcasts/the_roots_of_everything/
[=]SCRAPE SERVE[=]LINK(s) EXTRACTED: https://www.youtube.com/@AncientFaithMinistries
[=]SCRAPE SERVE[=]ReqMETA: 200::GET
[=]SCRAPE SERVE[=]A[HREF]::Link request received at https://www.ancientfaith.com/podcasts/the_roots_of_everything/
[=]SCRAPE SERVE[=]LINK(s) EXTRACTED: https://www.instagram.com/ancientfaithministries/
[=]SCRAPE SERVE[=]ReqMETA: 200::GET
[=]SCRAPE SERVE[=]A[HREF]::Link request received at https://www.ancientfaith.com/podcasts/the_roots_of_everything/
[=]SCRAPE SERVE[=]LINK(s) EXTRACTED: https://www.tiktok.com/@ancientfaithministries
[=]SCRAPE SERVE[=]ReqMETA: 200::GET
[=]SCRAPE SERVE[=]A[HREF]::Link request received at https://www.ancientfaith.com/podcasts/the_roots_of_everything/
[=]SCRAPE SERVE[=]LINK(s) EXTRACTED: /
[=]SCRAPE SERVE[=]ReqMETA: 200::GET
[=]SCRAPE SERVE[=]A[HREF]::Link request received at https://www.ancientfaith.com/podcasts/the_roots_of_everything/
[=]SCRAPE SERVE[=]LINK(s) EXTRACTED: /topics/Ancient-Faith-Kids/
[=]SCRAPE SERVE[=]ReqMETA: 200::GET
[=]SCRAPE SERVE[=]A[HREF]::Link request received at https://www.ancientfaith.com/podcasts/the_roots_of_everything/
[=]SCRAPE SERVE[=]LINK(s) EXTRACTED: https://www.facebook.com/ancientfaithkids
[=]SCRAPE SERVE[=]ReqMETA: 200::GET
[=]SCRAPE SERVE[=]A[HREF]::Link request received at https://www.ancientfaith.com/podcasts/the_roots_of_everything/
[=]SCRAPE SERVE[=]LINK(s) EXTRACTED: https://www.youtube.com/@ancientfaith4kids
[=]SCRAPE SERVE[=]ReqMETA: 200::GET
[=]SCRAPE SERVE[=]A[HREF]::Link request received at https://www.ancientfaith.com/podcasts/the_roots_of_everything/
[=]SCRAPE SERVE[=]LINK(s) EXTRACTED: https://www.instagram.com/ancientfaithkids/
[=]SCRAPE SERVE[=]ReqMETA: 200::GET
[=]SCRAPE SERVE[=]A[HREF]::Link request received at https://www.ancientfaith.com/podcasts/the_roots_of_everything/
[=]SCRAPE SERVE[=]LINK(s) EXTRACTED: https://afm.kindful.com/?campaign=1193135
[=]SCRAPE SERVE[=]ReqMETA: 200::GET
[=]SCRAPE SERVE[=]A[HREF]::Link request received at https://www.ancientfaith.com/podcasts/the_roots_of_everything/
[=]SCRAPE SERVE[=]LINK(s) EXTRACTED: 
[=]SCRAPE SERVE[=]ReqMETA: 200::GET
[=]SCRAPE SERVE[=]A[HREF]::Link request received at https://www.ancientfaith.com/podcasts/the_roots_of_everything/
[=]SCRAPE SERVE[=]LINK(s) EXTRACTED: 
[=]SCRAPE SERVE[=]ReqMETA: 200::GET
[=]SCRAPE SERVE[=]A[HREF]::Link request received at https://www.ancientfaith.com/podcasts/the_roots_of_everything/
[=]SCRAPE SERVE[=]LINK(s) EXTRACTED: 
[=]SCRAPE SERVE[=]ReqMETA: 200::GET
[=]SCRAPE SERVE[=]visiting https://www.ancientfaith.com/podcasts/thepath/
[=]SCRAPE SERVE[=]response received 200
[=]SCRAPE SERVE[=]A[HREF]::Link request received at https://www.ancientfaith.com/podcasts/thepath/
[=]SCRAPE SERVE[=]LINK(s) EXTRACTED: /
[=]SCRAPE SERVE[=]ReqMETA: 200::GET
[=]SCRAPE SERVE[=]A[HREF]::Link request received at https://www.ancientfaith.com/podcasts/thepath/
[=]SCRAPE SERVE[=]LINK(s) EXTRACTED: /radio/
[=]SCRAPE SERVE[=]ReqMETA: 200::GET
[=]SCRAPE SERVE[=]A[HREF]::Link request received at https://www.ancientfaith.com/podcasts/thepath/
[=]SCRAPE SERVE[=]LINK(s) EXTRACTED: /radio/live-shows/
[=]SCRAPE SERVE[=]ReqMETA: 200::GET
[=]SCRAPE SERVE[=]A[HREF]::Link request received at https://www.ancientfaith.com/podcasts/thepath/
[=]SCRAPE SERVE[=]LINK(s) EXTRACTED: /podcasts/
[=]SCRAPE SERVE[=]ReqMETA: 200::GET
[=]SCRAPE SERVE[=]A[HREF]::Link request received at https://www.ancientfaith.com/podcasts/thepath/
[=]SCRAPE SERVE[=]LINK(s) EXTRACTED: /radio/sponsorships/
[=]SCRAPE SERVE[=]ReqMETA: 200::GET
[=]SCRAPE SERVE[=]A[HREF]::Link request received at https://www.ancientfaith.com/podcasts/thepath/
[=]SCRAPE SERVE[=]LINK(s) EXTRACTED: /radio/digital-m/
[=]SCRAPE SERVE[=]ReqMETA: 200::GET
[=]SCRAPE SERVE[=]A[HREF]::Link request received at https://www.ancientfaith.com/podcasts/thepath/
[=]SCRAPE SERVE[=]LINK(s) EXTRACTED: /publishing/
[=]SCRAPE SERVE[=]ReqMETA: 200::GET
[=]SCRAPE SERVE[=]A[HREF]::Link request received at https://www.ancientfaith.com/podcasts/thepath/
[=]SCRAPE SERVE[=]LINK(s) EXTRACTED: /topics/Ancient-Faith-Kids/
[=]SCRAPE SERVE[=]ReqMETA: 200::GET
[=]SCRAPE SERVE[=]A[HREF]::Link request received at https://www.ancientfaith.com/podcasts/thepath/
[=]SCRAPE SERVE[=]LINK(s) EXTRACTED: /events/
[=]SCRAPE SERVE[=]ReqMETA: 200::GET
[=]SCRAPE SERVE[=]A[HREF]::Link request received at https://www.ancientfaith.com/podcasts/thepath/
[=]SCRAPE SERVE[=]LINK(s) EXTRACTED: /support/
[=]SCRAPE SERVE[=]ReqMETA: 200::GET
[=]SCRAPE SERVE[=]A[HREF]::Link request received at https://www.ancientfaith.com/podcasts/thepath/
[=]SCRAPE SERVE[=]LINK(s) EXTRACTED: /about/
[=]SCRAPE SERVE[=]ReqMETA: 200::GET
[=]SCRAPE SERVE[=]A[HREF]::Link request received at https://www.ancientfaith.com/podcasts/thepath/
[=]SCRAPE SERVE[=]LINK(s) EXTRACTED: /ceo-journal/
[=]SCRAPE SERVE[=]ReqMETA: 200::GET
[=]SCRAPE SERVE[=]A[HREF]::Link request received at https://www.ancientfaith.com/podcasts/thepath/
[=]SCRAPE SERVE[=]LINK(s) EXTRACTED: https://store.ancientfaith.com/
[=]SCRAPE SERVE[=]ReqMETA: 200::GET
[=]SCRAPE SERVE[=]A[HREF]::Link request received at https://www.ancientfaith.com/podcasts/thepath/
[=]SCRAPE SERVE[=]LINK(s) EXTRACTED: /login/
[=]SCRAPE SERVE[=]ReqMETA: 200::GET
[=]SCRAPE SERVE[=]A[HREF]::Link request received at https://www.ancientfaith.com/podcasts/thepath/
[=]SCRAPE SERVE[=]LINK(s) EXTRACTED: /radio/
[=]SCRAPE SERVE[=]ReqMETA: 200::GET
[=]SCRAPE SERVE[=]A[HREF]::Link request received at https://www.ancientfaith.com/podcasts/thepath/
[=]SCRAPE SERVE[=]LINK(s) EXTRACTED: /radio/live-shows/
[=]SCRAPE SERVE[=]ReqMETA: 200::GET
[=]SCRAPE SERVE[=]A[HREF]::Link request received at https://www.ancientfaith.com/podcasts/thepath/
[=]SCRAPE SERVE[=]LINK(s) EXTRACTED: /podcasts/
[=]SCRAPE SERVE[=]ReqMETA: 200::GET
[=]SCRAPE SERVE[=]A[HREF]::Link request received at https://www.ancientfaith.com/podcasts/thepath/
[=]SCRAPE SERVE[=]LINK(s) EXTRACTED: /radio/sponsorships/
[=]SCRAPE SERVE[=]ReqMETA: 200::GET
[=]SCRAPE SERVE[=]A[HREF]::Link request received at https://www.ancientfaith.com/podcasts/thepath/
[=]SCRAPE SERVE[=]LINK(s) EXTRACTED: /radio/digital-m/
[=]SCRAPE SERVE[=]ReqMETA: 200::GET
[=]SCRAPE SERVE[=]A[HREF]::Link request received at https://www.ancientfaith.com/podcasts/thepath/
[=]SCRAPE SERVE[=]LINK(s) EXTRACTED: /publishing/
[=]SCRAPE SERVE[=]ReqMETA: 200::GET
[=]SCRAPE SERVE[=]A[HREF]::Link request received at https://www.ancientfaith.com/podcasts/thepath/
[=]SCRAPE SERVE[=]LINK(s) EXTRACTED: /topics/Ancient-Faith-Kids/
[=]SCRAPE SERVE[=]ReqMETA: 200::GET
[=]SCRAPE SERVE[=]A[HREF]::Link request received at https://www.ancientfaith.com/podcasts/thepath/
[=]SCRAPE SERVE[=]LINK(s) EXTRACTED: /events/
[=]SCRAPE SERVE[=]ReqMETA: 200::GET
[=]SCRAPE SERVE[=]A[HREF]::Link request received at https://www.ancientfaith.com/podcasts/thepath/
[=]SCRAPE SERVE[=]LINK(s) EXTRACTED: /support/
[=]SCRAPE SERVE[=]ReqMETA: 200::GET
[=]SCRAPE SERVE[=]A[HREF]::Link request received at https://www.ancientfaith.com/podcasts/thepath/
[=]SCRAPE SERVE[=]LINK(s) EXTRACTED: /about/
[=]SCRAPE SERVE[=]ReqMETA: 200::GET
[=]SCRAPE SERVE[=]A[HREF]::Link request received at https://www.ancientfaith.com/podcasts/thepath/
[=]SCRAPE SERVE[=]LINK(s) EXTRACTED: /ceo-journal/
[=]SCRAPE SERVE[=]ReqMETA: 200::GET
[=]SCRAPE SERVE[=]A[HREF]::Link request received at https://www.ancientfaith.com/podcasts/thepath/
[=]SCRAPE SERVE[=]LINK(s) EXTRACTED: https://store.ancientfaith.com/
[=]SCRAPE SERVE[=]ReqMETA: 200::GET
[=]SCRAPE SERVE[=]A[HREF]::Link request received at https://www.ancientfaith.com/podcasts/thepath/
[=]SCRAPE SERVE[=]LINK(s) EXTRACTED: /login/
[=]SCRAPE SERVE[=]ReqMETA: 200::GET
[=]SCRAPE SERVE[=]A[HREF]::Link request received at https://www.ancientfaith.com/podcasts/thepath/
[=]SCRAPE SERVE[=]LINK(s) EXTRACTED: https://feeds.ancientfaith.com/thepath
[=]SCRAPE SERVE[=]ReqMETA: 200::GET
[=]SCRAPE SERVE[=]A[HREF]::Link request received at https://www.ancientfaith.com/podcasts/thepath/
[=]SCRAPE SERVE[=]LINK(s) EXTRACTED: https://podcasts.apple.com/us/podcast/id214475847
[=]SCRAPE SERVE[=]ReqMETA: 200::GET
[=]SCRAPE SERVE[=]A[HREF]::Link request received at https://www.ancientfaith.com/podcasts/thepath/
[=]SCRAPE SERVE[=]LINK(s) EXTRACTED: https://web.charityengine.net/Default.aspx?tsid=31584
[=]SCRAPE SERVE[=]ReqMETA: 200::GET
[=]SCRAPE SERVE[=]A[HREF]::Link request received at https://www.ancientfaith.com/podcasts/thepath/
[=]SCRAPE SERVE[=]LINK(s) EXTRACTED: /podcasts/thepath/?page=2
[=]SCRAPE SERVE[=]ReqMETA: 200::GET
[=]SCRAPE SERVE[=]A[HREF]::Link request received at https://www.ancientfaith.com/podcasts/thepath/
[=]SCRAPE SERVE[=]LINK(s) EXTRACTED: /podcasts/thepath/?page=968
[=]SCRAPE SERVE[=]ReqMETA: 200::GET
[=]SCRAPE SERVE[=]A[HREF]::Link request received at https://www.ancientfaith.com/podcasts/thepath/
[=]SCRAPE SERVE[=]LINK(s) EXTRACTED: /podcasts/thepath/march-26-2026/
[=]SCRAPE SERVE[=]ReqMETA: 200::GET
[=]SCRAPE SERVE[=]A[HREF]::Link request received at https://www.ancientfaith.com/podcasts/thepath/
[=]SCRAPE SERVE[=]LINK(s) EXTRACTED: /podcasts/thepath/march-25-2026/
[=]SCRAPE SERVE[=]ReqMETA: 200::GET
[=]SCRAPE SERVE[=]A[HREF]::Link request received at https://www.ancientfaith.com/podcasts/thepath/
[=]SCRAPE SERVE[=]LINK(s) EXTRACTED: /podcasts/thepath/march-24-2026/
[=]SCRAPE SERVE[=]ReqMETA: 200::GET
[=]SCRAPE SERVE[=]A[HREF]::Link request received at https://www.ancientfaith.com/podcasts/thepath/
[=]SCRAPE SERVE[=]LINK(s) EXTRACTED: /podcasts/thepath/march-23-2026/
[=]SCRAPE SERVE[=]ReqMETA: 200::GET
[=]SCRAPE SERVE[=]A[HREF]::Link request received at https://www.ancientfaith.com/podcasts/thepath/
[=]SCRAPE SERVE[=]LINK(s) EXTRACTED: /podcasts/thepath/march-20-2026/
[=]SCRAPE SERVE[=]ReqMETA: 200::GET
[=]SCRAPE SERVE[=]A[HREF]::Link request received at https://www.ancientfaith.com/podcasts/thepath/
[=]SCRAPE SERVE[=]LINK(s) EXTRACTED: /podcasts/thepath/?page=2
[=]SCRAPE SERVE[=]ReqMETA: 200::GET
[=]SCRAPE SERVE[=]A[HREF]::Link request received at https://www.ancientfaith.com/podcasts/thepath/
[=]SCRAPE SERVE[=]LINK(s) EXTRACTED: /podcasts/thepath/?page=968
[=]SCRAPE SERVE[=]ReqMETA: 200::GET
[=]SCRAPE SERVE[=]A[HREF]::Link request received at https://www.ancientfaith.com/podcasts/thepath/
[=]SCRAPE SERVE[=]LINK(s) EXTRACTED: /contributors/tom_soroka/
[=]SCRAPE SERVE[=]ReqMETA: 200::GET
[=]SCRAPE SERVE[=]A[HREF]::Link request received at https://www.ancientfaith.com/podcasts/thepath/
[=]SCRAPE SERVE[=]LINK(s) EXTRACTED: mailto:thepath@ancientfaith.com
[=]SCRAPE SERVE[=]ReqMETA: 200::GET
[=]SCRAPE SERVE[=]A[HREF]::Link request received at https://www.ancientfaith.com/podcasts/thepath/
[=]SCRAPE SERVE[=]LINK(s) EXTRACTED: http://www.orthodoxpittsburgh.org/
[=]SCRAPE SERVE[=]ReqMETA: 200::GET
[=]SCRAPE SERVE[=]A[HREF]::Link request received at https://www.ancientfaith.com/podcasts/thepath/
[=]SCRAPE SERVE[=]LINK(s) EXTRACTED: /podcasts/aftodaylive/
[=]SCRAPE SERVE[=]ReqMETA: 200::GET
[=]SCRAPE SERVE[=]A[HREF]::Link request received at https://www.ancientfaith.com/podcasts/thepath/
[=]SCRAPE SERVE[=]LINK(s) EXTRACTED: /podcasts/sermonsatstnicholas/
[=]SCRAPE SERVE[=]ReqMETA: 200::GET
[=]SCRAPE SERVE[=]A[HREF]::Link request received at https://www.ancientfaith.com/podcasts/thepath/
[=]SCRAPE SERVE[=]LINK(s) EXTRACTED: /podcasts/saintoftheday/
[=]SCRAPE SERVE[=]ReqMETA: 200::GET
[=]SCRAPE SERVE[=]A[HREF]::Link request received at https://www.ancientfaith.com/podcasts/thepath/
[=]SCRAPE SERVE[=]LINK(s) EXTRACTED: /podcasts/dailyscriptures/
[=]SCRAPE SERVE[=]ReqMETA: 200::GET
[=]SCRAPE SERVE[=]A[HREF]::Link request received at https://www.ancientfaith.com/podcasts/thepath/
[=]SCRAPE SERVE[=]LINK(s) EXTRACTED: /podcasts/dailyscriptureskids/
[=]SCRAPE SERVE[=]ReqMETA: 200::GET
[=]SCRAPE SERVE[=]A[HREF]::Link request received at https://www.ancientfaith.com/podcasts/thepath/
[=]SCRAPE SERVE[=]LINK(s) EXTRACTED: https://store.ancientfaith.com/faith-encouraged/
[=]SCRAPE SERVE[=]ReqMETA: 200::GET
[=]SCRAPE SERVE[=]A[HREF]::Link request received at https://www.ancientfaith.com/podcasts/thepath/
[=]SCRAPE SERVE[=]LINK(s) EXTRACTED: https://store.ancientfaith.com/behold-a-great-light-a-daily-devotional-for-the-nativity-fast-through-theophany/
[=]SCRAPE SERVE[=]ReqMETA: 200::GET
[=]SCRAPE SERVE[=]A[HREF]::Link request received at https://www.ancientfaith.com/podcasts/thepath/
[=]SCRAPE SERVE[=]LINK(s) EXTRACTED: https://store.ancientfaith.com/pilgrimage-to-pascha-a-daily-devotional-for-great-lent/
[=]SCRAPE SERVE[=]ReqMETA: 200::GET
[=]SCRAPE SERVE[=]A[HREF]::Link request received at https://www.ancientfaith.com/podcasts/thepath/
[=]SCRAPE SERVE[=]LINK(s) EXTRACTED: https://store.ancientfaith.com/songs-of-praise-a-psalter-devotional-for-orthodox-women/
[=]SCRAPE SERVE[=]ReqMETA: 200::GET
[=]SCRAPE SERVE[=]A[HREF]::Link request received at https://www.ancientfaith.com/podcasts/thepath/
[=]SCRAPE SERVE[=]LINK(s) EXTRACTED: /workwithus/
[=]SCRAPE SERVE[=]ReqMETA: 200::GET
[=]SCRAPE SERVE[=]A[HREF]::Link request received at https://www.ancientfaith.com/podcasts/thepath/
[=]SCRAPE SERVE[=]LINK(s) EXTRACTED: /about/
[=]SCRAPE SERVE[=]ReqMETA: 200::GET
[=]SCRAPE SERVE[=]A[HREF]::Link request received at https://www.ancientfaith.com/podcasts/thepath/
[=]SCRAPE SERVE[=]LINK(s) EXTRACTED: /support/
[=]SCRAPE SERVE[=]ReqMETA: 200::GET
[=]SCRAPE SERVE[=]A[HREF]::Link request received at https://www.ancientfaith.com/podcasts/thepath/
[=]SCRAPE SERVE[=]LINK(s) EXTRACTED: /about/
[=]SCRAPE SERVE[=]ReqMETA: 200::GET
[=]SCRAPE SERVE[=]A[HREF]::Link request received at https://www.ancientfaith.com/podcasts/thepath/
[=]SCRAPE SERVE[=]LINK(s) EXTRACTED: https://store.ancientfaith.com
[=]SCRAPE SERVE[=]ReqMETA: 200::GET
[=]SCRAPE SERVE[=]A[HREF]::Link request received at https://www.ancientfaith.com/podcasts/thepath/
[=]SCRAPE SERVE[=]LINK(s) EXTRACTED: https://www.facebook.com/ancientfaithministries
[=]SCRAPE SERVE[=]ReqMETA: 200::GET
[=]SCRAPE SERVE[=]A[HREF]::Link request received at https://www.ancientfaith.com/podcasts/thepath/
[=]SCRAPE SERVE[=]LINK(s) EXTRACTED: https://www.youtube.com/@AncientFaithMinistries
[=]SCRAPE SERVE[=]ReqMETA: 200::GET
[=]SCRAPE SERVE[=]A[HREF]::Link request received at https://www.ancientfaith.com/podcasts/thepath/
[=]SCRAPE SERVE[=]LINK(s) EXTRACTED: https://www.instagram.com/ancientfaithministries/
[=]SCRAPE SERVE[=]ReqMETA: 200::GET
[=]SCRAPE SERVE[=]A[HREF]::Link request received at https://www.ancientfaith.com/podcasts/thepath/
[=]SCRAPE SERVE[=]LINK(s) EXTRACTED: https://www.tiktok.com/@ancientfaithministries
[=]SCRAPE SERVE[=]ReqMETA: 200::GET
[=]SCRAPE SERVE[=]A[HREF]::Link request received at https://www.ancientfaith.com/podcasts/thepath/
[=]SCRAPE SERVE[=]LINK(s) EXTRACTED: /
[=]SCRAPE SERVE[=]ReqMETA: 200::GET
[=]SCRAPE SERVE[=]A[HREF]::Link request received at https://www.ancientfaith.com/podcasts/thepath/
[=]SCRAPE SERVE[=]LINK(s) EXTRACTED: /topics/Ancient-Faith-Kids/
[=]SCRAPE SERVE[=]ReqMETA: 200::GET
[=]SCRAPE SERVE[=]A[HREF]::Link request received at https://www.ancientfaith.com/podcasts/thepath/
[=]SCRAPE SERVE[=]LINK(s) EXTRACTED: https://www.facebook.com/ancientfaithkids
[=]SCRAPE SERVE[=]ReqMETA: 200::GET
[=]SCRAPE SERVE[=]A[HREF]::Link request received at https://www.ancientfaith.com/podcasts/thepath/
[=]SCRAPE SERVE[=]LINK(s) EXTRACTED: https://www.youtube.com/@ancientfaith4kids
[=]SCRAPE SERVE[=]ReqMETA: 200::GET
[=]SCRAPE SERVE[=]A[HREF]::Link request received at https://www.ancientfaith.com/podcasts/thepath/
[=]SCRAPE SERVE[=]LINK(s) EXTRACTED: https://www.instagram.com/ancientfaithkids/
[=]SCRAPE SERVE[=]ReqMETA: 200::GET
[=]SCRAPE SERVE[=]A[HREF]::Link request received at https://www.ancientfaith.com/podcasts/thepath/
[=]SCRAPE SERVE[=]LINK(s) EXTRACTED: https://afm.kindful.com/?campaign=1193135
[=]SCRAPE SERVE[=]ReqMETA: 200::GET
[=]SCRAPE SERVE[=]A[HREF]::Link request received at https://www.ancientfaith.com/podcasts/thepath/
[=]SCRAPE SERVE[=]LINK(s) EXTRACTED: 
[=]SCRAPE SERVE[=]ReqMETA: 200::GET
[=]SCRAPE SERVE[=]A[HREF]::Link request received at https://www.ancientfaith.com/podcasts/thepath/
[=]SCRAPE SERVE[=]LINK(s) EXTRACTED: 
[=]SCRAPE SERVE[=]ReqMETA: 200::GET
[=]SCRAPE SERVE[=]A[HREF]::Link request received at https://www.ancientfaith.com/podcasts/thepath/
[=]SCRAPE SERVE[=]LINK(s) EXTRACTED: 
[=]SCRAPE SERVE[=]ReqMETA: 200::GET
[=]SCRAPE SERVE[=]visiting https://www.ancientfaith.com/podcasts/welcoming-gifts/
[=]SCRAPE SERVE[=]response received 200
[=]SCRAPE SERVE[=]A[HREF]::Link request received at https://www.ancientfaith.com/podcasts/welcoming-gifts/
[=]SCRAPE SERVE[=]LINK(s) EXTRACTED: /
[=]SCRAPE SERVE[=]ReqMETA: 200::GET
[=]SCRAPE SERVE[=]A[HREF]::Link request received at https://www.ancientfaith.com/podcasts/welcoming-gifts/
[=]SCRAPE SERVE[=]LINK(s) EXTRACTED: /radio/
[=]SCRAPE SERVE[=]ReqMETA: 200::GET
[=]SCRAPE SERVE[=]A[HREF]::Link request received at https://www.ancientfaith.com/podcasts/welcoming-gifts/
[=]SCRAPE SERVE[=]LINK(s) EXTRACTED: /radio/live-shows/
[=]SCRAPE SERVE[=]ReqMETA: 200::GET
[=]SCRAPE SERVE[=]A[HREF]::Link request received at https://www.ancientfaith.com/podcasts/welcoming-gifts/
[=]SCRAPE SERVE[=]LINK(s) EXTRACTED: /podcasts/
[=]SCRAPE SERVE[=]ReqMETA: 200::GET
[=]SCRAPE SERVE[=]A[HREF]::Link request received at https://www.ancientfaith.com/podcasts/welcoming-gifts/
[=]SCRAPE SERVE[=]LINK(s) EXTRACTED: /radio/sponsorships/
[=]SCRAPE SERVE[=]ReqMETA: 200::GET
[=]SCRAPE SERVE[=]A[HREF]::Link request received at https://www.ancientfaith.com/podcasts/welcoming-gifts/
[=]SCRAPE SERVE[=]LINK(s) EXTRACTED: /radio/digital-m/
[=]SCRAPE SERVE[=]ReqMETA: 200::GET
[=]SCRAPE SERVE[=]A[HREF]::Link request received at https://www.ancientfaith.com/podcasts/welcoming-gifts/
[=]SCRAPE SERVE[=]LINK(s) EXTRACTED: /publishing/
[=]SCRAPE SERVE[=]ReqMETA: 200::GET
[=]SCRAPE SERVE[=]A[HREF]::Link request received at https://www.ancientfaith.com/podcasts/welcoming-gifts/
[=]SCRAPE SERVE[=]LINK(s) EXTRACTED: /topics/Ancient-Faith-Kids/
[=]SCRAPE SERVE[=]ReqMETA: 200::GET
[=]SCRAPE SERVE[=]A[HREF]::Link request received at https://www.ancientfaith.com/podcasts/welcoming-gifts/
[=]SCRAPE SERVE[=]LINK(s) EXTRACTED: /events/
[=]SCRAPE SERVE[=]ReqMETA: 200::GET
[=]SCRAPE SERVE[=]A[HREF]::Link request received at https://www.ancientfaith.com/podcasts/welcoming-gifts/
[=]SCRAPE SERVE[=]LINK(s) EXTRACTED: /support/
[=]SCRAPE SERVE[=]ReqMETA: 200::GET
[=]SCRAPE SERVE[=]A[HREF]::Link request received at https://www.ancientfaith.com/podcasts/welcoming-gifts/
[=]SCRAPE SERVE[=]LINK(s) EXTRACTED: /about/
[=]SCRAPE SERVE[=]ReqMETA: 200::GET
[=]SCRAPE SERVE[=]A[HREF]::Link request received at https://www.ancientfaith.com/podcasts/welcoming-gifts/
[=]SCRAPE SERVE[=]LINK(s) EXTRACTED: /ceo-journal/
[=]SCRAPE SERVE[=]ReqMETA: 200::GET
[=]SCRAPE SERVE[=]A[HREF]::Link request received at https://www.ancientfaith.com/podcasts/welcoming-gifts/
[=]SCRAPE SERVE[=]LINK(s) EXTRACTED: https://store.ancientfaith.com/
[=]SCRAPE SERVE[=]ReqMETA: 200::GET
[=]SCRAPE SERVE[=]A[HREF]::Link request received at https://www.ancientfaith.com/podcasts/welcoming-gifts/
[=]SCRAPE SERVE[=]LINK(s) EXTRACTED: /login/
[=]SCRAPE SERVE[=]ReqMETA: 200::GET
[=]SCRAPE SERVE[=]A[HREF]::Link request received at https://www.ancientfaith.com/podcasts/welcoming-gifts/
[=]SCRAPE SERVE[=]LINK(s) EXTRACTED: /radio/
[=]SCRAPE SERVE[=]ReqMETA: 200::GET
[=]SCRAPE SERVE[=]A[HREF]::Link request received at https://www.ancientfaith.com/podcasts/welcoming-gifts/
[=]SCRAPE SERVE[=]LINK(s) EXTRACTED: /radio/live-shows/
[=]SCRAPE SERVE[=]ReqMETA: 200::GET
[=]SCRAPE SERVE[=]A[HREF]::Link request received at https://www.ancientfaith.com/podcasts/welcoming-gifts/
[=]SCRAPE SERVE[=]LINK(s) EXTRACTED: /podcasts/
[=]SCRAPE SERVE[=]ReqMETA: 200::GET
[=]SCRAPE SERVE[=]A[HREF]::Link request received at https://www.ancientfaith.com/podcasts/welcoming-gifts/
[=]SCRAPE SERVE[=]LINK(s) EXTRACTED: /radio/sponsorships/
[=]SCRAPE SERVE[=]ReqMETA: 200::GET
[=]SCRAPE SERVE[=]A[HREF]::Link request received at https://www.ancientfaith.com/podcasts/welcoming-gifts/
[=]SCRAPE SERVE[=]LINK(s) EXTRACTED: /radio/digital-m/
[=]SCRAPE SERVE[=]ReqMETA: 200::GET
[=]SCRAPE SERVE[=]A[HREF]::Link request received at https://www.ancientfaith.com/podcasts/welcoming-gifts/
[=]SCRAPE SERVE[=]LINK(s) EXTRACTED: /publishing/
[=]SCRAPE SERVE[=]ReqMETA: 200::GET
[=]SCRAPE SERVE[=]A[HREF]::Link request received at https://www.ancientfaith.com/podcasts/welcoming-gifts/
[=]SCRAPE SERVE[=]LINK(s) EXTRACTED: /topics/Ancient-Faith-Kids/
[=]SCRAPE SERVE[=]ReqMETA: 200::GET
[=]SCRAPE SERVE[=]A[HREF]::Link request received at https://www.ancientfaith.com/podcasts/welcoming-gifts/
[=]SCRAPE SERVE[=]LINK(s) EXTRACTED: /events/
[=]SCRAPE SERVE[=]ReqMETA: 200::GET
[=]SCRAPE SERVE[=]A[HREF]::Link request received at https://www.ancientfaith.com/podcasts/welcoming-gifts/
[=]SCRAPE SERVE[=]LINK(s) EXTRACTED: /support/
[=]SCRAPE SERVE[=]ReqMETA: 200::GET
[=]SCRAPE SERVE[=]A[HREF]::Link request received at https://www.ancientfaith.com/podcasts/welcoming-gifts/
[=]SCRAPE SERVE[=]LINK(s) EXTRACTED: /about/
[=]SCRAPE SERVE[=]ReqMETA: 200::GET
[=]SCRAPE SERVE[=]A[HREF]::Link request received at https://www.ancientfaith.com/podcasts/welcoming-gifts/
[=]SCRAPE SERVE[=]LINK(s) EXTRACTED: /ceo-journal/
[=]SCRAPE SERVE[=]ReqMETA: 200::GET
[=]SCRAPE SERVE[=]A[HREF]::Link request received at https://www.ancientfaith.com/podcasts/welcoming-gifts/
[=]SCRAPE SERVE[=]LINK(s) EXTRACTED: https://store.ancientfaith.com/
[=]SCRAPE SERVE[=]ReqMETA: 200::GET
[=]SCRAPE SERVE[=]A[HREF]::Link request received at https://www.ancientfaith.com/podcasts/welcoming-gifts/
[=]SCRAPE SERVE[=]LINK(s) EXTRACTED: /login/
[=]SCRAPE SERVE[=]ReqMETA: 200::GET
[=]SCRAPE SERVE[=]A[HREF]::Link request received at https://www.ancientfaith.com/podcasts/welcoming-gifts/
[=]SCRAPE SERVE[=]LINK(s) EXTRACTED: https://feeds.ancientfaith.com/welcoming-gifts
[=]SCRAPE SERVE[=]ReqMETA: 200::GET
[=]SCRAPE SERVE[=]A[HREF]::Link request received at https://www.ancientfaith.com/podcasts/welcoming-gifts/
[=]SCRAPE SERVE[=]LINK(s) EXTRACTED: https://web.charityengine.net/Default.aspx?tsid=31584
[=]SCRAPE SERVE[=]ReqMETA: 200::GET
[=]SCRAPE SERVE[=]A[HREF]::Link request received at https://www.ancientfaith.com/podcasts/welcoming-gifts/
[=]SCRAPE SERVE[=]LINK(s) EXTRACTED: /podcasts/welcoming-gifts/?page=2
[=]SCRAPE SERVE[=]ReqMETA: 200::GET
[=]SCRAPE SERVE[=]A[HREF]::Link request received at https://www.ancientfaith.com/podcasts/welcoming-gifts/
[=]SCRAPE SERVE[=]LINK(s) EXTRACTED: /podcasts/welcoming-gifts/?page=2
[=]SCRAPE SERVE[=]ReqMETA: 200::GET
[=]SCRAPE SERVE[=]A[HREF]::Link request received at https://www.ancientfaith.com/podcasts/welcoming-gifts/
[=]SCRAPE SERVE[=]LINK(s) EXTRACTED: /podcasts/welcoming-gifts/christ-as-lamb-offerer-and-high-priest/
[=]SCRAPE SERVE[=]ReqMETA: 200::GET
[=]SCRAPE SERVE[=]A[HREF]::Link request received at https://www.ancientfaith.com/podcasts/welcoming-gifts/
[=]SCRAPE SERVE[=]LINK(s) EXTRACTED: /podcasts/welcoming-gifts/the-elephants-in-the-room-abraham-isaac-and-the-need-for-christ/
[=]SCRAPE SERVE[=]ReqMETA: 200::GET
[=]SCRAPE SERVE[=]A[HREF]::Link request received at https://www.ancientfaith.com/podcasts/welcoming-gifts/
[=]SCRAPE SERVE[=]LINK(s) EXTRACTED: /podcasts/welcoming-gifts/blood-and-meat-a-butcher-reflects-on-leviticus-w-special-guest-phil-bray-author-of-leviticus-on-the/
[=]SCRAPE SERVE[=]ReqMETA: 200::GET
[=]SCRAPE SERVE[=]A[HREF]::Link request received at https://www.ancientfaith.com/podcasts/welcoming-gifts/
[=]SCRAPE SERVE[=]LINK(s) EXTRACTED: /podcasts/welcoming-gifts/the-hands-that-offer-the-old-testament-priestly-experience/
[=]SCRAPE SERVE[=]ReqMETA: 200::GET
[=]SCRAPE SERVE[=]A[HREF]::Link request received at https://www.ancientfaith.com/podcasts/welcoming-gifts/
[=]SCRAPE SERVE[=]LINK(s) EXTRACTED: /podcasts/welcoming-gifts/at-the-altars-edge-old-testament-sacrifice-through-the-eyes-of-the-people/
[=]SCRAPE SERVE[=]ReqMETA: 200::GET
[=]SCRAPE SERVE[=]A[HREF]::Link request received at https://www.ancientfaith.com/podcasts/welcoming-gifts/
[=]SCRAPE SERVE[=]LINK(s) EXTRACTED: /podcasts/welcoming-gifts/?page=2
[=]SCRAPE SERVE[=]ReqMETA: 200::GET
[=]SCRAPE SERVE[=]A[HREF]::Link request received at https://www.ancientfaith.com/podcasts/welcoming-gifts/
[=]SCRAPE SERVE[=]LINK(s) EXTRACTED: /podcasts/welcoming-gifts/?page=2
[=]SCRAPE SERVE[=]ReqMETA: 200::GET
[=]SCRAPE SERVE[=]A[HREF]::Link request received at https://www.ancientfaith.com/podcasts/welcoming-gifts/
[=]SCRAPE SERVE[=]LINK(s) EXTRACTED: /contributors/the-rt-rev-archimandrite-jeremy-davis/
[=]SCRAPE SERVE[=]ReqMETA: 200::GET
[=]SCRAPE SERVE[=]A[HREF]::Link request received at https://www.ancientfaith.com/podcasts/welcoming-gifts/
[=]SCRAPE SERVE[=]LINK(s) EXTRACTED: /contributors/greg-waters/
[=]SCRAPE SERVE[=]ReqMETA: 200::GET
[=]SCRAPE SERVE[=]A[HREF]::Link request received at https://www.ancientfaith.com/podcasts/welcoming-gifts/
[=]SCRAPE SERVE[=]LINK(s) EXTRACTED: mailto:welcominggifts@ancientfaith.com
[=]SCRAPE SERVE[=]ReqMETA: 200::GET
[=]SCRAPE SERVE[=]A[HREF]::Link request received at https://www.ancientfaith.com/podcasts/welcoming-gifts/
[=]SCRAPE SERVE[=]LINK(s) EXTRACTED: https://www.facebook.com/FrJeremyDavisBooks
[=]SCRAPE SERVE[=]ReqMETA: 200::GET
[=]SCRAPE SERVE[=]A[HREF]::Link request received at https://www.ancientfaith.com/podcasts/welcoming-gifts/
[=]SCRAPE SERVE[=]LINK(s) EXTRACTED: /workwithus/
[=]SCRAPE SERVE[=]ReqMETA: 200::GET
[=]SCRAPE SERVE[=]A[HREF]::Link request received at https://www.ancientfaith.com/podcasts/welcoming-gifts/
[=]SCRAPE SERVE[=]LINK(s) EXTRACTED: /about/
[=]SCRAPE SERVE[=]ReqMETA: 200::GET
[=]SCRAPE SERVE[=]A[HREF]::Link request received at https://www.ancientfaith.com/podcasts/welcoming-gifts/
[=]SCRAPE SERVE[=]LINK(s) EXTRACTED: /support/
[=]SCRAPE SERVE[=]ReqMETA: 200::GET
[=]SCRAPE SERVE[=]A[HREF]::Link request received at https://www.ancientfaith.com/podcasts/welcoming-gifts/
[=]SCRAPE SERVE[=]LINK(s) EXTRACTED: /about/
[=]SCRAPE SERVE[=]ReqMETA: 200::GET
[=]SCRAPE SERVE[=]A[HREF]::Link request received at https://www.ancientfaith.com/podcasts/welcoming-gifts/
[=]SCRAPE SERVE[=]LINK(s) EXTRACTED: https://store.ancientfaith.com
[=]SCRAPE SERVE[=]ReqMETA: 200::GET
[=]SCRAPE SERVE[=]A[HREF]::Link request received at https://www.ancientfaith.com/podcasts/welcoming-gifts/
[=]SCRAPE SERVE[=]LINK(s) EXTRACTED: https://www.facebook.com/ancientfaithministries
[=]SCRAPE SERVE[=]ReqMETA: 200::GET
[=]SCRAPE SERVE[=]A[HREF]::Link request received at https://www.ancientfaith.com/podcasts/welcoming-gifts/
[=]SCRAPE SERVE[=]LINK(s) EXTRACTED: https://www.youtube.com/@AncientFaithMinistries
[=]SCRAPE SERVE[=]ReqMETA: 200::GET
[=]SCRAPE SERVE[=]A[HREF]::Link request received at https://www.ancientfaith.com/podcasts/welcoming-gifts/
[=]SCRAPE SERVE[=]LINK(s) EXTRACTED: https://www.instagram.com/ancientfaithministries/
[=]SCRAPE SERVE[=]ReqMETA: 200::GET
[=]SCRAPE SERVE[=]A[HREF]::Link request received at https://www.ancientfaith.com/podcasts/welcoming-gifts/
[=]SCRAPE SERVE[=]LINK(s) EXTRACTED: https://www.tiktok.com/@ancientfaithministries
[=]SCRAPE SERVE[=]ReqMETA: 200::GET
[=]SCRAPE SERVE[=]A[HREF]::Link request received at https://www.ancientfaith.com/podcasts/welcoming-gifts/
[=]SCRAPE SERVE[=]LINK(s) EXTRACTED: /
[=]SCRAPE SERVE[=]ReqMETA: 200::GET
[=]SCRAPE SERVE[=]A[HREF]::Link request received at https://www.ancientfaith.com/podcasts/welcoming-gifts/
[=]SCRAPE SERVE[=]LINK(s) EXTRACTED: /topics/Ancient-Faith-Kids/
[=]SCRAPE SERVE[=]ReqMETA: 200::GET
[=]SCRAPE SERVE[=]A[HREF]::Link request received at https://www.ancientfaith.com/podcasts/welcoming-gifts/
[=]SCRAPE SERVE[=]LINK(s) EXTRACTED: https://www.facebook.com/ancientfaithkids
[=]SCRAPE SERVE[=]ReqMETA: 200::GET
[=]SCRAPE SERVE[=]A[HREF]::Link request received at https://www.ancientfaith.com/podcasts/welcoming-gifts/
[=]SCRAPE SERVE[=]LINK(s) EXTRACTED: https://www.youtube.com/@ancientfaith4kids
[=]SCRAPE SERVE[=]ReqMETA: 200::GET
[=]SCRAPE SERVE[=]A[HREF]::Link request received at https://www.ancientfaith.com/podcasts/welcoming-gifts/
[=]SCRAPE SERVE[=]LINK(s) EXTRACTED: https://www.instagram.com/ancientfaithkids/
[=]SCRAPE SERVE[=]ReqMETA: 200::GET
[=]SCRAPE SERVE[=]A[HREF]::Link request received at https://www.ancientfaith.com/podcasts/welcoming-gifts/
[=]SCRAPE SERVE[=]LINK(s) EXTRACTED: https://afm.kindful.com/?campaign=1193135
[=]SCRAPE SERVE[=]ReqMETA: 200::GET
[=]SCRAPE SERVE[=]A[HREF]::Link request received at https://www.ancientfaith.com/podcasts/welcoming-gifts/
[=]SCRAPE SERVE[=]LINK(s) EXTRACTED: 
[=]SCRAPE SERVE[=]ReqMETA: 200::GET
[=]SCRAPE SERVE[=]A[HREF]::Link request received at https://www.ancientfaith.com/podcasts/welcoming-gifts/
[=]SCRAPE SERVE[=]LINK(s) EXTRACTED: 
[=]SCRAPE SERVE[=]ReqMETA: 200::GET
[=]SCRAPE SERVE[=]A[HREF]::Link request received at https://www.ancientfaith.com/podcasts/welcoming-gifts/
[=]SCRAPE SERVE[=]LINK(s) EXTRACTED: 
[=]SCRAPE SERVE[=]ReqMETA: 200::GET
[=]SCRAPE SERVE[=]visiting https://www.ancientfaith.com/podcasts/wholecounsel/
[=]SCRAPE SERVE[=]response received 200
[=]SCRAPE SERVE[=]A[HREF]::Link request received at https://www.ancientfaith.com/podcasts/wholecounsel/
[=]SCRAPE SERVE[=]LINK(s) EXTRACTED: /
[=]SCRAPE SERVE[=]ReqMETA: 200::GET
[=]SCRAPE SERVE[=]A[HREF]::Link request received at https://www.ancientfaith.com/podcasts/wholecounsel/
[=]SCRAPE SERVE[=]LINK(s) EXTRACTED: /radio/
[=]SCRAPE SERVE[=]ReqMETA: 200::GET
[=]SCRAPE SERVE[=]A[HREF]::Link request received at https://www.ancientfaith.com/podcasts/wholecounsel/
[=]SCRAPE SERVE[=]LINK(s) EXTRACTED: /radio/live-shows/
[=]SCRAPE SERVE[=]ReqMETA: 200::GET
[=]SCRAPE SERVE[=]A[HREF]::Link request received at https://www.ancientfaith.com/podcasts/wholecounsel/
[=]SCRAPE SERVE[=]LINK(s) EXTRACTED: /podcasts/
[=]SCRAPE SERVE[=]ReqMETA: 200::GET
[=]SCRAPE SERVE[=]A[HREF]::Link request received at https://www.ancientfaith.com/podcasts/wholecounsel/
[=]SCRAPE SERVE[=]LINK(s) EXTRACTED: /radio/sponsorships/
[=]SCRAPE SERVE[=]ReqMETA: 200::GET
[=]SCRAPE SERVE[=]A[HREF]::Link request received at https://www.ancientfaith.com/podcasts/wholecounsel/
[=]SCRAPE SERVE[=]LINK(s) EXTRACTED: /radio/digital-m/
[=]SCRAPE SERVE[=]ReqMETA: 200::GET
[=]SCRAPE SERVE[=]A[HREF]::Link request received at https://www.ancientfaith.com/podcasts/wholecounsel/
[=]SCRAPE SERVE[=]LINK(s) EXTRACTED: /publishing/
[=]SCRAPE SERVE[=]ReqMETA: 200::GET
[=]SCRAPE SERVE[=]A[HREF]::Link request received at https://www.ancientfaith.com/podcasts/wholecounsel/
[=]SCRAPE SERVE[=]LINK(s) EXTRACTED: /topics/Ancient-Faith-Kids/
[=]SCRAPE SERVE[=]ReqMETA: 200::GET
[=]SCRAPE SERVE[=]A[HREF]::Link request received at https://www.ancientfaith.com/podcasts/wholecounsel/
[=]SCRAPE SERVE[=]LINK(s) EXTRACTED: /events/
[=]SCRAPE SERVE[=]ReqMETA: 200::GET
[=]SCRAPE SERVE[=]A[HREF]::Link request received at https://www.ancientfaith.com/podcasts/wholecounsel/
[=]SCRAPE SERVE[=]LINK(s) EXTRACTED: /support/
[=]SCRAPE SERVE[=]ReqMETA: 200::GET
[=]SCRAPE SERVE[=]A[HREF]::Link request received at https://www.ancientfaith.com/podcasts/wholecounsel/
[=]SCRAPE SERVE[=]LINK(s) EXTRACTED: /about/
[=]SCRAPE SERVE[=]ReqMETA: 200::GET
[=]SCRAPE SERVE[=]A[HREF]::Link request received at https://www.ancientfaith.com/podcasts/wholecounsel/
[=]SCRAPE SERVE[=]LINK(s) EXTRACTED: /ceo-journal/
[=]SCRAPE SERVE[=]ReqMETA: 200::GET
[=]SCRAPE SERVE[=]A[HREF]::Link request received at https://www.ancientfaith.com/podcasts/wholecounsel/
[=]SCRAPE SERVE[=]LINK(s) EXTRACTED: https://store.ancientfaith.com/
[=]SCRAPE SERVE[=]ReqMETA: 200::GET
[=]SCRAPE SERVE[=]A[HREF]::Link request received at https://www.ancientfaith.com/podcasts/wholecounsel/
[=]SCRAPE SERVE[=]LINK(s) EXTRACTED: /login/
[=]SCRAPE SERVE[=]ReqMETA: 200::GET
[=]SCRAPE SERVE[=]A[HREF]::Link request received at https://www.ancientfaith.com/podcasts/wholecounsel/
[=]SCRAPE SERVE[=]LINK(s) EXTRACTED: /radio/
[=]SCRAPE SERVE[=]ReqMETA: 200::GET
[=]SCRAPE SERVE[=]A[HREF]::Link request received at https://www.ancientfaith.com/podcasts/wholecounsel/
[=]SCRAPE SERVE[=]LINK(s) EXTRACTED: /radio/live-shows/
[=]SCRAPE SERVE[=]ReqMETA: 200::GET
[=]SCRAPE SERVE[=]A[HREF]::Link request received at https://www.ancientfaith.com/podcasts/wholecounsel/
[=]SCRAPE SERVE[=]LINK(s) EXTRACTED: /podcasts/
[=]SCRAPE SERVE[=]ReqMETA: 200::GET
[=]SCRAPE SERVE[=]A[HREF]::Link request received at https://www.ancientfaith.com/podcasts/wholecounsel/
[=]SCRAPE SERVE[=]LINK(s) EXTRACTED: /radio/sponsorships/
[=]SCRAPE SERVE[=]ReqMETA: 200::GET
[=]SCRAPE SERVE[=]A[HREF]::Link request received at https://www.ancientfaith.com/podcasts/wholecounsel/
[=]SCRAPE SERVE[=]LINK(s) EXTRACTED: /radio/digital-m/
[=]SCRAPE SERVE[=]ReqMETA: 200::GET
[=]SCRAPE SERVE[=]A[HREF]::Link request received at https://www.ancientfaith.com/podcasts/wholecounsel/
[=]SCRAPE SERVE[=]LINK(s) EXTRACTED: /publishing/
[=]SCRAPE SERVE[=]ReqMETA: 200::GET
[=]SCRAPE SERVE[=]A[HREF]::Link request received at https://www.ancientfaith.com/podcasts/wholecounsel/
[=]SCRAPE SERVE[=]LINK(s) EXTRACTED: /topics/Ancient-Faith-Kids/
[=]SCRAPE SERVE[=]ReqMETA: 200::GET
[=]SCRAPE SERVE[=]A[HREF]::Link request received at https://www.ancientfaith.com/podcasts/wholecounsel/
[=]SCRAPE SERVE[=]LINK(s) EXTRACTED: /events/
[=]SCRAPE SERVE[=]ReqMETA: 200::GET
[=]SCRAPE SERVE[=]A[HREF]::Link request received at https://www.ancientfaith.com/podcasts/wholecounsel/
[=]SCRAPE SERVE[=]LINK(s) EXTRACTED: /support/
[=]SCRAPE SERVE[=]ReqMETA: 200::GET
[=]SCRAPE SERVE[=]A[HREF]::Link request received at https://www.ancientfaith.com/podcasts/wholecounsel/
[=]SCRAPE SERVE[=]LINK(s) EXTRACTED: /about/
[=]SCRAPE SERVE[=]ReqMETA: 200::GET
[=]SCRAPE SERVE[=]A[HREF]::Link request received at https://www.ancientfaith.com/podcasts/wholecounsel/
[=]SCRAPE SERVE[=]LINK(s) EXTRACTED: /ceo-journal/
[=]SCRAPE SERVE[=]ReqMETA: 200::GET
[=]SCRAPE SERVE[=]A[HREF]::Link request received at https://www.ancientfaith.com/podcasts/wholecounsel/
[=]SCRAPE SERVE[=]LINK(s) EXTRACTED: https://store.ancientfaith.com/
[=]SCRAPE SERVE[=]ReqMETA: 200::GET
[=]SCRAPE SERVE[=]A[HREF]::Link request received at https://www.ancientfaith.com/podcasts/wholecounsel/
[=]SCRAPE SERVE[=]LINK(s) EXTRACTED: /login/
[=]SCRAPE SERVE[=]ReqMETA: 200::GET
[=]SCRAPE SERVE[=]A[HREF]::Link request received at https://www.ancientfaith.com/podcasts/wholecounsel/
[=]SCRAPE SERVE[=]LINK(s) EXTRACTED: https://feeds.ancientfaith.com/wholecounsel
[=]SCRAPE SERVE[=]ReqMETA: 200::GET
[=]SCRAPE SERVE[=]A[HREF]::Link request received at https://www.ancientfaith.com/podcasts/wholecounsel/
[=]SCRAPE SERVE[=]LINK(s) EXTRACTED: https://podcasts.apple.com/us/podcast/id1193439458
[=]SCRAPE SERVE[=]ReqMETA: 200::GET
[=]SCRAPE SERVE[=]A[HREF]::Link request received at https://www.ancientfaith.com/podcasts/wholecounsel/
[=]SCRAPE SERVE[=]LINK(s) EXTRACTED: https://web.charityengine.net/Default.aspx?tsid=31584
[=]SCRAPE SERVE[=]ReqMETA: 200::GET
[=]SCRAPE SERVE[=]A[HREF]::Link request received at https://www.ancientfaith.com/podcasts/wholecounsel/
[=]SCRAPE SERVE[=]LINK(s) EXTRACTED: /podcasts/wholecounsel/?page=2
[=]SCRAPE SERVE[=]ReqMETA: 200::GET
[=]SCRAPE SERVE[=]A[HREF]::Link request received at https://www.ancientfaith.com/podcasts/wholecounsel/
[=]SCRAPE SERVE[=]LINK(s) EXTRACTED: /podcasts/wholecounsel/?page=97
[=]SCRAPE SERVE[=]ReqMETA: 200::GET
[=]SCRAPE SERVE[=]A[HREF]::Link request received at https://www.ancientfaith.com/podcasts/wholecounsel/
[=]SCRAPE SERVE[=]LINK(s) EXTRACTED: /podcasts/wholecounsel/numbers-13/
[=]SCRAPE SERVE[=]ReqMETA: 200::GET
[=]SCRAPE SERVE[=]A[HREF]::Link request received at https://www.ancientfaith.com/podcasts/wholecounsel/
[=]SCRAPE SERVE[=]LINK(s) EXTRACTED: /podcasts/wholecounsel/numbers-12/
[=]SCRAPE SERVE[=]ReqMETA: 200::GET
[=]SCRAPE SERVE[=]A[HREF]::Link request received at https://www.ancientfaith.com/podcasts/wholecounsel/
[=]SCRAPE SERVE[=]LINK(s) EXTRACTED: /podcasts/wholecounsel/numbers-11/
[=]SCRAPE SERVE[=]ReqMETA: 200::GET
[=]SCRAPE SERVE[=]A[HREF]::Link request received at https://www.ancientfaith.com/podcasts/wholecounsel/
[=]SCRAPE SERVE[=]LINK(s) EXTRACTED: /podcasts/wholecounsel/numbers-10/
[=]SCRAPE SERVE[=]ReqMETA: 200::GET
[=]SCRAPE SERVE[=]A[HREF]::Link request received at https://www.ancientfaith.com/podcasts/wholecounsel/
[=]SCRAPE SERVE[=]LINK(s) EXTRACTED: /podcasts/wholecounsel/numbers-9/
[=]SCRAPE SERVE[=]ReqMETA: 200::GET
[=]SCRAPE SERVE[=]A[HREF]::Link request received at https://www.ancientfaith.com/podcasts/wholecounsel/
[=]SCRAPE SERVE[=]LINK(s) EXTRACTED: /podcasts/wholecounsel/?page=2
[=]SCRAPE SERVE[=]ReqMETA: 200::GET
[=]SCRAPE SERVE[=]A[HREF]::Link request received at https://www.ancientfaith.com/podcasts/wholecounsel/
[=]SCRAPE SERVE[=]LINK(s) EXTRACTED: /podcasts/wholecounsel/?page=97
[=]SCRAPE SERVE[=]ReqMETA: 200::GET
[=]SCRAPE SERVE[=]A[HREF]::Link request received at https://www.ancientfaith.com/podcasts/wholecounsel/
[=]SCRAPE SERVE[=]LINK(s) EXTRACTED: /contributors/stephen_deyoung/
[=]SCRAPE SERVE[=]ReqMETA: 200::GET
[=]SCRAPE SERVE[=]A[HREF]::Link request received at https://www.ancientfaith.com/podcasts/wholecounsel/
[=]SCRAPE SERVE[=]LINK(s) EXTRACTED: mailto:wholecounsel@ancientfaith.com
[=]SCRAPE SERVE[=]ReqMETA: 200::GET
[=]SCRAPE SERVE[=]A[HREF]::Link request received at https://www.ancientfaith.com/podcasts/wholecounsel/
[=]SCRAPE SERVE[=]LINK(s) EXTRACTED: /podcasts/lordofspirits/
[=]SCRAPE SERVE[=]ReqMETA: 200::GET
[=]SCRAPE SERVE[=]A[HREF]::Link request received at https://www.ancientfaith.com/podcasts/wholecounsel/
[=]SCRAPE SERVE[=]LINK(s) EXTRACTED: https://store.ancientfaith.com/apocrypha-an-introduction-to-extra-biblical-literature/
[=]SCRAPE SERVE[=]ReqMETA: 200::GET
[=]SCRAPE SERVE[=]A[HREF]::Link request received at https://www.ancientfaith.com/podcasts/wholecounsel/
[=]SCRAPE SERVE[=]LINK(s) EXTRACTED: https://store.ancientfaith.com/the-whole-counsel-of-god/
[=]SCRAPE SERVE[=]ReqMETA: 200::GET
[=]SCRAPE SERVE[=]A[HREF]::Link request received at https://www.ancientfaith.com/podcasts/wholecounsel/
[=]SCRAPE SERVE[=]LINK(s) EXTRACTED: https://store.ancientfaith.com/the-religion-of-the-apostles/
[=]SCRAPE SERVE[=]ReqMETA: 200::GET
[=]SCRAPE SERVE[=]A[HREF]::Link request received at https://www.ancientfaith.com/podcasts/wholecounsel/
[=]SCRAPE SERVE[=]LINK(s) EXTRACTED: https://store.ancientfaith.com/god-is-a-man-of-war-the-problem-of-violence-in-the-old-testament/
[=]SCRAPE SERVE[=]ReqMETA: 200::GET
[=]SCRAPE SERVE[=]A[HREF]::Link request received at https://www.ancientfaith.com/podcasts/wholecounsel/
[=]SCRAPE SERVE[=]LINK(s) EXTRACTED: /workwithus/
[=]SCRAPE SERVE[=]ReqMETA: 200::GET
[=]SCRAPE SERVE[=]A[HREF]::Link request received at https://www.ancientfaith.com/podcasts/wholecounsel/
[=]SCRAPE SERVE[=]LINK(s) EXTRACTED: /about/
[=]SCRAPE SERVE[=]ReqMETA: 200::GET
[=]SCRAPE SERVE[=]A[HREF]::Link request received at https://www.ancientfaith.com/podcasts/wholecounsel/
[=]SCRAPE SERVE[=]LINK(s) EXTRACTED: /support/
[=]SCRAPE SERVE[=]ReqMETA: 200::GET
[=]SCRAPE SERVE[=]A[HREF]::Link request received at https://www.ancientfaith.com/podcasts/wholecounsel/
[=]SCRAPE SERVE[=]LINK(s) EXTRACTED: /about/
[=]SCRAPE SERVE[=]ReqMETA: 200::GET
[=]SCRAPE SERVE[=]A[HREF]::Link request received at https://www.ancientfaith.com/podcasts/wholecounsel/
[=]SCRAPE SERVE[=]LINK(s) EXTRACTED: https://store.ancientfaith.com
[=]SCRAPE SERVE[=]ReqMETA: 200::GET
[=]SCRAPE SERVE[=]A[HREF]::Link request received at https://www.ancientfaith.com/podcasts/wholecounsel/
[=]SCRAPE SERVE[=]LINK(s) EXTRACTED: https://www.facebook.com/ancientfaithministries
[=]SCRAPE SERVE[=]ReqMETA: 200::GET
[=]SCRAPE SERVE[=]A[HREF]::Link request received at https://www.ancientfaith.com/podcasts/wholecounsel/
[=]SCRAPE SERVE[=]LINK(s) EXTRACTED: https://www.youtube.com/@AncientFaithMinistries
[=]SCRAPE SERVE[=]ReqMETA: 200::GET
[=]SCRAPE SERVE[=]A[HREF]::Link request received at https://www.ancientfaith.com/podcasts/wholecounsel/
[=]SCRAPE SERVE[=]LINK(s) EXTRACTED: https://www.instagram.com/ancientfaithministries/
[=]SCRAPE SERVE[=]ReqMETA: 200::GET
[=]SCRAPE SERVE[=]A[HREF]::Link request received at https://www.ancientfaith.com/podcasts/wholecounsel/
[=]SCRAPE SERVE[=]LINK(s) EXTRACTED: https://www.tiktok.com/@ancientfaithministries
[=]SCRAPE SERVE[=]ReqMETA: 200::GET
[=]SCRAPE SERVE[=]A[HREF]::Link request received at https://www.ancientfaith.com/podcasts/wholecounsel/
[=]SCRAPE SERVE[=]LINK(s) EXTRACTED: /
[=]SCRAPE SERVE[=]ReqMETA: 200::GET
[=]SCRAPE SERVE[=]A[HREF]::Link request received at https://www.ancientfaith.com/podcasts/wholecounsel/
[=]SCRAPE SERVE[=]LINK(s) EXTRACTED: /topics/Ancient-Faith-Kids/
[=]SCRAPE SERVE[=]ReqMETA: 200::GET
[=]SCRAPE SERVE[=]A[HREF]::Link request received at https://www.ancientfaith.com/podcasts/wholecounsel/
[=]SCRAPE SERVE[=]LINK(s) EXTRACTED: https://www.facebook.com/ancientfaithkids
[=]SCRAPE SERVE[=]ReqMETA: 200::GET
[=]SCRAPE SERVE[=]A[HREF]::Link request received at https://www.ancientfaith.com/podcasts/wholecounsel/
[=]SCRAPE SERVE[=]LINK(s) EXTRACTED: https://www.youtube.com/@ancientfaith4kids
[=]SCRAPE SERVE[=]ReqMETA: 200::GET
[=]SCRAPE SERVE[=]A[HREF]::Link request received at https://www.ancientfaith.com/podcasts/wholecounsel/
[=]SCRAPE SERVE[=]LINK(s) EXTRACTED: https://www.instagram.com/ancientfaithkids/
[=]SCRAPE SERVE[=]ReqMETA: 200::GET
[=]SCRAPE SERVE[=]A[HREF]::Link request received at https://www.ancientfaith.com/podcasts/wholecounsel/
[=]SCRAPE SERVE[=]LINK(s) EXTRACTED: https://afm.kindful.com/?campaign=1193135
[=]SCRAPE SERVE[=]ReqMETA: 200::GET
[=]SCRAPE SERVE[=]A[HREF]::Link request received at https://www.ancientfaith.com/podcasts/wholecounsel/
[=]SCRAPE SERVE[=]LINK(s) EXTRACTED: 
[=]SCRAPE SERVE[=]ReqMETA: 200::GET
[=]SCRAPE SERVE[=]A[HREF]::Link request received at https://www.ancientfaith.com/podcasts/wholecounsel/
[=]SCRAPE SERVE[=]LINK(s) EXTRACTED: 
[=]SCRAPE SERVE[=]ReqMETA: 200::GET
[=]SCRAPE SERVE[=]A[HREF]::Link request received at https://www.ancientfaith.com/podcasts/wholecounsel/
[=]SCRAPE SERVE[=]LINK(s) EXTRACTED: 
[=]SCRAPE SERVE[=]ReqMETA: 200::GET
[=]SCRAPE SERVE[=]SCRAPE BEGIN: 2026-03-26 22:27:40.113973753 -0500 CDT
[=]SCRAPE SERVE[=]Starting NEW SESSION ( 45a88bc2-1c6c-47db-a1ad-0011d8a98cf7 )- CACHE, enabled (YES)::Duration(24 Hours)
[=]SCRAPE SERVE[=]::SCRAPE SERVE:: => listening for [/links], [/text], [/table], [/md-convert] on :7171
[=]SCRAPE SERVE[=]SCRAPE BEGIN: 2026-03-27 10:08:33.42379962 -0500 CDT
[=]SCRAPE SERVE[=]Starting NEW SESSION ( 968f8996-9534-4374-99c9-df4d4e2c1525 )- CACHE, enabled (YES)::Duration(24 Hours)
[=]SCRAPE SERVE[=]::SCRAPE SERVE:: => listening for [/links], [/text], [/table], [/md-convert] on :7171
[=]SCRAPE SERVE[=]SCRAPE BEGIN: 2026-03-29 11:27:40.758895765 -0500 CDT
[=]SCRAPE SERVE[=]Starting NEW SESSION ( e96f8e63-7c00-4f10-bfd1-662ef860f244 )- CACHE, enabled (YES)::Duration(24 Hours)
[=]SCRAPE SERVE[=]::SCRAPE SERVE:: => listening for [/links], [/text], [/table], [/md-convert] on :7171
[=]SCRAPE SERVE[=]missing URL argument
[=]SCRAPE SERVE[=]http GET error: Get "missing%20URL%20argument": unsupported protocol scheme ""
[=]SCRAPE SERVE[=]missing URL argument
[=]SCRAPE SERVE[=]http GET error: Get "missing%20URL%20argument": unsupported protocol scheme ""
[=]SCRAPE SERVE[=]missing URL argument
[=]SCRAPE SERVE[=]http GET error: Get "missing%20URL%20argument": unsupported protocol scheme ""
[=]SCRAPE SERVE[=]missing URL argument
[=]SCRAPE SERVE[=]http GET error: Get "missing%20URL%20argument": unsupported protocol scheme ""
[=]SCRAPE SERVE[=]missing URL argument
[=]SCRAPE SERVE[=]http GET error: Get "missing%20URL%20argument": unsupported protocol scheme ""
[=]SCRAPE SERVE[=]visiting https://www.oca.org/readings/daily/2026/03/29/1
[=]SCRAPE SERVE[=]MARKDOWN ReqMETA (url: https://www.oca.org/readings/daily/2026/03/29/1): 200::POST
[=]SCRAPE SERVE[=]MARKDOWN FILE SAVED to disk: ocaorgreadingsdaily202603291
[=]SCRAPE SERVE[=]visiting https://www.oca.org/readings/daily/2026/03/29/2
[=]SCRAPE SERVE[=]MARKDOWN ReqMETA (url: https://www.oca.org/readings/daily/2026/03/29/2): 200::POST
[=]SCRAPE SERVE[=]MARKDOWN FILE SAVED to disk: ocaorgreadingsdaily202603292
[=]SCRAPE SERVE[=]visiting https://www.oca.org/readings/daily/2026/03/29/3
[=]SCRAPE SERVE[=]MARKDOWN ReqMETA (url: https://www.oca.org/readings/daily/2026/03/29/3): 200::POST
[=]SCRAPE SERVE[=]MARKDOWN FILE SAVED to disk: ocaorgreadingsdaily202603293
[=]SCRAPE SERVE[=]visiting https://www.oca.org/readings/daily/2026/03/29/4
[=]SCRAPE SERVE[=]MARKDOWN ReqMETA (url: https://www.oca.org/readings/daily/2026/03/29/4): 200::POST
[=]SCRAPE SERVE[=]MARKDOWN FILE SAVED to disk: ocaorgreadingsdaily202603294
[=]SCRAPE SERVE[=]visiting https://www.oca.org/readings/daily/2026/03/29/5
[=]SCRAPE SERVE[=]MARKDOWN ReqMETA (url: https://www.oca.org/readings/daily/2026/03/29/5): 200::POST
[=]SCRAPE SERVE[=]MARKDOWN FILE SAVED to disk: ocaorgreadingsdaily202603295
[=]SCRAPE SERVE[=]visiting https://www.oca.org/readings/monthly/2024/6
[=]SCRAPE SERVE[=]response received 200
[=]SCRAPE SERVE[=]TR::TEXT request received at https://www.oca.org/readings/monthly/2024/6
[=]SCRAPE SERVE[=]TEXT EXTRACTED: 
6/1
  Acts 12:1-11
  John 8:31-42
  
[=]SCRAPE SERVE[=]ReqMETA: 200::GET
[=]SCRAPE SERVE[=]TR::TEXT request received at https://www.oca.org/readings/monthly/2024/6
[=]SCRAPE SERVE[=]TEXT EXTRACTED: 
6/2
  Acts 11:19-26, 29-30
  John 4:5-42
  
[=]SCRAPE SERVE[=]ReqMETA: 200::GET
[=]SCRAPE SERVE[=]TR::TEXT request received at https://www.oca.org/readings/monthly/2024/6
[=]SCRAPE SERVE[=]TEXT EXTRACTED: 
6/3
  Acts 12:12-17
  John 8:42-51
  
[=]SCRAPE SERVE[=]ReqMETA: 200::GET
[=]SCRAPE SERVE[=]TR::TEXT request received at https://www.oca.org/readings/monthly/2024/6
[=]SCRAPE SERVE[=]TEXT EXTRACTED: 
6/4
  Acts 12:25-13:12
  John 8:51-59
  
[=]SCRAPE SERVE[=]ReqMETA: 200::GET
[=]SCRAPE SERVE[=]TR::TEXT request received at https://www.oca.org/readings/monthly/2024/6
[=]SCRAPE SERVE[=]TEXT EXTRACTED: 
6/5
  Acts 13:13-24
  John 6:5-14
  
[=]SCRAPE SERVE[=]ReqMETA: 200::GET
[=]SCRAPE SERVE[=]TR::TEXT request received at https://www.oca.org/readings/monthly/2024/6
[=]SCRAPE SERVE[=]TEXT EXTRACTED: 
6/6
  Acts 14:20-27
  John 9:39-10:9
  
[=]SCRAPE SERVE[=]ReqMETA: 200::GET
[=]SCRAPE SERVE[=]TR::TEXT request received at https://www.oca.org/readings/monthly/2024/6
[=]SCRAPE SERVE[=]TEXT EXTRACTED: 
6/7
  Acts 15:5-34
  John 10:17-28
  
[=]SCRAPE SERVE[=]ReqMETA: 200::GET
[=]SCRAPE SERVE[=]TR::TEXT request received at https://www.oca.org/readings/monthly/2024/6
[=]SCRAPE SERVE[=]TEXT EXTRACTED: 
6/8
  Acts 15:35-41
  John 10:27-38
  
[=]SCRAPE SERVE[=]ReqMETA: 200::GET
[=]SCRAPE SERVE[=]TR::TEXT request received at https://www.oca.org/readings/monthly/2024/6
[=]SCRAPE SERVE[=]TEXT EXTRACTED: 
6/9
  Acts 16:16-34
  John 9:1-38
  
[=]SCRAPE SERVE[=]ReqMETA: 200::GET
[=]SCRAPE SERVE[=]TR::TEXT request received at https://www.oca.org/readings/monthly/2024/6
[=]SCRAPE SERVE[=]TEXT EXTRACTED: 
6/10
  Acts 17:1-15
  John 11:47-57
  
[=]SCRAPE SERVE[=]ReqMETA: 200::GET
[=]SCRAPE SERVE[=]TR::TEXT request received at https://www.oca.org/readings/monthly/2024/6
[=]SCRAPE SERVE[=]TEXT EXTRACTED: 
6/11
  Acts 11:19-26, 29-30
  Luke 10:16-21
  (Apostles)
[=]SCRAPE SERVE[=]ReqMETA: 200::GET
[=]SCRAPE SERVE[=]TR::TEXT request received at https://www.oca.org/readings/monthly/2024/6
[=]SCRAPE SERVE[=]TEXT EXTRACTED: 
6/11
  Acts 17:19-28
  John 12:19-36
  
[=]SCRAPE SERVE[=]ReqMETA: 200::GET
[=]SCRAPE SERVE[=]TR::TEXT request received at https://www.oca.org/readings/monthly/2024/6
[=]SCRAPE SERVE[=]TEXT EXTRACTED: 
6/12
  Acts 18:22-28
  John 12:36-47
  
[=]SCRAPE SERVE[=]ReqMETA: 200::GET
[=]SCRAPE SERVE[=]TR::TEXT request received at https://www.oca.org/readings/monthly/2024/6
[=]SCRAPE SERVE[=]TEXT EXTRACTED: 
6/13
  Acts 1:1-12
  Luke 24:36-53
  
[=]SCRAPE SERVE[=]ReqMETA: 200::GET
[=]SCRAPE SERVE[=]TR::TEXT request received at https://www.oca.org/readings/monthly/2024/6
[=]SCRAPE SERVE[=]TEXT EXTRACTED: 
6/14
  Acts 19:1-8
  John 14:1-11
  
[=]SCRAPE SERVE[=]ReqMETA: 200::GET
[=]SCRAPE SERVE[=]TR::TEXT request received at https://www.oca.org/readings/monthly/2024/6
[=]SCRAPE SERVE[=]TEXT EXTRACTED: 
6/15
  Acts 20:7-12
  John 14:10-21
  
[=]SCRAPE SERVE[=]ReqMETA: 200::GET
[=]SCRAPE SERVE[=]TR::TEXT request received at https://www.oca.org/readings/monthly/2024/6
[=]SCRAPE SERVE[=]TEXT EXTRACTED: 
6/16
  Acts 20:16-18, 28-36
  John 17:1-13
  
[=]SCRAPE SERVE[=]ReqMETA: 200::GET
[=]SCRAPE SERVE[=]TR::TEXT request received at https://www.oca.org/readings/monthly/2024/6
[=]SCRAPE SERVE[=]TEXT EXTRACTED: 
6/17
  Acts 21:8-14
  John 14:27-15:7
  
[=]SCRAPE SERVE[=]ReqMETA: 200::GET
[=]SCRAPE SERVE[=]TR::TEXT request received at https://www.oca.org/readings/monthly/2024/6
[=]SCRAPE SERVE[=]TEXT EXTRACTED: 
6/18
  Acts 21:26-32
  John 16:2-13
  
[=]SCRAPE SERVE[=]ReqMETA: 200::GET
[=]SCRAPE SERVE[=]TR::TEXT request received at https://www.oca.org/readings/monthly/2024/6
[=]SCRAPE SERVE[=]TEXT EXTRACTED: 
6/19
  Jude 1-10
  John 14:21-24
  (Apostle)
[=]SCRAPE SERVE[=]ReqMETA: 200::GET
[=]SCRAPE SERVE[=]TR::TEXT request received at https://www.oca.org/readings/monthly/2024/6
[=]SCRAPE SERVE[=]TEXT EXTRACTED: 
6/19
  Acts 23:1-11
  John 16:15-23
  
[=]SCRAPE SERVE[=]ReqMETA: 200::GET
[=]SCRAPE SERVE[=]TR::TEXT request received at https://www.oca.org/readings/monthly/2024/6
[=]SCRAPE SERVE[=]TEXT EXTRACTED: 
6/20
  Acts 25:13-19
  John 16:23-33
  
[=]SCRAPE SERVE[=]ReqMETA: 200::GET
[=]SCRAPE SERVE[=]TR::TEXT request received at https://www.oca.org/readings/monthly/2024/6
[=]SCRAPE SERVE[=]TEXT EXTRACTED: 
6/21
  Acts 27:1-44
  John 17:18-26
  
[=]SCRAPE SERVE[=]ReqMETA: 200::GET
[=]SCRAPE SERVE[=]TR::TEXT request received at https://www.oca.org/readings/monthly/2024/6
[=]SCRAPE SERVE[=]TEXT EXTRACTED: 
6/22
  1 Thessalonians 4:13-17
  John 5:24-30
  (Departed)
[=]SCRAPE SERVE[=]ReqMETA: 200::GET
[=]SCRAPE SERVE[=]TR::TEXT request received at https://www.oca.org/readings/monthly/2024/6
[=]SCRAPE SERVE[=]TEXT EXTRACTED: 
6/22
  1 Corinthians 15:47-57
  John 6:35-39
  (Departed, variant)
[=]SCRAPE SERVE[=]ReqMETA: 200::GET
[=]SCRAPE SERVE[=]TR::TEXT request received at https://www.oca.org/readings/monthly/2024/6
[=]SCRAPE SERVE[=]TEXT EXTRACTED: 
6/22
  Acts 28:1-31
  John 21:15-25
  
[=]SCRAPE SERVE[=]ReqMETA: 200::GET
[=]SCRAPE SERVE[=]TR::TEXT request received at https://www.oca.org/readings/monthly/2024/6
[=]SCRAPE SERVE[=]TEXT EXTRACTED: 
6/23
  Acts 2:1-11
  John 7:37-52, 8:12
  
[=]SCRAPE SERVE[=]ReqMETA: 200::GET
[=]SCRAPE SERVE[=]TR::TEXT request received at https://www.oca.org/readings/monthly/2024/6
[=]SCRAPE SERVE[=]TEXT EXTRACTED: 
6/24
  Romans 13:11-14:4
  Luke 1:1-25, 57-68, 76, 80
  (Forerunner)
[=]SCRAPE SERVE[=]ReqMETA: 200::GET
[=]SCRAPE SERVE[=]TR::TEXT request received at https://www.oca.org/readings/monthly/2024/6
[=]SCRAPE SERVE[=]TEXT EXTRACTED: 
6/24
  Ephesians 5:9-19
  Matthew 18:10-20
  
[=]SCRAPE SERVE[=]ReqMETA: 200::GET
[=]SCRAPE SERVE[=]TR::TEXT request received at https://www.oca.org/readings/monthly/2024/6
[=]SCRAPE SERVE[=]TEXT EXTRACTED: 
6/25
  Romans 1:1-7, 13-17
  Matthew 4:25-5:13
  
[=]SCRAPE SERVE[=]ReqMETA: 200::GET
[=]SCRAPE SERVE[=]TR::TEXT request received at https://www.oca.org/readings/monthly/2024/6
[=]SCRAPE SERVE[=]TEXT EXTRACTED: 
6/26
  Romans 1:18-27
  Matthew 5:20-26
  
[=]SCRAPE SERVE[=]ReqMETA: 200::GET
[=]SCRAPE SERVE[=]TR::TEXT request received at https://www.oca.org/readings/monthly/2024/6
[=]SCRAPE SERVE[=]TEXT EXTRACTED: 
6/27
  Romans 1:28-2:9
  Matthew 5:27-32
  
[=]SCRAPE SERVE[=]ReqMETA: 200::GET
[=]SCRAPE SERVE[=]TR::TEXT request received at https://www.oca.org/readings/monthly/2024/6
[=]SCRAPE SERVE[=]TEXT EXTRACTED: 
6/28
  Romans 2:14-29
  Matthew 5:33-41
  
[=]SCRAPE SERVE[=]ReqMETA: 200::GET
[=]SCRAPE SERVE[=]TR::TEXT request received at https://www.oca.org/readings/monthly/2024/6
[=]SCRAPE SERVE[=]TEXT EXTRACTED: 
6/29
  2 Corinthians 11:21-12:9
  Matthew 16:13-19
  (Apostles)
[=]SCRAPE SERVE[=]ReqMETA: 200::GET
[=]SCRAPE SERVE[=]TR::TEXT request received at https://www.oca.org/readings/monthly/2024/6
[=]SCRAPE SERVE[=]TEXT EXTRACTED: 
6/29
  Romans 1:7-12
  Matthew 5:42-48
  
[=]SCRAPE SERVE[=]ReqMETA: 200::GET
[=]SCRAPE SERVE[=]TR::TEXT request received at https://www.oca.org/readings/monthly/2024/6
[=]SCRAPE SERVE[=]TEXT EXTRACTED: 
6/30
  1 Corinthians 4:9-16
  Mark 3:13-19
  (Apostles)
[=]SCRAPE SERVE[=]ReqMETA: 200::GET
[=]SCRAPE SERVE[=]TR::TEXT request received at https://www.oca.org/readings/monthly/2024/6
[=]SCRAPE SERVE[=]TEXT EXTRACTED: 
6/30
  Hebrews 11:33-12:2
  Matthew 10:32-33, 37-38, 19:27-30
  
[=]SCRAPE SERVE[=]ReqMETA: 200::GET
[=]SCRAPE SERVE[=]visiting https://www.oca.org/readings/monthly/2024/6
[=]SCRAPE SERVE[=]response received 200
[=]SCRAPE SERVE[=]TR::TEXT request received at https://www.oca.org/readings/monthly/2024/6
[=]SCRAPE SERVE[=]TEXT EXTRACTED: 
6/1
  Acts 12:1-11
  John 8:31-42
  
[=]SCRAPE SERVE[=]ReqMETA: 200::GET
[=]SCRAPE SERVE[=]TR::TEXT request received at https://www.oca.org/readings/monthly/2024/6
[=]SCRAPE SERVE[=]TEXT EXTRACTED: 
6/2
  Acts 11:19-26, 29-30
  John 4:5-42
  
[=]SCRAPE SERVE[=]ReqMETA: 200::GET
[=]SCRAPE SERVE[=]TR::TEXT request received at https://www.oca.org/readings/monthly/2024/6
[=]SCRAPE SERVE[=]TEXT EXTRACTED: 
6/3
  Acts 12:12-17
  John 8:42-51
  
[=]SCRAPE SERVE[=]ReqMETA: 200::GET
[=]SCRAPE SERVE[=]TR::TEXT request received at https://www.oca.org/readings/monthly/2024/6
[=]SCRAPE SERVE[=]TEXT EXTRACTED: 
6/4
  Acts 12:25-13:12
  John 8:51-59
  
[=]SCRAPE SERVE[=]ReqMETA: 200::GET
[=]SCRAPE SERVE[=]TR::TEXT request received at https://www.oca.org/readings/monthly/2024/6
[=]SCRAPE SERVE[=]TEXT EXTRACTED: 
6/5
  Acts 13:13-24
  John 6:5-14
  
[=]SCRAPE SERVE[=]ReqMETA: 200::GET
[=]SCRAPE SERVE[=]TR::TEXT request received at https://www.oca.org/readings/monthly/2024/6
[=]SCRAPE SERVE[=]TEXT EXTRACTED: 
6/6
  Acts 14:20-27
  John 9:39-10:9
  
[=]SCRAPE SERVE[=]ReqMETA: 200::GET
[=]SCRAPE SERVE[=]TR::TEXT request received at https://www.oca.org/readings/monthly/2024/6
[=]SCRAPE SERVE[=]TEXT EXTRACTED: 
6/7
  Acts 15:5-34
  John 10:17-28
  
[=]SCRAPE SERVE[=]ReqMETA: 200::GET
[=]SCRAPE SERVE[=]TR::TEXT request received at https://www.oca.org/readings/monthly/2024/6
[=]SCRAPE SERVE[=]TEXT EXTRACTED: 
6/8
  Acts 15:35-41
  John 10:27-38
  
[=]SCRAPE SERVE[=]ReqMETA: 200::GET
[=]SCRAPE SERVE[=]TR::TEXT request received at https://www.oca.org/readings/monthly/2024/6
[=]SCRAPE SERVE[=]TEXT EXTRACTED: 
6/9
  Acts 16:16-34
  John 9:1-38
  
[=]SCRAPE SERVE[=]ReqMETA: 200::GET
[=]SCRAPE SERVE[=]TR::TEXT request received at https://www.oca.org/readings/monthly/2024/6
[=]SCRAPE SERVE[=]TEXT EXTRACTED: 
6/10
  Acts 17:1-15
  John 11:47-57
  
[=]SCRAPE SERVE[=]ReqMETA: 200::GET
[=]SCRAPE SERVE[=]TR::TEXT request received at https://www.oca.org/readings/monthly/2024/6
[=]SCRAPE SERVE[=]TEXT EXTRACTED: 
6/11
  Acts 11:19-26, 29-30
  Luke 10:16-21
  (Apostles)
[=]SCRAPE SERVE[=]ReqMETA: 200::GET
[=]SCRAPE SERVE[=]TR::TEXT request received at https://www.oca.org/readings/monthly/2024/6
[=]SCRAPE SERVE[=]TEXT EXTRACTED: 
6/11
  Acts 17:19-28
  John 12:19-36
  
[=]SCRAPE SERVE[=]ReqMETA: 200::GET
[=]SCRAPE SERVE[=]TR::TEXT request received at https://www.oca.org/readings/monthly/2024/6
[=]SCRAPE SERVE[=]TEXT EXTRACTED: 
6/12
  Acts 18:22-28
  John 12:36-47
  
[=]SCRAPE SERVE[=]ReqMETA: 200::GET
[=]SCRAPE SERVE[=]TR::TEXT request received at https://www.oca.org/readings/monthly/2024/6
[=]SCRAPE SERVE[=]TEXT EXTRACTED: 
6/13
  Acts 1:1-12
  Luke 24:36-53
  
[=]SCRAPE SERVE[=]ReqMETA: 200::GET
[=]SCRAPE SERVE[=]TR::TEXT request received at https://www.oca.org/readings/monthly/2024/6
[=]SCRAPE SERVE[=]TEXT EXTRACTED: 
6/14
  Acts 19:1-8
  John 14:1-11
  
[=]SCRAPE SERVE[=]ReqMETA: 200::GET
[=]SCRAPE SERVE[=]TR::TEXT request received at https://www.oca.org/readings/monthly/2024/6
[=]SCRAPE SERVE[=]TEXT EXTRACTED: 
6/15
  Acts 20:7-12
  John 14:10-21
  
[=]SCRAPE SERVE[=]ReqMETA: 200::GET
[=]SCRAPE SERVE[=]TR::TEXT request received at https://www.oca.org/readings/monthly/2024/6
[=]SCRAPE SERVE[=]TEXT EXTRACTED: 
6/16
  Acts 20:16-18, 28-36
  John 17:1-13
  
[=]SCRAPE SERVE[=]ReqMETA: 200::GET
[=]SCRAPE SERVE[=]TR::TEXT request received at https://www.oca.org/readings/monthly/2024/6
[=]SCRAPE SERVE[=]TEXT EXTRACTED: 
6/17
  Acts 21:8-14
  John 14:27-15:7
  
[=]SCRAPE SERVE[=]ReqMETA: 200::GET
[=]SCRAPE SERVE[=]TR::TEXT request received at https://www.oca.org/readings/monthly/2024/6
[=]SCRAPE SERVE[=]TEXT EXTRACTED: 
6/18
  Acts 21:26-32
  John 16:2-13
  
[=]SCRAPE SERVE[=]ReqMETA: 200::GET
[=]SCRAPE SERVE[=]TR::TEXT request received at https://www.oca.org/readings/monthly/2024/6
[=]SCRAPE SERVE[=]TEXT EXTRACTED: 
6/19
  Jude 1-10
  John 14:21-24
  (Apostle)
[=]SCRAPE SERVE[=]ReqMETA: 200::GET
[=]SCRAPE SERVE[=]TR::TEXT request received at https://www.oca.org/readings/monthly/2024/6
[=]SCRAPE SERVE[=]TEXT EXTRACTED: 
6/19
  Acts 23:1-11
  John 16:15-23
  
[=]SCRAPE SERVE[=]ReqMETA: 200::GET
[=]SCRAPE SERVE[=]TR::TEXT request received at https://www.oca.org/readings/monthly/2024/6
[=]SCRAPE SERVE[=]TEXT EXTRACTED: 
6/20
  Acts 25:13-19
  John 16:23-33
  
[=]SCRAPE SERVE[=]ReqMETA: 200::GET
[=]SCRAPE SERVE[=]TR::TEXT request received at https://www.oca.org/readings/monthly/2024/6
[=]SCRAPE SERVE[=]TEXT EXTRACTED: 
6/21
  Acts 27:1-44
  John 17:18-26
  
[=]SCRAPE SERVE[=]ReqMETA: 200::GET
[=]SCRAPE SERVE[=]TR::TEXT request received at https://www.oca.org/readings/monthly/2024/6
[=]SCRAPE SERVE[=]TEXT EXTRACTED: 
6/22
  1 Thessalonians 4:13-17
  John 5:24-30
  (Departed)
[=]SCRAPE SERVE[=]ReqMETA: 200::GET
[=]SCRAPE SERVE[=]TR::TEXT request received at https://www.oca.org/readings/monthly/2024/6
[=]SCRAPE SERVE[=]TEXT EXTRACTED: 
6/22
  1 Corinthians 15:47-57
  John 6:35-39
  (Departed, variant)
[=]SCRAPE SERVE[=]ReqMETA: 200::GET
[=]SCRAPE SERVE[=]TR::TEXT request received at https://www.oca.org/readings/monthly/2024/6
[=]SCRAPE SERVE[=]TEXT EXTRACTED: 
6/22
  Acts 28:1-31
  John 21:15-25
  
[=]SCRAPE SERVE[=]ReqMETA: 200::GET
[=]SCRAPE SERVE[=]TR::TEXT request received at https://www.oca.org/readings/monthly/2024/6
[=]SCRAPE SERVE[=]TEXT EXTRACTED: 
6/23
  Acts 2:1-11
  John 7:37-52, 8:12
  
[=]SCRAPE SERVE[=]ReqMETA: 200::GET
[=]SCRAPE SERVE[=]TR::TEXT request received at https://www.oca.org/readings/monthly/2024/6
[=]SCRAPE SERVE[=]TEXT EXTRACTED: 
6/24
  Romans 13:11-14:4
  Luke 1:1-25, 57-68, 76, 80
  (Forerunner)
[=]SCRAPE SERVE[=]ReqMETA: 200::GET
[=]SCRAPE SERVE[=]TR::TEXT request received at https://www.oca.org/readings/monthly/2024/6
[=]SCRAPE SERVE[=]TEXT EXTRACTED: 
6/24
  Ephesians 5:9-19
  Matthew 18:10-20
  
[=]SCRAPE SERVE[=]ReqMETA: 200::GET
[=]SCRAPE SERVE[=]TR::TEXT request received at https://www.oca.org/readings/monthly/2024/6
[=]SCRAPE SERVE[=]TEXT EXTRACTED: 
6/25
  Romans 1:1-7, 13-17
  Matthew 4:25-5:13
  
[=]SCRAPE SERVE[=]ReqMETA: 200::GET
[=]SCRAPE SERVE[=]TR::TEXT request received at https://www.oca.org/readings/monthly/2024/6
[=]SCRAPE SERVE[=]TEXT EXTRACTED: 
6/26
  Romans 1:18-27
  Matthew 5:20-26
  
[=]SCRAPE SERVE[=]ReqMETA: 200::GET
[=]SCRAPE SERVE[=]TR::TEXT request received at https://www.oca.org/readings/monthly/2024/6
[=]SCRAPE SERVE[=]TEXT EXTRACTED: 
6/27
  Romans 1:28-2:9
  Matthew 5:27-32
  
[=]SCRAPE SERVE[=]ReqMETA: 200::GET
[=]SCRAPE SERVE[=]TR::TEXT request received at https://www.oca.org/readings/monthly/2024/6
[=]SCRAPE SERVE[=]TEXT EXTRACTED: 
6/28
  Romans 2:14-29
  Matthew 5:33-41
  
[=]SCRAPE SERVE[=]ReqMETA: 200::GET
[=]SCRAPE SERVE[=]TR::TEXT request received at https://www.oca.org/readings/monthly/2024/6
[=]SCRAPE SERVE[=]TEXT EXTRACTED: 
6/29
  2 Corinthians 11:21-12:9
  Matthew 16:13-19
  (Apostles)
[=]SCRAPE SERVE[=]ReqMETA: 200::GET
[=]SCRAPE SERVE[=]TR::TEXT request received at https://www.oca.org/readings/monthly/2024/6
[=]SCRAPE SERVE[=]TEXT EXTRACTED: 
6/29
  Romans 1:7-12
  Matthew 5:42-48
  
[=]SCRAPE SERVE[=]ReqMETA: 200::GET
[=]SCRAPE SERVE[=]TR::TEXT request received at https://www.oca.org/readings/monthly/2024/6
[=]SCRAPE SERVE[=]TEXT EXTRACTED: 
6/30
  1 Corinthians 4:9-16
  Mark 3:13-19
  (Apostles)
[=]SCRAPE SERVE[=]ReqMETA: 200::GET
[=]SCRAPE SERVE[=]TR::TEXT request received at https://www.oca.org/readings/monthly/2024/6
[=]SCRAPE SERVE[=]TEXT EXTRACTED: 
6/30
  Hebrews 11:33-12:2
  Matthew 10:32-33, 37-38, 19:27-30
  
[=]SCRAPE SERVE[=]ReqMETA: 200::GET
[=]SCRAPE SERVE[=]visiting https://www.oca.org/readings/monthly/2024/6
[=]SCRAPE SERVE[=]response received 200
[=]SCRAPE SERVE[=]TR::TEXT request received at https://www.oca.org/readings/monthly/2024/6
[=]SCRAPE SERVE[=]TEXT EXTRACTED: 
6/1
  Acts 12:1-11
  John 8:31-42
  
[=]SCRAPE SERVE[=]ReqMETA: 200::GET
[=]SCRAPE SERVE[=]TR::TEXT request received at https://www.oca.org/readings/monthly/2024/6
[=]SCRAPE SERVE[=]TEXT EXTRACTED: 
6/2
  Acts 11:19-26, 29-30
  John 4:5-42
  
[=]SCRAPE SERVE[=]ReqMETA: 200::GET
[=]SCRAPE SERVE[=]TR::TEXT request received at https://www.oca.org/readings/monthly/2024/6
[=]SCRAPE SERVE[=]TEXT EXTRACTED: 
6/3
  Acts 12:12-17
  John 8:42-51
  
[=]SCRAPE SERVE[=]ReqMETA: 200::GET
[=]SCRAPE SERVE[=]TR::TEXT request received at https://www.oca.org/readings/monthly/2024/6
[=]SCRAPE SERVE[=]TEXT EXTRACTED: 
6/4
  Acts 12:25-13:12
  John 8:51-59
  
[=]SCRAPE SERVE[=]ReqMETA: 200::GET
[=]SCRAPE SERVE[=]TR::TEXT request received at https://www.oca.org/readings/monthly/2024/6
[=]SCRAPE SERVE[=]TEXT EXTRACTED: 
6/5
  Acts 13:13-24
  John 6:5-14
  
[=]SCRAPE SERVE[=]ReqMETA: 200::GET
[=]SCRAPE SERVE[=]TR::TEXT request received at https://www.oca.org/readings/monthly/2024/6
[=]SCRAPE SERVE[=]TEXT EXTRACTED: 
6/6
  Acts 14:20-27
  John 9:39-10:9
  
[=]SCRAPE SERVE[=]ReqMETA: 200::GET
[=]SCRAPE SERVE[=]TR::TEXT request received at https://www.oca.org/readings/monthly/2024/6
[=]SCRAPE SERVE[=]TEXT EXTRACTED: 
6/7
  Acts 15:5-34
  John 10:17-28
  
[=]SCRAPE SERVE[=]ReqMETA: 200::GET
[=]SCRAPE SERVE[=]TR::TEXT request received at https://www.oca.org/readings/monthly/2024/6
[=]SCRAPE SERVE[=]TEXT EXTRACTED: 
6/8
  Acts 15:35-41
  John 10:27-38
  
[=]SCRAPE SERVE[=]ReqMETA: 200::GET
[=]SCRAPE SERVE[=]TR::TEXT request received at https://www.oca.org/readings/monthly/2024/6
[=]SCRAPE SERVE[=]TEXT EXTRACTED: 
6/9
  Acts 16:16-34
  John 9:1-38
  
[=]SCRAPE SERVE[=]ReqMETA: 200::GET
[=]SCRAPE SERVE[=]TR::TEXT request received at https://www.oca.org/readings/monthly/2024/6
[=]SCRAPE SERVE[=]TEXT EXTRACTED: 
6/10
  Acts 17:1-15
  John 11:47-57
  
[=]SCRAPE SERVE[=]ReqMETA: 200::GET
[=]SCRAPE SERVE[=]TR::TEXT request received at https://www.oca.org/readings/monthly/2024/6
[=]SCRAPE SERVE[=]TEXT EXTRACTED: 
6/11
  Acts 11:19-26, 29-30
  Luke 10:16-21
  (Apostles)
[=]SCRAPE SERVE[=]ReqMETA: 200::GET
[=]SCRAPE SERVE[=]TR::TEXT request received at https://www.oca.org/readings/monthly/2024/6
[=]SCRAPE SERVE[=]TEXT EXTRACTED: 
6/11
  Acts 17:19-28
  John 12:19-36
  
[=]SCRAPE SERVE[=]ReqMETA: 200::GET
[=]SCRAPE SERVE[=]TR::TEXT request received at https://www.oca.org/readings/monthly/2024/6
[=]SCRAPE SERVE[=]TEXT EXTRACTED: 
6/12
  Acts 18:22-28
  John 12:36-47
  
[=]SCRAPE SERVE[=]ReqMETA: 200::GET
[=]SCRAPE SERVE[=]TR::TEXT request received at https://www.oca.org/readings/monthly/2024/6
[=]SCRAPE SERVE[=]TEXT EXTRACTED: 
6/13
  Acts 1:1-12
  Luke 24:36-53
  
[=]SCRAPE SERVE[=]ReqMETA: 200::GET
[=]SCRAPE SERVE[=]TR::TEXT request received at https://www.oca.org/readings/monthly/2024/6
[=]SCRAPE SERVE[=]TEXT EXTRACTED: 
6/14
  Acts 19:1-8
  John 14:1-11
  
[=]SCRAPE SERVE[=]ReqMETA: 200::GET
[=]SCRAPE SERVE[=]TR::TEXT request received at https://www.oca.org/readings/monthly/2024/6
[=]SCRAPE SERVE[=]TEXT EXTRACTED: 
6/15
  Acts 20:7-12
  John 14:10-21
  
[=]SCRAPE SERVE[=]ReqMETA: 200::GET
[=]SCRAPE SERVE[=]TR::TEXT request received at https://www.oca.org/readings/monthly/2024/6
[=]SCRAPE SERVE[=]TEXT EXTRACTED: 
6/16
  Acts 20:16-18, 28-36
  John 17:1-13
  
[=]SCRAPE SERVE[=]ReqMETA: 200::GET
[=]SCRAPE SERVE[=]TR::TEXT request received at https://www.oca.org/readings/monthly/2024/6
[=]SCRAPE SERVE[=]TEXT EXTRACTED: 
6/17
  Acts 21:8-14
  John 14:27-15:7
  
[=]SCRAPE SERVE[=]ReqMETA: 200::GET
[=]SCRAPE SERVE[=]TR::TEXT request received at https://www.oca.org/readings/monthly/2024/6
[=]SCRAPE SERVE[=]TEXT EXTRACTED: 
6/18
  Acts 21:26-32
  John 16:2-13
  
[=]SCRAPE SERVE[=]ReqMETA: 200::GET
[=]SCRAPE SERVE[=]TR::TEXT request received at https://www.oca.org/readings/monthly/2024/6
[=]SCRAPE SERVE[=]TEXT EXTRACTED: 
6/19
  Jude 1-10
  John 14:21-24
  (Apostle)
[=]SCRAPE SERVE[=]ReqMETA: 200::GET
[=]SCRAPE SERVE[=]TR::TEXT request received at https://www.oca.org/readings/monthly/2024/6
[=]SCRAPE SERVE[=]TEXT EXTRACTED: 
6/19
  Acts 23:1-11
  John 16:15-23
  
[=]SCRAPE SERVE[=]ReqMETA: 200::GET
[=]SCRAPE SERVE[=]TR::TEXT request received at https://www.oca.org/readings/monthly/2024/6
[=]SCRAPE SERVE[=]TEXT EXTRACTED: 
6/20
  Acts 25:13-19
  John 16:23-33
  
[=]SCRAPE SERVE[=]ReqMETA: 200::GET
[=]SCRAPE SERVE[=]TR::TEXT request received at https://www.oca.org/readings/monthly/2024/6
[=]SCRAPE SERVE[=]TEXT EXTRACTED: 
6/21
  Acts 27:1-44
  John 17:18-26
  
[=]SCRAPE SERVE[=]ReqMETA: 200::GET
[=]SCRAPE SERVE[=]TR::TEXT request received at https://www.oca.org/readings/monthly/2024/6
[=]SCRAPE SERVE[=]TEXT EXTRACTED: 
6/22
  1 Thessalonians 4:13-17
  John 5:24-30
  (Departed)
[=]SCRAPE SERVE[=]ReqMETA: 200::GET
[=]SCRAPE SERVE[=]TR::TEXT request received at https://www.oca.org/readings/monthly/2024/6
[=]SCRAPE SERVE[=]TEXT EXTRACTED: 
6/22
  1 Corinthians 15:47-57
  John 6:35-39
  (Departed, variant)
[=]SCRAPE SERVE[=]ReqMETA: 200::GET
[=]SCRAPE SERVE[=]TR::TEXT request received at https://www.oca.org/readings/monthly/2024/6
[=]SCRAPE SERVE[=]TEXT EXTRACTED: 
6/22
  Acts 28:1-31
  John 21:15-25
  
[=]SCRAPE SERVE[=]ReqMETA: 200::GET
[=]SCRAPE SERVE[=]TR::TEXT request received at https://www.oca.org/readings/monthly/2024/6
[=]SCRAPE SERVE[=]TEXT EXTRACTED: 
6/23
  Acts 2:1-11
  John 7:37-52, 8:12
  
[=]SCRAPE SERVE[=]ReqMETA: 200::GET
[=]SCRAPE SERVE[=]TR::TEXT request received at https://www.oca.org/readings/monthly/2024/6
[=]SCRAPE SERVE[=]TEXT EXTRACTED: 
6/24
  Romans 13:11-14:4
  Luke 1:1-25, 57-68, 76, 80
  (Forerunner)
[=]SCRAPE SERVE[=]ReqMETA: 200::GET
[=]SCRAPE SERVE[=]TR::TEXT request received at https://www.oca.org/readings/monthly/2024/6
[=]SCRAPE SERVE[=]TEXT EXTRACTED: 
6/24
  Ephesians 5:9-19
  Matthew 18:10-20
  
[=]SCRAPE SERVE[=]ReqMETA: 200::GET
[=]SCRAPE SERVE[=]TR::TEXT request received at https://www.oca.org/readings/monthly/2024/6
[=]SCRAPE SERVE[=]TEXT EXTRACTED: 
6/25
  Romans 1:1-7, 13-17
  Matthew 4:25-5:13
  
[=]SCRAPE SERVE[=]ReqMETA: 200::GET
[=]SCRAPE SERVE[=]TR::TEXT request received at https://www.oca.org/readings/monthly/2024/6
[=]SCRAPE SERVE[=]TEXT EXTRACTED: 
6/26
  Romans 1:18-27
  Matthew 5:20-26
  
[=]SCRAPE SERVE[=]ReqMETA: 200::GET
[=]SCRAPE SERVE[=]TR::TEXT request received at https://www.oca.org/readings/monthly/2024/6
[=]SCRAPE SERVE[=]TEXT EXTRACTED: 
6/27
  Romans 1:28-2:9
  Matthew 5:27-32
  
[=]SCRAPE SERVE[=]ReqMETA: 200::GET
[=]SCRAPE SERVE[=]TR::TEXT request received at https://www.oca.org/readings/monthly/2024/6
[=]SCRAPE SERVE[=]TEXT EXTRACTED: 
6/28
  Romans 2:14-29
  Matthew 5:33-41
  
[=]SCRAPE SERVE[=]ReqMETA: 200::GET
[=]SCRAPE SERVE[=]TR::TEXT request received at https://www.oca.org/readings/monthly/2024/6
[=]SCRAPE SERVE[=]TEXT EXTRACTED: 
6/29
  2 Corinthians 11:21-12:9
  Matthew 16:13-19
  (Apostles)
[=]SCRAPE SERVE[=]ReqMETA: 200::GET
[=]SCRAPE SERVE[=]TR::TEXT request received at https://www.oca.org/readings/monthly/2024/6
[=]SCRAPE SERVE[=]TEXT EXTRACTED: 
6/29
  Romans 1:7-12
  Matthew 5:42-48
  
[=]SCRAPE SERVE[=]ReqMETA: 200::GET
[=]SCRAPE SERVE[=]TR::TEXT request received at https://www.oca.org/readings/monthly/2024/6
[=]SCRAPE SERVE[=]TEXT EXTRACTED: 
6/30
  1 Corinthians 4:9-16
  Mark 3:13-19
  (Apostles)
[=]SCRAPE SERVE[=]ReqMETA: 200::GET
[=]SCRAPE SERVE[=]TR::TEXT request received at https://www.oca.org/readings/monthly/2024/6
[=]SCRAPE SERVE[=]TEXT EXTRACTED: 
6/30
  Hebrews 11:33-12:2
  Matthew 10:32-33, 37-38, 19:27-30
  
[=]SCRAPE SERVE[=]ReqMETA: 200::GET
[=]SCRAPE SERVE[=]visiting https://www.oca.org/readings/monthly/2024/6
[=]SCRAPE SERVE[=]response received 200
[=]SCRAPE SERVE[=]TR::TEXT request received at https://www.oca.org/readings/monthly/2024/6
[=]SCRAPE SERVE[=]TEXT EXTRACTED: 
6/1
  Acts 12:1-11
  John 8:31-42
  
[=]SCRAPE SERVE[=]ReqMETA: 200::GET
[=]SCRAPE SERVE[=]TR::TEXT request received at https://www.oca.org/readings/monthly/2024/6
[=]SCRAPE SERVE[=]TEXT EXTRACTED: 
6/2
  Acts 11:19-26, 29-30
  John 4:5-42
  
[=]SCRAPE SERVE[=]ReqMETA: 200::GET
[=]SCRAPE SERVE[=]TR::TEXT request received at https://www.oca.org/readings/monthly/2024/6
[=]SCRAPE SERVE[=]TEXT EXTRACTED: 
6/3
  Acts 12:12-17
  John 8:42-51
  
[=]SCRAPE SERVE[=]ReqMETA: 200::GET
[=]SCRAPE SERVE[=]TR::TEXT request received at https://www.oca.org/readings/monthly/2024/6
[=]SCRAPE SERVE[=]TEXT EXTRACTED: 
6/4
  Acts 12:25-13:12
  John 8:51-59
  
[=]SCRAPE SERVE[=]ReqMETA: 200::GET
[=]SCRAPE SERVE[=]TR::TEXT request received at https://www.oca.org/readings/monthly/2024/6
[=]SCRAPE SERVE[=]TEXT EXTRACTED: 
6/5
  Acts 13:13-24
  John 6:5-14
  
[=]SCRAPE SERVE[=]ReqMETA: 200::GET
[=]SCRAPE SERVE[=]TR::TEXT request received at https://www.oca.org/readings/monthly/2024/6
[=]SCRAPE SERVE[=]TEXT EXTRACTED: 
6/6
  Acts 14:20-27
  John 9:39-10:9
  
[=]SCRAPE SERVE[=]ReqMETA: 200::GET
[=]SCRAPE SERVE[=]TR::TEXT request received at https://www.oca.org/readings/monthly/2024/6
[=]SCRAPE SERVE[=]TEXT EXTRACTED: 
6/7
  Acts 15:5-34
  John 10:17-28
  
[=]SCRAPE SERVE[=]ReqMETA: 200::GET
[=]SCRAPE SERVE[=]TR::TEXT request received at https://www.oca.org/readings/monthly/2024/6
[=]SCRAPE SERVE[=]TEXT EXTRACTED: 
6/8
  Acts 15:35-41
  John 10:27-38
  
[=]SCRAPE SERVE[=]ReqMETA: 200::GET
[=]SCRAPE SERVE[=]TR::TEXT request received at https://www.oca.org/readings/monthly/2024/6
[=]SCRAPE SERVE[=]TEXT EXTRACTED: 
6/9
  Acts 16:16-34
  John 9:1-38
  
[=]SCRAPE SERVE[=]ReqMETA: 200::GET
[=]SCRAPE SERVE[=]TR::TEXT request received at https://www.oca.org/readings/monthly/2024/6
[=]SCRAPE SERVE[=]TEXT EXTRACTED: 
6/10
  Acts 17:1-15
  John 11:47-57
  
[=]SCRAPE SERVE[=]ReqMETA: 200::GET
[=]SCRAPE SERVE[=]TR::TEXT request received at https://www.oca.org/readings/monthly/2024/6
[=]SCRAPE SERVE[=]TEXT EXTRACTED: 
6/11
  Acts 11:19-26, 29-30
  Luke 10:16-21
  (Apostles)
[=]SCRAPE SERVE[=]ReqMETA: 200::GET
[=]SCRAPE SERVE[=]TR::TEXT request received at https://www.oca.org/readings/monthly/2024/6
[=]SCRAPE SERVE[=]TEXT EXTRACTED: 
6/11
  Acts 17:19-28
  John 12:19-36
  
[=]SCRAPE SERVE[=]ReqMETA: 200::GET
[=]SCRAPE SERVE[=]TR::TEXT request received at https://www.oca.org/readings/monthly/2024/6
[=]SCRAPE SERVE[=]TEXT EXTRACTED: 
6/12
  Acts 18:22-28
  John 12:36-47
  
[=]SCRAPE SERVE[=]ReqMETA: 200::GET
[=]SCRAPE SERVE[=]TR::TEXT request received at https://www.oca.org/readings/monthly/2024/6
[=]SCRAPE SERVE[=]TEXT EXTRACTED: 
6/13
  Acts 1:1-12
  Luke 24:36-53
  
[=]SCRAPE SERVE[=]ReqMETA: 200::GET
[=]SCRAPE SERVE[=]TR::TEXT request received at https://www.oca.org/readings/monthly/2024/6
[=]SCRAPE SERVE[=]TEXT EXTRACTED: 
6/14
  Acts 19:1-8
  John 14:1-11
  
[=]SCRAPE SERVE[=]ReqMETA: 200::GET
[=]SCRAPE SERVE[=]TR::TEXT request received at https://www.oca.org/readings/monthly/2024/6
[=]SCRAPE SERVE[=]TEXT EXTRACTED: 
6/15
  Acts 20:7-12
  John 14:10-21
  
[=]SCRAPE SERVE[=]ReqMETA: 200::GET
[=]SCRAPE SERVE[=]TR::TEXT request received at https://www.oca.org/readings/monthly/2024/6
[=]SCRAPE SERVE[=]TEXT EXTRACTED: 
6/16
  Acts 20:16-18, 28-36
  John 17:1-13
  
[=]SCRAPE SERVE[=]ReqMETA: 200::GET
[=]SCRAPE SERVE[=]TR::TEXT request received at https://www.oca.org/readings/monthly/2024/6
[=]SCRAPE SERVE[=]TEXT EXTRACTED: 
6/17
  Acts 21:8-14
  John 14:27-15:7
  
[=]SCRAPE SERVE[=]ReqMETA: 200::GET
[=]SCRAPE SERVE[=]TR::TEXT request received at https://www.oca.org/readings/monthly/2024/6
[=]SCRAPE SERVE[=]TEXT EXTRACTED: 
6/18
  Acts 21:26-32
  John 16:2-13
  
[=]SCRAPE SERVE[=]ReqMETA: 200::GET
[=]SCRAPE SERVE[=]TR::TEXT request received at https://www.oca.org/readings/monthly/2024/6
[=]SCRAPE SERVE[=]TEXT EXTRACTED: 
6/19
  Jude 1-10
  John 14:21-24
  (Apostle)
[=]SCRAPE SERVE[=]ReqMETA: 200::GET
[=]SCRAPE SERVE[=]TR::TEXT request received at https://www.oca.org/readings/monthly/2024/6
[=]SCRAPE SERVE[=]TEXT EXTRACTED: 
6/19
  Acts 23:1-11
  John 16:15-23
  
[=]SCRAPE SERVE[=]ReqMETA: 200::GET
[=]SCRAPE SERVE[=]TR::TEXT request received at https://www.oca.org/readings/monthly/2024/6
[=]SCRAPE SERVE[=]TEXT EXTRACTED: 
6/20
  Acts 25:13-19
  John 16:23-33
  
[=]SCRAPE SERVE[=]ReqMETA: 200::GET
[=]SCRAPE SERVE[=]TR::TEXT request received at https://www.oca.org/readings/monthly/2024/6
[=]SCRAPE SERVE[=]TEXT EXTRACTED: 
6/21
  Acts 27:1-44
  John 17:18-26
  
[=]SCRAPE SERVE[=]ReqMETA: 200::GET
[=]SCRAPE SERVE[=]TR::TEXT request received at https://www.oca.org/readings/monthly/2024/6
[=]SCRAPE SERVE[=]TEXT EXTRACTED: 
6/22
  1 Thessalonians 4:13-17
  John 5:24-30
  (Departed)
[=]SCRAPE SERVE[=]ReqMETA: 200::GET
[=]SCRAPE SERVE[=]TR::TEXT request received at https://www.oca.org/readings/monthly/2024/6
[=]SCRAPE SERVE[=]TEXT EXTRACTED: 
6/22
  1 Corinthians 15:47-57
  John 6:35-39
  (Departed, variant)
[=]SCRAPE SERVE[=]ReqMETA: 200::GET
[=]SCRAPE SERVE[=]TR::TEXT request received at https://www.oca.org/readings/monthly/2024/6
[=]SCRAPE SERVE[=]TEXT EXTRACTED: 
6/22
  Acts 28:1-31
  John 21:15-25
  
[=]SCRAPE SERVE[=]ReqMETA: 200::GET
[=]SCRAPE SERVE[=]TR::TEXT request received at https://www.oca.org/readings/monthly/2024/6
[=]SCRAPE SERVE[=]TEXT EXTRACTED: 
6/23
  Acts 2:1-11
  John 7:37-52, 8:12
  
[=]SCRAPE SERVE[=]ReqMETA: 200::GET
[=]SCRAPE SERVE[=]TR::TEXT request received at https://www.oca.org/readings/monthly/2024/6
[=]SCRAPE SERVE[=]TEXT EXTRACTED: 
6/24
  Romans 13:11-14:4
  Luke 1:1-25, 57-68, 76, 80
  (Forerunner)
[=]SCRAPE SERVE[=]ReqMETA: 200::GET
[=]SCRAPE SERVE[=]TR::TEXT request received at https://www.oca.org/readings/monthly/2024/6
[=]SCRAPE SERVE[=]TEXT EXTRACTED: 
6/24
  Ephesians 5:9-19
  Matthew 18:10-20
  
[=]SCRAPE SERVE[=]ReqMETA: 200::GET
[=]SCRAPE SERVE[=]TR::TEXT request received at https://www.oca.org/readings/monthly/2024/6
[=]SCRAPE SERVE[=]TEXT EXTRACTED: 
6/25
  Romans 1:1-7, 13-17
  Matthew 4:25-5:13
  
[=]SCRAPE SERVE[=]ReqMETA: 200::GET
[=]SCRAPE SERVE[=]TR::TEXT request received at https://www.oca.org/readings/monthly/2024/6
[=]SCRAPE SERVE[=]TEXT EXTRACTED: 
6/26
  Romans 1:18-27
  Matthew 5:20-26
  
[=]SCRAPE SERVE[=]ReqMETA: 200::GET
[=]SCRAPE SERVE[=]TR::TEXT request received at https://www.oca.org/readings/monthly/2024/6
[=]SCRAPE SERVE[=]TEXT EXTRACTED: 
6/27
  Romans 1:28-2:9
  Matthew 5:27-32
  
[=]SCRAPE SERVE[=]ReqMETA: 200::GET
[=]SCRAPE SERVE[=]TR::TEXT request received at https://www.oca.org/readings/monthly/2024/6
[=]SCRAPE SERVE[=]TEXT EXTRACTED: 
6/28
  Romans 2:14-29
  Matthew 5:33-41
  
[=]SCRAPE SERVE[=]ReqMETA: 200::GET
[=]SCRAPE SERVE[=]TR::TEXT request received at https://www.oca.org/readings/monthly/2024/6
[=]SCRAPE SERVE[=]TEXT EXTRACTED: 
6/29
  2 Corinthians 11:21-12:9
  Matthew 16:13-19
  (Apostles)
[=]SCRAPE SERVE[=]ReqMETA: 200::GET
[=]SCRAPE SERVE[=]TR::TEXT request received at https://www.oca.org/readings/monthly/2024/6
[=]SCRAPE SERVE[=]TEXT EXTRACTED: 
6/29
  Romans 1:7-12
  Matthew 5:42-48
  
[=]SCRAPE SERVE[=]ReqMETA: 200::GET
[=]SCRAPE SERVE[=]TR::TEXT request received at https://www.oca.org/readings/monthly/2024/6
[=]SCRAPE SERVE[=]TEXT EXTRACTED: 
6/30
  1 Corinthians 4:9-16
  Mark 3:13-19
  (Apostles)
[=]SCRAPE SERVE[=]ReqMETA: 200::GET
[=]SCRAPE SERVE[=]TR::TEXT request received at https://www.oca.org/readings/monthly/2024/6
[=]SCRAPE SERVE[=]TEXT EXTRACTED: 
6/30
  Hebrews 11:33-12:2
  Matthew 10:32-33, 37-38, 19:27-30
  
[=]SCRAPE SERVE[=]ReqMETA: 200::GET
[=]SCRAPE SERVE[=]visiting https://www.oca.org/readings/monthly/2024/6
[=]SCRAPE SERVE[=]response received 200
[=]SCRAPE SERVE[=]TR::TEXT request received at https://www.oca.org/readings/monthly/2024/6
[=]SCRAPE SERVE[=]TEXT EXTRACTED: 
6/1
  Acts 12:1-11
  John 8:31-42
  
[=]SCRAPE SERVE[=]ReqMETA: 200::GET
[=]SCRAPE SERVE[=]TR::TEXT request received at https://www.oca.org/readings/monthly/2024/6
[=]SCRAPE SERVE[=]TEXT EXTRACTED: 
6/2
  Acts 11:19-26, 29-30
  John 4:5-42
  
[=]SCRAPE SERVE[=]ReqMETA: 200::GET
[=]SCRAPE SERVE[=]TR::TEXT request received at https://www.oca.org/readings/monthly/2024/6
[=]SCRAPE SERVE[=]TEXT EXTRACTED: 
6/3
  Acts 12:12-17
  John 8:42-51
  
[=]SCRAPE SERVE[=]ReqMETA: 200::GET
[=]SCRAPE SERVE[=]TR::TEXT request received at https://www.oca.org/readings/monthly/2024/6
[=]SCRAPE SERVE[=]TEXT EXTRACTED: 
6/4
  Acts 12:25-13:12
  John 8:51-59
  
[=]SCRAPE SERVE[=]ReqMETA: 200::GET
[=]SCRAPE SERVE[=]TR::TEXT request received at https://www.oca.org/readings/monthly/2024/6
[=]SCRAPE SERVE[=]TEXT EXTRACTED: 
6/5
  Acts 13:13-24
  John 6:5-14
  
[=]SCRAPE SERVE[=]ReqMETA: 200::GET
[=]SCRAPE SERVE[=]TR::TEXT request received at https://www.oca.org/readings/monthly/2024/6
[=]SCRAPE SERVE[=]TEXT EXTRACTED: 
6/6
  Acts 14:20-27
  John 9:39-10:9
  
[=]SCRAPE SERVE[=]ReqMETA: 200::GET
[=]SCRAPE SERVE[=]TR::TEXT request received at https://www.oca.org/readings/monthly/2024/6
[=]SCRAPE SERVE[=]TEXT EXTRACTED: 
6/7
  Acts 15:5-34
  John 10:17-28
  
[=]SCRAPE SERVE[=]ReqMETA: 200::GET
[=]SCRAPE SERVE[=]TR::TEXT request received at https://www.oca.org/readings/monthly/2024/6
[=]SCRAPE SERVE[=]TEXT EXTRACTED: 
6/8
  Acts 15:35-41
  John 10:27-38
  
[=]SCRAPE SERVE[=]ReqMETA: 200::GET
[=]SCRAPE SERVE[=]TR::TEXT request received at https://www.oca.org/readings/monthly/2024/6
[=]SCRAPE SERVE[=]TEXT EXTRACTED: 
6/9
  Acts 16:16-34
  John 9:1-38
  
[=]SCRAPE SERVE[=]ReqMETA: 200::GET
[=]SCRAPE SERVE[=]TR::TEXT request received at https://www.oca.org/readings/monthly/2024/6
[=]SCRAPE SERVE[=]TEXT EXTRACTED: 
6/10
  Acts 17:1-15
  John 11:47-57
  
[=]SCRAPE SERVE[=]ReqMETA: 200::GET
[=]SCRAPE SERVE[=]TR::TEXT request received at https://www.oca.org/readings/monthly/2024/6
[=]SCRAPE SERVE[=]TEXT EXTRACTED: 
6/11
  Acts 11:19-26, 29-30
  Luke 10:16-21
  (Apostles)
[=]SCRAPE SERVE[=]ReqMETA: 200::GET
[=]SCRAPE SERVE[=]TR::TEXT request received at https://www.oca.org/readings/monthly/2024/6
[=]SCRAPE SERVE[=]TEXT EXTRACTED: 
6/11
  Acts 17:19-28
  John 12:19-36
  
[=]SCRAPE SERVE[=]ReqMETA: 200::GET
[=]SCRAPE SERVE[=]TR::TEXT request received at https://www.oca.org/readings/monthly/2024/6
[=]SCRAPE SERVE[=]TEXT EXTRACTED: 
6/12
  Acts 18:22-28
  John 12:36-47
  
[=]SCRAPE SERVE[=]ReqMETA: 200::GET
[=]SCRAPE SERVE[=]TR::TEXT request received at https://www.oca.org/readings/monthly/2024/6
[=]SCRAPE SERVE[=]TEXT EXTRACTED: 
6/13
  Acts 1:1-12
  Luke 24:36-53
  
[=]SCRAPE SERVE[=]ReqMETA: 200::GET
[=]SCRAPE SERVE[=]TR::TEXT request received at https://www.oca.org/readings/monthly/2024/6
[=]SCRAPE SERVE[=]TEXT EXTRACTED: 
6/14
  Acts 19:1-8
  John 14:1-11
  
[=]SCRAPE SERVE[=]ReqMETA: 200::GET
[=]SCRAPE SERVE[=]TR::TEXT request received at https://www.oca.org/readings/monthly/2024/6
[=]SCRAPE SERVE[=]TEXT EXTRACTED: 
6/15
  Acts 20:7-12
  John 14:10-21
  
[=]SCRAPE SERVE[=]ReqMETA: 200::GET
[=]SCRAPE SERVE[=]TR::TEXT request received at https://www.oca.org/readings/monthly/2024/6
[=]SCRAPE SERVE[=]TEXT EXTRACTED: 
6/16
  Acts 20:16-18, 28-36
  John 17:1-13
  
[=]SCRAPE SERVE[=]ReqMETA: 200::GET
[=]SCRAPE SERVE[=]TR::TEXT request received at https://www.oca.org/readings/monthly/2024/6
[=]SCRAPE SERVE[=]TEXT EXTRACTED: 
6/17
  Acts 21:8-14
  John 14:27-15:7
  
[=]SCRAPE SERVE[=]ReqMETA: 200::GET
[=]SCRAPE SERVE[=]TR::TEXT request received at https://www.oca.org/readings/monthly/2024/6
[=]SCRAPE SERVE[=]TEXT EXTRACTED: 
6/18
  Acts 21:26-32
  John 16:2-13
  
[=]SCRAPE SERVE[=]ReqMETA: 200::GET
[=]SCRAPE SERVE[=]TR::TEXT request received at https://www.oca.org/readings/monthly/2024/6
[=]SCRAPE SERVE[=]TEXT EXTRACTED: 
6/19
  Jude 1-10
  John 14:21-24
  (Apostle)
[=]SCRAPE SERVE[=]ReqMETA: 200::GET
[=]SCRAPE SERVE[=]TR::TEXT request received at https://www.oca.org/readings/monthly/2024/6
[=]SCRAPE SERVE[=]TEXT EXTRACTED: 
6/19
  Acts 23:1-11
  John 16:15-23
  
[=]SCRAPE SERVE[=]ReqMETA: 200::GET
[=]SCRAPE SERVE[=]TR::TEXT request received at https://www.oca.org/readings/monthly/2024/6
[=]SCRAPE SERVE[=]TEXT EXTRACTED: 
6/20
  Acts 25:13-19
  John 16:23-33
  
[=]SCRAPE SERVE[=]ReqMETA: 200::GET
[=]SCRAPE SERVE[=]TR::TEXT request received at https://www.oca.org/readings/monthly/2024/6
[=]SCRAPE SERVE[=]TEXT EXTRACTED: 
6/21
  Acts 27:1-44
  John 17:18-26
  
[=]SCRAPE SERVE[=]ReqMETA: 200::GET
[=]SCRAPE SERVE[=]TR::TEXT request received at https://www.oca.org/readings/monthly/2024/6
[=]SCRAPE SERVE[=]TEXT EXTRACTED: 
6/22
  1 Thessalonians 4:13-17
  John 5:24-30
  (Departed)
[=]SCRAPE SERVE[=]ReqMETA: 200::GET
[=]SCRAPE SERVE[=]TR::TEXT request received at https://www.oca.org/readings/monthly/2024/6
[=]SCRAPE SERVE[=]TEXT EXTRACTED: 
6/22
  1 Corinthians 15:47-57
  John 6:35-39
  (Departed, variant)
[=]SCRAPE SERVE[=]ReqMETA: 200::GET
[=]SCRAPE SERVE[=]TR::TEXT request received at https://www.oca.org/readings/monthly/2024/6
[=]SCRAPE SERVE[=]TEXT EXTRACTED: 
6/22
  Acts 28:1-31
  John 21:15-25
  
[=]SCRAPE SERVE[=]ReqMETA: 200::GET
[=]SCRAPE SERVE[=]TR::TEXT request received at https://www.oca.org/readings/monthly/2024/6
[=]SCRAPE SERVE[=]TEXT EXTRACTED: 
6/23
  Acts 2:1-11
  John 7:37-52, 8:12
  
[=]SCRAPE SERVE[=]ReqMETA: 200::GET
[=]SCRAPE SERVE[=]TR::TEXT request received at https://www.oca.org/readings/monthly/2024/6
[=]SCRAPE SERVE[=]TEXT EXTRACTED: 
6/24
  Romans 13:11-14:4
  Luke 1:1-25, 57-68, 76, 80
  (Forerunner)
[=]SCRAPE SERVE[=]ReqMETA: 200::GET
[=]SCRAPE SERVE[=]TR::TEXT request received at https://www.oca.org/readings/monthly/2024/6
[=]SCRAPE SERVE[=]TEXT EXTRACTED: 
6/24
  Ephesians 5:9-19
  Matthew 18:10-20
  
[=]SCRAPE SERVE[=]ReqMETA: 200::GET
[=]SCRAPE SERVE[=]TR::TEXT request received at https://www.oca.org/readings/monthly/2024/6
[=]SCRAPE SERVE[=]TEXT EXTRACTED: 
6/25
  Romans 1:1-7, 13-17
  Matthew 4:25-5:13
  
[=]SCRAPE SERVE[=]ReqMETA: 200::GET
[=]SCRAPE SERVE[=]TR::TEXT request received at https://www.oca.org/readings/monthly/2024/6
[=]SCRAPE SERVE[=]TEXT EXTRACTED: 
6/26
  Romans 1:18-27
  Matthew 5:20-26
  
[=]SCRAPE SERVE[=]ReqMETA: 200::GET
[=]SCRAPE SERVE[=]TR::TEXT request received at https://www.oca.org/readings/monthly/2024/6
[=]SCRAPE SERVE[=]TEXT EXTRACTED: 
6/27
  Romans 1:28-2:9
  Matthew 5:27-32
  
[=]SCRAPE SERVE[=]ReqMETA: 200::GET
[=]SCRAPE SERVE[=]TR::TEXT request received at https://www.oca.org/readings/monthly/2024/6
[=]SCRAPE SERVE[=]TEXT EXTRACTED: 
6/28
  Romans 2:14-29
  Matthew 5:33-41
  
[=]SCRAPE SERVE[=]ReqMETA: 200::GET
[=]SCRAPE SERVE[=]TR::TEXT request received at https://www.oca.org/readings/monthly/2024/6
[=]SCRAPE SERVE[=]TEXT EXTRACTED: 
6/29
  2 Corinthians 11:21-12:9
  Matthew 16:13-19
  (Apostles)
[=]SCRAPE SERVE[=]ReqMETA: 200::GET
[=]SCRAPE SERVE[=]TR::TEXT request received at https://www.oca.org/readings/monthly/2024/6
[=]SCRAPE SERVE[=]TEXT EXTRACTED: 
6/29
  Romans 1:7-12
  Matthew 5:42-48
  
[=]SCRAPE SERVE[=]ReqMETA: 200::GET
[=]SCRAPE SERVE[=]TR::TEXT request received at https://www.oca.org/readings/monthly/2024/6
[=]SCRAPE SERVE[=]TEXT EXTRACTED: 
6/30
  1 Corinthians 4:9-16
  Mark 3:13-19
  (Apostles)
[=]SCRAPE SERVE[=]ReqMETA: 200::GET
[=]SCRAPE SERVE[=]TR::TEXT request received at https://www.oca.org/readings/monthly/2024/6
[=]SCRAPE SERVE[=]TEXT EXTRACTED: 
6/30
  Hebrews 11:33-12:2
  Matthew 10:32-33, 37-38, 19:27-30
  
[=]SCRAPE SERVE[=]ReqMETA: 200::GET
[=]SCRAPE SERVE[=]visiting https://www.oca.org/readings/monthly/2024/6
[=]SCRAPE SERVE[=]response received 200
[=]SCRAPE SERVE[=]TR::TEXT request received at https://www.oca.org/readings/monthly/2024/6
[=]SCRAPE SERVE[=]TEXT EXTRACTED: 
6/1
  Acts 12:1-11
  John 8:31-42
  
[=]SCRAPE SERVE[=]ReqMETA: 200::GET
[=]SCRAPE SERVE[=]TR::TEXT request received at https://www.oca.org/readings/monthly/2024/6
[=]SCRAPE SERVE[=]TEXT EXTRACTED: 
6/2
  Acts 11:19-26, 29-30
  John 4:5-42
  
[=]SCRAPE SERVE[=]ReqMETA: 200::GET
[=]SCRAPE SERVE[=]TR::TEXT request received at https://www.oca.org/readings/monthly/2024/6
[=]SCRAPE SERVE[=]TEXT EXTRACTED: 
6/3
  Acts 12:12-17
  John 8:42-51
  
[=]SCRAPE SERVE[=]ReqMETA: 200::GET
[=]SCRAPE SERVE[=]TR::TEXT request received at https://www.oca.org/readings/monthly/2024/6
[=]SCRAPE SERVE[=]TEXT EXTRACTED: 
6/4
  Acts 12:25-13:12
  John 8:51-59
  
[=]SCRAPE SERVE[=]ReqMETA: 200::GET
[=]SCRAPE SERVE[=]TR::TEXT request received at https://www.oca.org/readings/monthly/2024/6
[=]SCRAPE SERVE[=]TEXT EXTRACTED: 
6/5
  Acts 13:13-24
  John 6:5-14
  
[=]SCRAPE SERVE[=]ReqMETA: 200::GET
[=]SCRAPE SERVE[=]TR::TEXT request received at https://www.oca.org/readings/monthly/2024/6
[=]SCRAPE SERVE[=]TEXT EXTRACTED: 
6/6
  Acts 14:20-27
  John 9:39-10:9
  
[=]SCRAPE SERVE[=]ReqMETA: 200::GET
[=]SCRAPE SERVE[=]TR::TEXT request received at https://www.oca.org/readings/monthly/2024/6
[=]SCRAPE SERVE[=]TEXT EXTRACTED: 
6/7
  Acts 15:5-34
  John 10:17-28
  
[=]SCRAPE SERVE[=]ReqMETA: 200::GET
[=]SCRAPE SERVE[=]TR::TEXT request received at https://www.oca.org/readings/monthly/2024/6
[=]SCRAPE SERVE[=]TEXT EXTRACTED: 
6/8
  Acts 15:35-41
  John 10:27-38
  
[=]SCRAPE SERVE[=]ReqMETA: 200::GET
[=]SCRAPE SERVE[=]TR::TEXT request received at https://www.oca.org/readings/monthly/2024/6
[=]SCRAPE SERVE[=]TEXT EXTRACTED: 
6/9
  Acts 16:16-34
  John 9:1-38
  
[=]SCRAPE SERVE[=]ReqMETA: 200::GET
[=]SCRAPE SERVE[=]TR::TEXT request received at https://www.oca.org/readings/monthly/2024/6
[=]SCRAPE SERVE[=]TEXT EXTRACTED: 
6/10
  Acts 17:1-15
  John 11:47-57
  
[=]SCRAPE SERVE[=]ReqMETA: 200::GET
[=]SCRAPE SERVE[=]TR::TEXT request received at https://www.oca.org/readings/monthly/2024/6
[=]SCRAPE SERVE[=]TEXT EXTRACTED: 
6/11
  Acts 11:19-26, 29-30
  Luke 10:16-21
  (Apostles)
[=]SCRAPE SERVE[=]ReqMETA: 200::GET
[=]SCRAPE SERVE[=]TR::TEXT request received at https://www.oca.org/readings/monthly/2024/6
[=]SCRAPE SERVE[=]TEXT EXTRACTED: 
6/11
  Acts 17:19-28
  John 12:19-36
  
[=]SCRAPE SERVE[=]ReqMETA: 200::GET
[=]SCRAPE SERVE[=]TR::TEXT request received at https://www.oca.org/readings/monthly/2024/6
[=]SCRAPE SERVE[=]TEXT EXTRACTED: 
6/12
  Acts 18:22-28
  John 12:36-47
  
[=]SCRAPE SERVE[=]ReqMETA: 200::GET
[=]SCRAPE SERVE[=]TR::TEXT request received at https://www.oca.org/readings/monthly/2024/6
[=]SCRAPE SERVE[=]TEXT EXTRACTED: 
6/13
  Acts 1:1-12
  Luke 24:36-53
  
[=]SCRAPE SERVE[=]ReqMETA: 200::GET
[=]SCRAPE SERVE[=]TR::TEXT request received at https://www.oca.org/readings/monthly/2024/6
[=]SCRAPE SERVE[=]TEXT EXTRACTED: 
6/14
  Acts 19:1-8
  John 14:1-11
  
[=]SCRAPE SERVE[=]ReqMETA: 200::GET
[=]SCRAPE SERVE[=]TR::TEXT request received at https://www.oca.org/readings/monthly/2024/6
[=]SCRAPE SERVE[=]TEXT EXTRACTED: 
6/15
  Acts 20:7-12
  John 14:10-21
  
[=]SCRAPE SERVE[=]ReqMETA: 200::GET
[=]SCRAPE SERVE[=]TR::TEXT request received at https://www.oca.org/readings/monthly/2024/6
[=]SCRAPE SERVE[=]TEXT EXTRACTED: 
6/16
  Acts 20:16-18, 28-36
  John 17:1-13
  
[=]SCRAPE SERVE[=]ReqMETA: 200::GET
[=]SCRAPE SERVE[=]TR::TEXT request received at https://www.oca.org/readings/monthly/2024/6
[=]SCRAPE SERVE[=]TEXT EXTRACTED: 
6/17
  Acts 21:8-14
  John 14:27-15:7
  
[=]SCRAPE SERVE[=]ReqMETA: 200::GET
[=]SCRAPE SERVE[=]TR::TEXT request received at https://www.oca.org/readings/monthly/2024/6
[=]SCRAPE SERVE[=]TEXT EXTRACTED: 
6/18
  Acts 21:26-32
  John 16:2-13
  
[=]SCRAPE SERVE[=]ReqMETA: 200::GET
[=]SCRAPE SERVE[=]TR::TEXT request received at https://www.oca.org/readings/monthly/2024/6
[=]SCRAPE SERVE[=]TEXT EXTRACTED: 
6/19
  Jude 1-10
  John 14:21-24
  (Apostle)
[=]SCRAPE SERVE[=]ReqMETA: 200::GET
[=]SCRAPE SERVE[=]TR::TEXT request received at https://www.oca.org/readings/monthly/2024/6
[=]SCRAPE SERVE[=]TEXT EXTRACTED: 
6/19
  Acts 23:1-11
  John 16:15-23
  
[=]SCRAPE SERVE[=]ReqMETA: 200::GET
[=]SCRAPE SERVE[=]TR::TEXT request received at https://www.oca.org/readings/monthly/2024/6
[=]SCRAPE SERVE[=]TEXT EXTRACTED: 
6/20
  Acts 25:13-19
  John 16:23-33
  
[=]SCRAPE SERVE[=]ReqMETA: 200::GET
[=]SCRAPE SERVE[=]TR::TEXT request received at https://www.oca.org/readings/monthly/2024/6
[=]SCRAPE SERVE[=]TEXT EXTRACTED: 
6/21
  Acts 27:1-44
  John 17:18-26
  
[=]SCRAPE SERVE[=]ReqMETA: 200::GET
[=]SCRAPE SERVE[=]TR::TEXT request received at https://www.oca.org/readings/monthly/2024/6
[=]SCRAPE SERVE[=]TEXT EXTRACTED: 
6/22
  1 Thessalonians 4:13-17
  John 5:24-30
  (Departed)
[=]SCRAPE SERVE[=]ReqMETA: 200::GET
[=]SCRAPE SERVE[=]TR::TEXT request received at https://www.oca.org/readings/monthly/2024/6
[=]SCRAPE SERVE[=]TEXT EXTRACTED: 
6/22
  1 Corinthians 15:47-57
  John 6:35-39
  (Departed, variant)
[=]SCRAPE SERVE[=]ReqMETA: 200::GET
[=]SCRAPE SERVE[=]TR::TEXT request received at https://www.oca.org/readings/monthly/2024/6
[=]SCRAPE SERVE[=]TEXT EXTRACTED: 
6/22
  Acts 28:1-31
  John 21:15-25
  
[=]SCRAPE SERVE[=]ReqMETA: 200::GET
[=]SCRAPE SERVE[=]TR::TEXT request received at https://www.oca.org/readings/monthly/2024/6
[=]SCRAPE SERVE[=]TEXT EXTRACTED: 
6/23
  Acts 2:1-11
  John 7:37-52, 8:12
  
[=]SCRAPE SERVE[=]ReqMETA: 200::GET
[=]SCRAPE SERVE[=]TR::TEXT request received at https://www.oca.org/readings/monthly/2024/6
[=]SCRAPE SERVE[=]TEXT EXTRACTED: 
6/24
  Romans 13:11-14:4
  Luke 1:1-25, 57-68, 76, 80
  (Forerunner)
[=]SCRAPE SERVE[=]ReqMETA: 200::GET
[=]SCRAPE SERVE[=]TR::TEXT request received at https://www.oca.org/readings/monthly/2024/6
[=]SCRAPE SERVE[=]TEXT EXTRACTED: 
6/24
  Ephesians 5:9-19
  Matthew 18:10-20
  
[=]SCRAPE SERVE[=]ReqMETA: 200::GET
[=]SCRAPE SERVE[=]TR::TEXT request received at https://www.oca.org/readings/monthly/2024/6
[=]SCRAPE SERVE[=]TEXT EXTRACTED: 
6/25
  Romans 1:1-7, 13-17
  Matthew 4:25-5:13
  
[=]SCRAPE SERVE[=]ReqMETA: 200::GET
[=]SCRAPE SERVE[=]TR::TEXT request received at https://www.oca.org/readings/monthly/2024/6
[=]SCRAPE SERVE[=]TEXT EXTRACTED: 
6/26
  Romans 1:18-27
  Matthew 5:20-26
  
[=]SCRAPE SERVE[=]ReqMETA: 200::GET
[=]SCRAPE SERVE[=]TR::TEXT request received at https://www.oca.org/readings/monthly/2024/6
[=]SCRAPE SERVE[=]TEXT EXTRACTED: 
6/27
  Romans 1:28-2:9
  Matthew 5:27-32
  
[=]SCRAPE SERVE[=]ReqMETA: 200::GET
[=]SCRAPE SERVE[=]TR::TEXT request received at https://www.oca.org/readings/monthly/2024/6
[=]SCRAPE SERVE[=]TEXT EXTRACTED: 
6/28
  Romans 2:14-29
  Matthew 5:33-41
  
[=]SCRAPE SERVE[=]ReqMETA: 200::GET
[=]SCRAPE SERVE[=]TR::TEXT request received at https://www.oca.org/readings/monthly/2024/6
[=]SCRAPE SERVE[=]TEXT EXTRACTED: 
6/29
  2 Corinthians 11:21-12:9
  Matthew 16:13-19
  (Apostles)
[=]SCRAPE SERVE[=]ReqMETA: 200::GET
[=]SCRAPE SERVE[=]TR::TEXT request received at https://www.oca.org/readings/monthly/2024/6
[=]SCRAPE SERVE[=]TEXT EXTRACTED: 
6/29
  Romans 1:7-12
  Matthew 5:42-48
  
[=]SCRAPE SERVE[=]ReqMETA: 200::GET
[=]SCRAPE SERVE[=]TR::TEXT request received at https://www.oca.org/readings/monthly/2024/6
[=]SCRAPE SERVE[=]TEXT EXTRACTED: 
6/30
  1 Corinthians 4:9-16
  Mark 3:13-19
  (Apostles)
[=]SCRAPE SERVE[=]ReqMETA: 200::GET
[=]SCRAPE SERVE[=]TR::TEXT request received at https://www.oca.org/readings/monthly/2024/6
[=]SCRAPE SERVE[=]TEXT EXTRACTED: 
6/30
  Hebrews 11:33-12:2
  Matthew 10:32-33, 37-38, 19:27-30
  
[=]SCRAPE SERVE[=]ReqMETA: 200::GET
[=]SCRAPE SERVE[=]visiting https://www.oca.org/readings/monthly/2024/6
[=]SCRAPE SERVE[=]response received 200
[=]SCRAPE SERVE[=]TR::TEXT request received at https://www.oca.org/readings/monthly/2024/6
[=]SCRAPE SERVE[=]TEXT EXTRACTED: 
6/1
  Acts 12:1-11
  John 8:31-42
  
[=]SCRAPE SERVE[=]ReqMETA: 200::GET
[=]SCRAPE SERVE[=]TR::TEXT request received at https://www.oca.org/readings/monthly/2024/6
[=]SCRAPE SERVE[=]TEXT EXTRACTED: 
6/2
  Acts 11:19-26, 29-30
  John 4:5-42
  
[=]SCRAPE SERVE[=]ReqMETA: 200::GET
[=]SCRAPE SERVE[=]TR::TEXT request received at https://www.oca.org/readings/monthly/2024/6
[=]SCRAPE SERVE[=]TEXT EXTRACTED: 
6/3
  Acts 12:12-17
  John 8:42-51
  
[=]SCRAPE SERVE[=]ReqMETA: 200::GET
[=]SCRAPE SERVE[=]TR::TEXT request received at https://www.oca.org/readings/monthly/2024/6
[=]SCRAPE SERVE[=]TEXT EXTRACTED: 
6/4
  Acts 12:25-13:12
  John 8:51-59
  
[=]SCRAPE SERVE[=]ReqMETA: 200::GET
[=]SCRAPE SERVE[=]TR::TEXT request received at https://www.oca.org/readings/monthly/2024/6
[=]SCRAPE SERVE[=]TEXT EXTRACTED: 
6/5
  Acts 13:13-24
  John 6:5-14
  
[=]SCRAPE SERVE[=]ReqMETA: 200::GET
[=]SCRAPE SERVE[=]TR::TEXT request received at https://www.oca.org/readings/monthly/2024/6
[=]SCRAPE SERVE[=]TEXT EXTRACTED: 
6/6
  Acts 14:20-27
  John 9:39-10:9
  
[=]SCRAPE SERVE[=]ReqMETA: 200::GET
[=]SCRAPE SERVE[=]TR::TEXT request received at https://www.oca.org/readings/monthly/2024/6
[=]SCRAPE SERVE[=]TEXT EXTRACTED: 
6/7
  Acts 15:5-34
  John 10:17-28
  
[=]SCRAPE SERVE[=]ReqMETA: 200::GET
[=]SCRAPE SERVE[=]TR::TEXT request received at https://www.oca.org/readings/monthly/2024/6
[=]SCRAPE SERVE[=]TEXT EXTRACTED: 
6/8
  Acts 15:35-41
  John 10:27-38
  
[=]SCRAPE SERVE[=]ReqMETA: 200::GET
[=]SCRAPE SERVE[=]TR::TEXT request received at https://www.oca.org/readings/monthly/2024/6
[=]SCRAPE SERVE[=]TEXT EXTRACTED: 
6/9
  Acts 16:16-34
  John 9:1-38
  
[=]SCRAPE SERVE[=]ReqMETA: 200::GET
[=]SCRAPE SERVE[=]TR::TEXT request received at https://www.oca.org/readings/monthly/2024/6
[=]SCRAPE SERVE[=]TEXT EXTRACTED: 
6/10
  Acts 17:1-15
  John 11:47-57
  
[=]SCRAPE SERVE[=]ReqMETA: 200::GET
[=]SCRAPE SERVE[=]TR::TEXT request received at https://www.oca.org/readings/monthly/2024/6
[=]SCRAPE SERVE[=]TEXT EXTRACTED: 
6/11
  Acts 11:19-26, 29-30
  Luke 10:16-21
  (Apostles)
[=]SCRAPE SERVE[=]ReqMETA: 200::GET
[=]SCRAPE SERVE[=]TR::TEXT request received at https://www.oca.org/readings/monthly/2024/6
[=]SCRAPE SERVE[=]TEXT EXTRACTED: 
6/11
  Acts 17:19-28
  John 12:19-36
  
[=]SCRAPE SERVE[=]ReqMETA: 200::GET
[=]SCRAPE SERVE[=]TR::TEXT request received at https://www.oca.org/readings/monthly/2024/6
[=]SCRAPE SERVE[=]TEXT EXTRACTED: 
6/12
  Acts 18:22-28
  John 12:36-47
  
[=]SCRAPE SERVE[=]ReqMETA: 200::GET
[=]SCRAPE SERVE[=]TR::TEXT request received at https://www.oca.org/readings/monthly/2024/6
[=]SCRAPE SERVE[=]TEXT EXTRACTED: 
6/13
  Acts 1:1-12
  Luke 24:36-53
  
[=]SCRAPE SERVE[=]ReqMETA: 200::GET
[=]SCRAPE SERVE[=]TR::TEXT request received at https://www.oca.org/readings/monthly/2024/6
[=]SCRAPE SERVE[=]TEXT EXTRACTED: 
6/14
  Acts 19:1-8
  John 14:1-11
  
[=]SCRAPE SERVE[=]ReqMETA: 200::GET
[=]SCRAPE SERVE[=]TR::TEXT request received at https://www.oca.org/readings/monthly/2024/6
[=]SCRAPE SERVE[=]TEXT EXTRACTED: 
6/15
  Acts 20:7-12
  John 14:10-21
  
[=]SCRAPE SERVE[=]ReqMETA: 200::GET
[=]SCRAPE SERVE[=]TR::TEXT request received at https://www.oca.org/readings/monthly/2024/6
[=]SCRAPE SERVE[=]TEXT EXTRACTED: 
6/16
  Acts 20:16-18, 28-36
  John 17:1-13
  
[=]SCRAPE SERVE[=]ReqMETA: 200::GET
[=]SCRAPE SERVE[=]TR::TEXT request received at https://www.oca.org/readings/monthly/2024/6
[=]SCRAPE SERVE[=]TEXT EXTRACTED: 
6/17
  Acts 21:8-14
  John 14:27-15:7
  
[=]SCRAPE SERVE[=]ReqMETA: 200::GET
[=]SCRAPE SERVE[=]TR::TEXT request received at https://www.oca.org/readings/monthly/2024/6
[=]SCRAPE SERVE[=]TEXT EXTRACTED: 
6/18
  Acts 21:26-32
  John 16:2-13
  
[=]SCRAPE SERVE[=]ReqMETA: 200::GET
[=]SCRAPE SERVE[=]TR::TEXT request received at https://www.oca.org/readings/monthly/2024/6
[=]SCRAPE SERVE[=]TEXT EXTRACTED: 
6/19
  Jude 1-10
  John 14:21-24
  (Apostle)
[=]SCRAPE SERVE[=]ReqMETA: 200::GET
[=]SCRAPE SERVE[=]TR::TEXT request received at https://www.oca.org/readings/monthly/2024/6
[=]SCRAPE SERVE[=]TEXT EXTRACTED: 
6/19
  Acts 23:1-11
  John 16:15-23
  
[=]SCRAPE SERVE[=]ReqMETA: 200::GET
[=]SCRAPE SERVE[=]TR::TEXT request received at https://www.oca.org/readings/monthly/2024/6
[=]SCRAPE SERVE[=]TEXT EXTRACTED: 
6/20
  Acts 25:13-19
  John 16:23-33
  
[=]SCRAPE SERVE[=]ReqMETA: 200::GET
[=]SCRAPE SERVE[=]TR::TEXT request received at https://www.oca.org/readings/monthly/2024/6
[=]SCRAPE SERVE[=]TEXT EXTRACTED: 
6/21
  Acts 27:1-44
  John 17:18-26
  
[=]SCRAPE SERVE[=]ReqMETA: 200::GET
[=]SCRAPE SERVE[=]TR::TEXT request received at https://www.oca.org/readings/monthly/2024/6
[=]SCRAPE SERVE[=]TEXT EXTRACTED: 
6/22
  1 Thessalonians 4:13-17
  John 5:24-30
  (Departed)
[=]SCRAPE SERVE[=]ReqMETA: 200::GET
[=]SCRAPE SERVE[=]TR::TEXT request received at https://www.oca.org/readings/monthly/2024/6
[=]SCRAPE SERVE[=]TEXT EXTRACTED: 
6/22
  1 Corinthians 15:47-57
  John 6:35-39
  (Departed, variant)
[=]SCRAPE SERVE[=]ReqMETA: 200::GET
[=]SCRAPE SERVE[=]TR::TEXT request received at https://www.oca.org/readings/monthly/2024/6
[=]SCRAPE SERVE[=]TEXT EXTRACTED: 
6/22
  Acts 28:1-31
  John 21:15-25
  
[=]SCRAPE SERVE[=]ReqMETA: 200::GET
[=]SCRAPE SERVE[=]TR::TEXT request received at https://www.oca.org/readings/monthly/2024/6
[=]SCRAPE SERVE[=]TEXT EXTRACTED: 
6/23
  Acts 2:1-11
  John 7:37-52, 8:12
  
[=]SCRAPE SERVE[=]ReqMETA: 200::GET
[=]SCRAPE SERVE[=]TR::TEXT request received at https://www.oca.org/readings/monthly/2024/6
[=]SCRAPE SERVE[=]TEXT EXTRACTED: 
6/24
  Romans 13:11-14:4
  Luke 1:1-25, 57-68, 76, 80
  (Forerunner)
[=]SCRAPE SERVE[=]ReqMETA: 200::GET
[=]SCRAPE SERVE[=]TR::TEXT request received at https://www.oca.org/readings/monthly/2024/6
[=]SCRAPE SERVE[=]TEXT EXTRACTED: 
6/24
  Ephesians 5:9-19
  Matthew 18:10-20
  
[=]SCRAPE SERVE[=]ReqMETA: 200::GET
[=]SCRAPE SERVE[=]TR::TEXT request received at https://www.oca.org/readings/monthly/2024/6
[=]SCRAPE SERVE[=]TEXT EXTRACTED: 
6/25
  Romans 1:1-7, 13-17
  Matthew 4:25-5:13
  
[=]SCRAPE SERVE[=]ReqMETA: 200::GET
[=]SCRAPE SERVE[=]TR::TEXT request received at https://www.oca.org/readings/monthly/2024/6
[=]SCRAPE SERVE[=]TEXT EXTRACTED: 
6/26
  Romans 1:18-27
  Matthew 5:20-26
  
[=]SCRAPE SERVE[=]ReqMETA: 200::GET
[=]SCRAPE SERVE[=]TR::TEXT request received at https://www.oca.org/readings/monthly/2024/6
[=]SCRAPE SERVE[=]TEXT EXTRACTED: 
6/27
  Romans 1:28-2:9
  Matthew 5:27-32
  
[=]SCRAPE SERVE[=]ReqMETA: 200::GET
[=]SCRAPE SERVE[=]TR::TEXT request received at https://www.oca.org/readings/monthly/2024/6
[=]SCRAPE SERVE[=]TEXT EXTRACTED: 
6/28
  Romans 2:14-29
  Matthew 5:33-41
  
[=]SCRAPE SERVE[=]ReqMETA: 200::GET
[=]SCRAPE SERVE[=]TR::TEXT request received at https://www.oca.org/readings/monthly/2024/6
[=]SCRAPE SERVE[=]TEXT EXTRACTED: 
6/29
  2 Corinthians 11:21-12:9
  Matthew 16:13-19
  (Apostles)
[=]SCRAPE SERVE[=]ReqMETA: 200::GET
[=]SCRAPE SERVE[=]TR::TEXT request received at https://www.oca.org/readings/monthly/2024/6
[=]SCRAPE SERVE[=]TEXT EXTRACTED: 
6/29
  Romans 1:7-12
  Matthew 5:42-48
  
[=]SCRAPE SERVE[=]ReqMETA: 200::GET
[=]SCRAPE SERVE[=]TR::TEXT request received at https://www.oca.org/readings/monthly/2024/6
[=]SCRAPE SERVE[=]TEXT EXTRACTED: 
6/30
  1 Corinthians 4:9-16
  Mark 3:13-19
  (Apostles)
[=]SCRAPE SERVE[=]ReqMETA: 200::GET
[=]SCRAPE SERVE[=]TR::TEXT request received at https://www.oca.org/readings/monthly/2024/6
[=]SCRAPE SERVE[=]TEXT EXTRACTED: 
6/30
  Hebrews 11:33-12:2
  Matthew 10:32-33, 37-38, 19:27-30
  
[=]SCRAPE SERVE[=]ReqMETA: 200::GET
[=]SCRAPE SERVE[=]visiting https://www.oca.org/readings/monthly/2024/6
[=]SCRAPE SERVE[=]response received 200
[=]SCRAPE SERVE[=]TR::TEXT request received at https://www.oca.org/readings/monthly/2024/6
[=]SCRAPE SERVE[=]TEXT EXTRACTED: 
6/1
  Acts 12:1-11
  John 8:31-42
  
[=]SCRAPE SERVE[=]ReqMETA: 200::GET
[=]SCRAPE SERVE[=]TR::TEXT request received at https://www.oca.org/readings/monthly/2024/6
[=]SCRAPE SERVE[=]TEXT EXTRACTED: 
6/2
  Acts 11:19-26, 29-30
  John 4:5-42
  
[=]SCRAPE SERVE[=]ReqMETA: 200::GET
[=]SCRAPE SERVE[=]TR::TEXT request received at https://www.oca.org/readings/monthly/2024/6
[=]SCRAPE SERVE[=]TEXT EXTRACTED: 
6/3
  Acts 12:12-17
  John 8:42-51
  
[=]SCRAPE SERVE[=]ReqMETA: 200::GET
[=]SCRAPE SERVE[=]TR::TEXT request received at https://www.oca.org/readings/monthly/2024/6
[=]SCRAPE SERVE[=]TEXT EXTRACTED: 
6/4
  Acts 12:25-13:12
  John 8:51-59
  
[=]SCRAPE SERVE[=]ReqMETA: 200::GET
[=]SCRAPE SERVE[=]TR::TEXT request received at https://www.oca.org/readings/monthly/2024/6
[=]SCRAPE SERVE[=]TEXT EXTRACTED: 
6/5
  Acts 13:13-24
  John 6:5-14
  
[=]SCRAPE SERVE[=]ReqMETA: 200::GET
[=]SCRAPE SERVE[=]TR::TEXT request received at https://www.oca.org/readings/monthly/2024/6
[=]SCRAPE SERVE[=]TEXT EXTRACTED: 
6/6
  Acts 14:20-27
  John 9:39-10:9
  
[=]SCRAPE SERVE[=]ReqMETA: 200::GET
[=]SCRAPE SERVE[=]TR::TEXT request received at https://www.oca.org/readings/monthly/2024/6
[=]SCRAPE SERVE[=]TEXT EXTRACTED: 
6/7
  Acts 15:5-34
  John 10:17-28
  
[=]SCRAPE SERVE[=]ReqMETA: 200::GET
[=]SCRAPE SERVE[=]TR::TEXT request received at https://www.oca.org/readings/monthly/2024/6
[=]SCRAPE SERVE[=]TEXT EXTRACTED: 
6/8
  Acts 15:35-41
  John 10:27-38
  
[=]SCRAPE SERVE[=]ReqMETA: 200::GET
[=]SCRAPE SERVE[=]TR::TEXT request received at https://www.oca.org/readings/monthly/2024/6
[=]SCRAPE SERVE[=]TEXT EXTRACTED: 
6/9
  Acts 16:16-34
  John 9:1-38
  
[=]SCRAPE SERVE[=]ReqMETA: 200::GET
[=]SCRAPE SERVE[=]TR::TEXT request received at https://www.oca.org/readings/monthly/2024/6
[=]SCRAPE SERVE[=]TEXT EXTRACTED: 
6/10
  Acts 17:1-15
  John 11:47-57
  
[=]SCRAPE SERVE[=]ReqMETA: 200::GET
[=]SCRAPE SERVE[=]TR::TEXT request received at https://www.oca.org/readings/monthly/2024/6
[=]SCRAPE SERVE[=]TEXT EXTRACTED: 
6/11
  Acts 11:19-26, 29-30
  Luke 10:16-21
  (Apostles)
[=]SCRAPE SERVE[=]ReqMETA: 200::GET
[=]SCRAPE SERVE[=]TR::TEXT request received at https://www.oca.org/readings/monthly/2024/6
[=]SCRAPE SERVE[=]TEXT EXTRACTED: 
6/11
  Acts 17:19-28
  John 12:19-36
  
[=]SCRAPE SERVE[=]ReqMETA: 200::GET
[=]SCRAPE SERVE[=]TR::TEXT request received at https://www.oca.org/readings/monthly/2024/6
[=]SCRAPE SERVE[=]TEXT EXTRACTED: 
6/12
  Acts 18:22-28
  John 12:36-47
  
[=]SCRAPE SERVE[=]ReqMETA: 200::GET
[=]SCRAPE SERVE[=]TR::TEXT request received at https://www.oca.org/readings/monthly/2024/6
[=]SCRAPE SERVE[=]TEXT EXTRACTED: 
6/13
  Acts 1:1-12
  Luke 24:36-53
  
[=]SCRAPE SERVE[=]ReqMETA: 200::GET
[=]SCRAPE SERVE[=]TR::TEXT request received at https://www.oca.org/readings/monthly/2024/6
[=]SCRAPE SERVE[=]TEXT EXTRACTED: 
6/14
  Acts 19:1-8
  John 14:1-11
  
[=]SCRAPE SERVE[=]ReqMETA: 200::GET
[=]SCRAPE SERVE[=]TR::TEXT request received at https://www.oca.org/readings/monthly/2024/6
[=]SCRAPE SERVE[=]TEXT EXTRACTED: 
6/15
  Acts 20:7-12
  John 14:10-21
  
[=]SCRAPE SERVE[=]ReqMETA: 200::GET
[=]SCRAPE SERVE[=]TR::TEXT request received at https://www.oca.org/readings/monthly/2024/6
[=]SCRAPE SERVE[=]TEXT EXTRACTED: 
6/16
  Acts 20:16-18, 28-36
  John 17:1-13
  
[=]SCRAPE SERVE[=]ReqMETA: 200::GET
[=]SCRAPE SERVE[=]TR::TEXT request received at https://www.oca.org/readings/monthly/2024/6
[=]SCRAPE SERVE[=]TEXT EXTRACTED: 
6/17
  Acts 21:8-14
  John 14:27-15:7
  
[=]SCRAPE SERVE[=]ReqMETA: 200::GET
[=]SCRAPE SERVE[=]TR::TEXT request received at https://www.oca.org/readings/monthly/2024/6
[=]SCRAPE SERVE[=]TEXT EXTRACTED: 
6/18
  Acts 21:26-32
  John 16:2-13
  
[=]SCRAPE SERVE[=]ReqMETA: 200::GET
[=]SCRAPE SERVE[=]TR::TEXT request received at https://www.oca.org/readings/monthly/2024/6
[=]SCRAPE SERVE[=]TEXT EXTRACTED: 
6/19
  Jude 1-10
  John 14:21-24
  (Apostle)
[=]SCRAPE SERVE[=]ReqMETA: 200::GET
[=]SCRAPE SERVE[=]TR::TEXT request received at https://www.oca.org/readings/monthly/2024/6
[=]SCRAPE SERVE[=]TEXT EXTRACTED: 
6/19
  Acts 23:1-11
  John 16:15-23
  
[=]SCRAPE SERVE[=]ReqMETA: 200::GET
[=]SCRAPE SERVE[=]TR::TEXT request received at https://www.oca.org/readings/monthly/2024/6
[=]SCRAPE SERVE[=]TEXT EXTRACTED: 
6/20
  Acts 25:13-19
  John 16:23-33
  
[=]SCRAPE SERVE[=]ReqMETA: 200::GET
[=]SCRAPE SERVE[=]TR::TEXT request received at https://www.oca.org/readings/monthly/2024/6
[=]SCRAPE SERVE[=]TEXT EXTRACTED: 
6/21
  Acts 27:1-44
  John 17:18-26
  
[=]SCRAPE SERVE[=]ReqMETA: 200::GET
[=]SCRAPE SERVE[=]TR::TEXT request received at https://www.oca.org/readings/monthly/2024/6
[=]SCRAPE SERVE[=]TEXT EXTRACTED: 
6/22
  1 Thessalonians 4:13-17
  John 5:24-30
  (Departed)
[=]SCRAPE SERVE[=]ReqMETA: 200::GET
[=]SCRAPE SERVE[=]TR::TEXT request received at https://www.oca.org/readings/monthly/2024/6
[=]SCRAPE SERVE[=]TEXT EXTRACTED: 
6/22
  1 Corinthians 15:47-57
  John 6:35-39
  (Departed, variant)
[=]SCRAPE SERVE[=]ReqMETA: 200::GET
[=]SCRAPE SERVE[=]TR::TEXT request received at https://www.oca.org/readings/monthly/2024/6
[=]SCRAPE SERVE[=]TEXT EXTRACTED: 
6/22
  Acts 28:1-31
  John 21:15-25
  
[=]SCRAPE SERVE[=]ReqMETA: 200::GET
[=]SCRAPE SERVE[=]TR::TEXT request received at https://www.oca.org/readings/monthly/2024/6
[=]SCRAPE SERVE[=]TEXT EXTRACTED: 
6/23
  Acts 2:1-11
  John 7:37-52, 8:12
  
[=]SCRAPE SERVE[=]ReqMETA: 200::GET
[=]SCRAPE SERVE[=]TR::TEXT request received at https://www.oca.org/readings/monthly/2024/6
[=]SCRAPE SERVE[=]TEXT EXTRACTED: 
6/24
  Romans 13:11-14:4
  Luke 1:1-25, 57-68, 76, 80
  (Forerunner)
[=]SCRAPE SERVE[=]ReqMETA: 200::GET
[=]SCRAPE SERVE[=]TR::TEXT request received at https://www.oca.org/readings/monthly/2024/6
[=]SCRAPE SERVE[=]TEXT EXTRACTED: 
6/24
  Ephesians 5:9-19
  Matthew 18:10-20
  
[=]SCRAPE SERVE[=]ReqMETA: 200::GET
[=]SCRAPE SERVE[=]TR::TEXT request received at https://www.oca.org/readings/monthly/2024/6
[=]SCRAPE SERVE[=]TEXT EXTRACTED: 
6/25
  Romans 1:1-7, 13-17
  Matthew 4:25-5:13
  
[=]SCRAPE SERVE[=]ReqMETA: 200::GET
[=]SCRAPE SERVE[=]TR::TEXT request received at https://www.oca.org/readings/monthly/2024/6
[=]SCRAPE SERVE[=]TEXT EXTRACTED: 
6/26
  Romans 1:18-27
  Matthew 5:20-26
  
[=]SCRAPE SERVE[=]ReqMETA: 200::GET
[=]SCRAPE SERVE[=]TR::TEXT request received at https://www.oca.org/readings/monthly/2024/6
[=]SCRAPE SERVE[=]TEXT EXTRACTED: 
6/27
  Romans 1:28-2:9
  Matthew 5:27-32
  
[=]SCRAPE SERVE[=]ReqMETA: 200::GET
[=]SCRAPE SERVE[=]TR::TEXT request received at https://www.oca.org/readings/monthly/2024/6
[=]SCRAPE SERVE[=]TEXT EXTRACTED: 
6/28
  Romans 2:14-29
  Matthew 5:33-41
  
[=]SCRAPE SERVE[=]ReqMETA: 200::GET
[=]SCRAPE SERVE[=]TR::TEXT request received at https://www.oca.org/readings/monthly/2024/6
[=]SCRAPE SERVE[=]TEXT EXTRACTED: 
6/29
  2 Corinthians 11:21-12:9
  Matthew 16:13-19
  (Apostles)
[=]SCRAPE SERVE[=]ReqMETA: 200::GET
[=]SCRAPE SERVE[=]TR::TEXT request received at https://www.oca.org/readings/monthly/2024/6
[=]SCRAPE SERVE[=]TEXT EXTRACTED: 
6/29
  Romans 1:7-12
  Matthew 5:42-48
  
[=]SCRAPE SERVE[=]ReqMETA: 200::GET
[=]SCRAPE SERVE[=]TR::TEXT request received at https://www.oca.org/readings/monthly/2024/6
[=]SCRAPE SERVE[=]TEXT EXTRACTED: 
6/30
  1 Corinthians 4:9-16
  Mark 3:13-19
  (Apostles)
[=]SCRAPE SERVE[=]ReqMETA: 200::GET
[=]SCRAPE SERVE[=]TR::TEXT request received at https://www.oca.org/readings/monthly/2024/6
[=]SCRAPE SERVE[=]TEXT EXTRACTED: 
6/30
  Hebrews 11:33-12:2
  Matthew 10:32-33, 37-38, 19:27-30
  
[=]SCRAPE SERVE[=]ReqMETA: 200::GET
[=]SCRAPE SERVE[=]visiting https://www.oca.org/readings/monthly/2024/6
[=]SCRAPE SERVE[=]response received 200
[=]SCRAPE SERVE[=]TR::TEXT request received at https://www.oca.org/readings/monthly/2024/6
[=]SCRAPE SERVE[=]TEXT EXTRACTED: 
6/1
  Acts 12:1-11
  John 8:31-42
  
[=]SCRAPE SERVE[=]ReqMETA: 200::GET
[=]SCRAPE SERVE[=]TR::TEXT request received at https://www.oca.org/readings/monthly/2024/6
[=]SCRAPE SERVE[=]TEXT EXTRACTED: 
6/2
  Acts 11:19-26, 29-30
  John 4:5-42
  
[=]SCRAPE SERVE[=]ReqMETA: 200::GET
[=]SCRAPE SERVE[=]TR::TEXT request received at https://www.oca.org/readings/monthly/2024/6
[=]SCRAPE SERVE[=]TEXT EXTRACTED: 
6/3
  Acts 12:12-17
  John 8:42-51
  
[=]SCRAPE SERVE[=]ReqMETA: 200::GET
[=]SCRAPE SERVE[=]TR::TEXT request received at https://www.oca.org/readings/monthly/2024/6
[=]SCRAPE SERVE[=]TEXT EXTRACTED: 
6/4
  Acts 12:25-13:12
  John 8:51-59
  
[=]SCRAPE SERVE[=]ReqMETA: 200::GET
[=]SCRAPE SERVE[=]TR::TEXT request received at https://www.oca.org/readings/monthly/2024/6
[=]SCRAPE SERVE[=]TEXT EXTRACTED: 
6/5
  Acts 13:13-24
  John 6:5-14
  
[=]SCRAPE SERVE[=]ReqMETA: 200::GET
[=]SCRAPE SERVE[=]TR::TEXT request received at https://www.oca.org/readings/monthly/2024/6
[=]SCRAPE SERVE[=]TEXT EXTRACTED: 
6/6
  Acts 14:20-27
  John 9:39-10:9
  
[=]SCRAPE SERVE[=]ReqMETA: 200::GET
[=]SCRAPE SERVE[=]TR::TEXT request received at https://www.oca.org/readings/monthly/2024/6
[=]SCRAPE SERVE[=]TEXT EXTRACTED: 
6/7
  Acts 15:5-34
  John 10:17-28
  
[=]SCRAPE SERVE[=]ReqMETA: 200::GET
[=]SCRAPE SERVE[=]TR::TEXT request received at https://www.oca.org/readings/monthly/2024/6
[=]SCRAPE SERVE[=]TEXT EXTRACTED: 
6/8
  Acts 15:35-41
  John 10:27-38
  
[=]SCRAPE SERVE[=]ReqMETA: 200::GET
[=]SCRAPE SERVE[=]TR::TEXT request received at https://www.oca.org/readings/monthly/2024/6
[=]SCRAPE SERVE[=]TEXT EXTRACTED: 
6/9
  Acts 16:16-34
  John 9:1-38
  
[=]SCRAPE SERVE[=]ReqMETA: 200::GET
[=]SCRAPE SERVE[=]TR::TEXT request received at https://www.oca.org/readings/monthly/2024/6
[=]SCRAPE SERVE[=]TEXT EXTRACTED: 
6/10
  Acts 17:1-15
  John 11:47-57
  
[=]SCRAPE SERVE[=]ReqMETA: 200::GET
[=]SCRAPE SERVE[=]TR::TEXT request received at https://www.oca.org/readings/monthly/2024/6
[=]SCRAPE SERVE[=]TEXT EXTRACTED: 
6/11
  Acts 11:19-26, 29-30
  Luke 10:16-21
  (Apostles)
[=]SCRAPE SERVE[=]ReqMETA: 200::GET
[=]SCRAPE SERVE[=]TR::TEXT request received at https://www.oca.org/readings/monthly/2024/6
[=]SCRAPE SERVE[=]TEXT EXTRACTED: 
6/11
  Acts 17:19-28
  John 12:19-36
  
[=]SCRAPE SERVE[=]ReqMETA: 200::GET
[=]SCRAPE SERVE[=]TR::TEXT request received at https://www.oca.org/readings/monthly/2024/6
[=]SCRAPE SERVE[=]TEXT EXTRACTED: 
6/12
  Acts 18:22-28
  John 12:36-47
  
[=]SCRAPE SERVE[=]ReqMETA: 200::GET
[=]SCRAPE SERVE[=]TR::TEXT request received at https://www.oca.org/readings/monthly/2024/6
[=]SCRAPE SERVE[=]TEXT EXTRACTED: 
6/13
  Acts 1:1-12
  Luke 24:36-53
  
[=]SCRAPE SERVE[=]ReqMETA: 200::GET
[=]SCRAPE SERVE[=]TR::TEXT request received at https://www.oca.org/readings/monthly/2024/6
[=]SCRAPE SERVE[=]TEXT EXTRACTED: 
6/14
  Acts 19:1-8
  John 14:1-11
  
[=]SCRAPE SERVE[=]ReqMETA: 200::GET
[=]SCRAPE SERVE[=]TR::TEXT request received at https://www.oca.org/readings/monthly/2024/6
[=]SCRAPE SERVE[=]TEXT EXTRACTED: 
6/15
  Acts 20:7-12
  John 14:10-21
  
[=]SCRAPE SERVE[=]ReqMETA: 200::GET
[=]SCRAPE SERVE[=]TR::TEXT request received at https://www.oca.org/readings/monthly/2024/6
[=]SCRAPE SERVE[=]TEXT EXTRACTED: 
6/16
  Acts 20:16-18, 28-36
  John 17:1-13
  
[=]SCRAPE SERVE[=]ReqMETA: 200::GET
[=]SCRAPE SERVE[=]TR::TEXT request received at https://www.oca.org/readings/monthly/2024/6
[=]SCRAPE SERVE[=]TEXT EXTRACTED: 
6/17
  Acts 21:8-14
  John 14:27-15:7
  
[=]SCRAPE SERVE[=]ReqMETA: 200::GET
[=]SCRAPE SERVE[=]TR::TEXT request received at https://www.oca.org/readings/monthly/2024/6
[=]SCRAPE SERVE[=]TEXT EXTRACTED: 
6/18
  Acts 21:26-32
  John 16:2-13
  
[=]SCRAPE SERVE[=]ReqMETA: 200::GET
[=]SCRAPE SERVE[=]TR::TEXT request received at https://www.oca.org/readings/monthly/2024/6
[=]SCRAPE SERVE[=]TEXT EXTRACTED: 
6/19
  Jude 1-10
  John 14:21-24
  (Apostle)
[=]SCRAPE SERVE[=]ReqMETA: 200::GET
[=]SCRAPE SERVE[=]TR::TEXT request received at https://www.oca.org/readings/monthly/2024/6
[=]SCRAPE SERVE[=]TEXT EXTRACTED: 
6/19
  Acts 23:1-11
  John 16:15-23
  
[=]SCRAPE SERVE[=]ReqMETA: 200::GET
[=]SCRAPE SERVE[=]TR::TEXT request received at https://www.oca.org/readings/monthly/2024/6
[=]SCRAPE SERVE[=]TEXT EXTRACTED: 
6/20
  Acts 25:13-19
  John 16:23-33
  
[=]SCRAPE SERVE[=]ReqMETA: 200::GET
[=]SCRAPE SERVE[=]TR::TEXT request received at https://www.oca.org/readings/monthly/2024/6
[=]SCRAPE SERVE[=]TEXT EXTRACTED: 
6/21
  Acts 27:1-44
  John 17:18-26
  
[=]SCRAPE SERVE[=]ReqMETA: 200::GET
[=]SCRAPE SERVE[=]TR::TEXT request received at https://www.oca.org/readings/monthly/2024/6
[=]SCRAPE SERVE[=]TEXT EXTRACTED: 
6/22
  1 Thessalonians 4:13-17
  John 5:24-30
  (Departed)
[=]SCRAPE SERVE[=]ReqMETA: 200::GET
[=]SCRAPE SERVE[=]TR::TEXT request received at https://www.oca.org/readings/monthly/2024/6
[=]SCRAPE SERVE[=]TEXT EXTRACTED: 
6/22
  1 Corinthians 15:47-57
  John 6:35-39
  (Departed, variant)
[=]SCRAPE SERVE[=]ReqMETA: 200::GET
[=]SCRAPE SERVE[=]TR::TEXT request received at https://www.oca.org/readings/monthly/2024/6
[=]SCRAPE SERVE[=]TEXT EXTRACTED: 
6/22
  Acts 28:1-31
  John 21:15-25
  
[=]SCRAPE SERVE[=]ReqMETA: 200::GET
[=]SCRAPE SERVE[=]TR::TEXT request received at https://www.oca.org/readings/monthly/2024/6
[=]SCRAPE SERVE[=]TEXT EXTRACTED: 
6/23
  Acts 2:1-11
  John 7:37-52, 8:12
  
[=]SCRAPE SERVE[=]ReqMETA: 200::GET
[=]SCRAPE SERVE[=]TR::TEXT request received at https://www.oca.org/readings/monthly/2024/6
[=]SCRAPE SERVE[=]TEXT EXTRACTED: 
6/24
  Romans 13:11-14:4
  Luke 1:1-25, 57-68, 76, 80
  (Forerunner)
[=]SCRAPE SERVE[=]ReqMETA: 200::GET
[=]SCRAPE SERVE[=]TR::TEXT request received at https://www.oca.org/readings/monthly/2024/6
[=]SCRAPE SERVE[=]TEXT EXTRACTED: 
6/24
  Ephesians 5:9-19
  Matthew 18:10-20
  
[=]SCRAPE SERVE[=]ReqMETA: 200::GET
[=]SCRAPE SERVE[=]TR::TEXT request received at https://www.oca.org/readings/monthly/2024/6
[=]SCRAPE SERVE[=]TEXT EXTRACTED: 
6/25
  Romans 1:1-7, 13-17
  Matthew 4:25-5:13
  
[=]SCRAPE SERVE[=]ReqMETA: 200::GET
[=]SCRAPE SERVE[=]TR::TEXT request received at https://www.oca.org/readings/monthly/2024/6
[=]SCRAPE SERVE[=]TEXT EXTRACTED: 
6/26
  Romans 1:18-27
  Matthew 5:20-26
  
[=]SCRAPE SERVE[=]ReqMETA: 200::GET
[=]SCRAPE SERVE[=]TR::TEXT request received at https://www.oca.org/readings/monthly/2024/6
[=]SCRAPE SERVE[=]TEXT EXTRACTED: 
6/27
  Romans 1:28-2:9
  Matthew 5:27-32
  
[=]SCRAPE SERVE[=]ReqMETA: 200::GET
[=]SCRAPE SERVE[=]TR::TEXT request received at https://www.oca.org/readings/monthly/2024/6
[=]SCRAPE SERVE[=]TEXT EXTRACTED: 
6/28
  Romans 2:14-29
  Matthew 5:33-41
  
[=]SCRAPE SERVE[=]ReqMETA: 200::GET
[=]SCRAPE SERVE[=]TR::TEXT request received at https://www.oca.org/readings/monthly/2024/6
[=]SCRAPE SERVE[=]TEXT EXTRACTED: 
6/29
  2 Corinthians 11:21-12:9
  Matthew 16:13-19
  (Apostles)
[=]SCRAPE SERVE[=]ReqMETA: 200::GET
[=]SCRAPE SERVE[=]TR::TEXT request received at https://www.oca.org/readings/monthly/2024/6
[=]SCRAPE SERVE[=]TEXT EXTRACTED: 
6/29
  Romans 1:7-12
  Matthew 5:42-48
  
[=]SCRAPE SERVE[=]ReqMETA: 200::GET
[=]SCRAPE SERVE[=]TR::TEXT request received at https://www.oca.org/readings/monthly/2024/6
[=]SCRAPE SERVE[=]TEXT EXTRACTED: 
6/30
  1 Corinthians 4:9-16
  Mark 3:13-19
  (Apostles)
[=]SCRAPE SERVE[=]ReqMETA: 200::GET
[=]SCRAPE SERVE[=]TR::TEXT request received at https://www.oca.org/readings/monthly/2024/6
[=]SCRAPE SERVE[=]TEXT EXTRACTED: 
6/30
  Hebrews 11:33-12:2
  Matthew 10:32-33, 37-38, 19:27-30
  
[=]SCRAPE SERVE[=]ReqMETA: 200::GET
[=]SCRAPE SERVE[=]visiting https://www.oca.org/readings/monthly/2024/6
[=]SCRAPE SERVE[=]response received 200
[=]SCRAPE SERVE[=]TR::TEXT request received at https://www.oca.org/readings/monthly/2024/6
[=]SCRAPE SERVE[=]TEXT EXTRACTED: 
6/1
  Acts 12:1-11
  John 8:31-42
  
[=]SCRAPE SERVE[=]ReqMETA: 200::GET
[=]SCRAPE SERVE[=]TR::TEXT request received at https://www.oca.org/readings/monthly/2024/6
[=]SCRAPE SERVE[=]TEXT EXTRACTED: 
6/2
  Acts 11:19-26, 29-30
  John 4:5-42
  
[=]SCRAPE SERVE[=]ReqMETA: 200::GET
[=]SCRAPE SERVE[=]TR::TEXT request received at https://www.oca.org/readings/monthly/2024/6
[=]SCRAPE SERVE[=]TEXT EXTRACTED: 
6/3
  Acts 12:12-17
  John 8:42-51
  
[=]SCRAPE SERVE[=]ReqMETA: 200::GET
[=]SCRAPE SERVE[=]TR::TEXT request received at https://www.oca.org/readings/monthly/2024/6
[=]SCRAPE SERVE[=]TEXT EXTRACTED: 
6/4
  Acts 12:25-13:12
  John 8:51-59
  
[=]SCRAPE SERVE[=]ReqMETA: 200::GET
[=]SCRAPE SERVE[=]TR::TEXT request received at https://www.oca.org/readings/monthly/2024/6
[=]SCRAPE SERVE[=]TEXT EXTRACTED: 
6/5
  Acts 13:13-24
  John 6:5-14
  
[=]SCRAPE SERVE[=]ReqMETA: 200::GET
[=]SCRAPE SERVE[=]TR::TEXT request received at https://www.oca.org/readings/monthly/2024/6
[=]SCRAPE SERVE[=]TEXT EXTRACTED: 
6/6
  Acts 14:20-27
  John 9:39-10:9
  
[=]SCRAPE SERVE[=]ReqMETA: 200::GET
[=]SCRAPE SERVE[=]TR::TEXT request received at https://www.oca.org/readings/monthly/2024/6
[=]SCRAPE SERVE[=]TEXT EXTRACTED: 
6/7
  Acts 15:5-34
  John 10:17-28
  
[=]SCRAPE SERVE[=]ReqMETA: 200::GET
[=]SCRAPE SERVE[=]TR::TEXT request received at https://www.oca.org/readings/monthly/2024/6
[=]SCRAPE SERVE[=]TEXT EXTRACTED: 
6/8
  Acts 15:35-41
  John 10:27-38
  
[=]SCRAPE SERVE[=]ReqMETA: 200::GET
[=]SCRAPE SERVE[=]TR::TEXT request received at https://www.oca.org/readings/monthly/2024/6
[=]SCRAPE SERVE[=]TEXT EXTRACTED: 
6/9
  Acts 16:16-34
  John 9:1-38
  
[=]SCRAPE SERVE[=]ReqMETA: 200::GET
[=]SCRAPE SERVE[=]TR::TEXT request received at https://www.oca.org/readings/monthly/2024/6
[=]SCRAPE SERVE[=]TEXT EXTRACTED: 
6/10
  Acts 17:1-15
  John 11:47-57
  
[=]SCRAPE SERVE[=]ReqMETA: 200::GET
[=]SCRAPE SERVE[=]TR::TEXT request received at https://www.oca.org/readings/monthly/2024/6
[=]SCRAPE SERVE[=]TEXT EXTRACTED: 
6/11
  Acts 11:19-26, 29-30
  Luke 10:16-21
  (Apostles)
[=]SCRAPE SERVE[=]ReqMETA: 200::GET
[=]SCRAPE SERVE[=]TR::TEXT request received at https://www.oca.org/readings/monthly/2024/6
[=]SCRAPE SERVE[=]TEXT EXTRACTED: 
6/11
  Acts 17:19-28
  John 12:19-36
  
[=]SCRAPE SERVE[=]ReqMETA: 200::GET
[=]SCRAPE SERVE[=]TR::TEXT request received at https://www.oca.org/readings/monthly/2024/6
[=]SCRAPE SERVE[=]TEXT EXTRACTED: 
6/12
  Acts 18:22-28
  John 12:36-47
  
[=]SCRAPE SERVE[=]ReqMETA: 200::GET
[=]SCRAPE SERVE[=]TR::TEXT request received at https://www.oca.org/readings/monthly/2024/6
[=]SCRAPE SERVE[=]TEXT EXTRACTED: 
6/13
  Acts 1:1-12
  Luke 24:36-53
  
[=]SCRAPE SERVE[=]ReqMETA: 200::GET
[=]SCRAPE SERVE[=]TR::TEXT request received at https://www.oca.org/readings/monthly/2024/6
[=]SCRAPE SERVE[=]TEXT EXTRACTED: 
6/14
  Acts 19:1-8
  John 14:1-11
  
[=]SCRAPE SERVE[=]ReqMETA: 200::GET
[=]SCRAPE SERVE[=]TR::TEXT request received at https://www.oca.org/readings/monthly/2024/6
[=]SCRAPE SERVE[=]TEXT EXTRACTED: 
6/15
  Acts 20:7-12
  John 14:10-21
  
[=]SCRAPE SERVE[=]ReqMETA: 200::GET
[=]SCRAPE SERVE[=]TR::TEXT request received at https://www.oca.org/readings/monthly/2024/6
[=]SCRAPE SERVE[=]TEXT EXTRACTED: 
6/16
  Acts 20:16-18, 28-36
  John 17:1-13
  
[=]SCRAPE SERVE[=]ReqMETA: 200::GET
[=]SCRAPE SERVE[=]TR::TEXT request received at https://www.oca.org/readings/monthly/2024/6
[=]SCRAPE SERVE[=]TEXT EXTRACTED: 
6/17
  Acts 21:8-14
  John 14:27-15:7
  
[=]SCRAPE SERVE[=]ReqMETA: 200::GET
[=]SCRAPE SERVE[=]TR::TEXT request received at https://www.oca.org/readings/monthly/2024/6
[=]SCRAPE SERVE[=]TEXT EXTRACTED: 
6/18
  Acts 21:26-32
  John 16:2-13
  
[=]SCRAPE SERVE[=]ReqMETA: 200::GET
[=]SCRAPE SERVE[=]TR::TEXT request received at https://www.oca.org/readings/monthly/2024/6
[=]SCRAPE SERVE[=]TEXT EXTRACTED: 
6/19
  Jude 1-10
  John 14:21-24
  (Apostle)
[=]SCRAPE SERVE[=]ReqMETA: 200::GET
[=]SCRAPE SERVE[=]TR::TEXT request received at https://www.oca.org/readings/monthly/2024/6
[=]SCRAPE SERVE[=]TEXT EXTRACTED: 
6/19
  Acts 23:1-11
  John 16:15-23
  
[=]SCRAPE SERVE[=]ReqMETA: 200::GET
[=]SCRAPE SERVE[=]TR::TEXT request received at https://www.oca.org/readings/monthly/2024/6
[=]SCRAPE SERVE[=]TEXT EXTRACTED: 
6/20
  Acts 25:13-19
  John 16:23-33
  
[=]SCRAPE SERVE[=]ReqMETA: 200::GET
[=]SCRAPE SERVE[=]TR::TEXT request received at https://www.oca.org/readings/monthly/2024/6
[=]SCRAPE SERVE[=]TEXT EXTRACTED: 
6/21
  Acts 27:1-44
  John 17:18-26
  
[=]SCRAPE SERVE[=]ReqMETA: 200::GET
[=]SCRAPE SERVE[=]TR::TEXT request received at https://www.oca.org/readings/monthly/2024/6
[=]SCRAPE SERVE[=]TEXT EXTRACTED: 
6/22
  1 Thessalonians 4:13-17
  John 5:24-30
  (Departed)
[=]SCRAPE SERVE[=]ReqMETA: 200::GET
[=]SCRAPE SERVE[=]TR::TEXT request received at https://www.oca.org/readings/monthly/2024/6
[=]SCRAPE SERVE[=]TEXT EXTRACTED: 
6/22
  1 Corinthians 15:47-57
  John 6:35-39
  (Departed, variant)
[=]SCRAPE SERVE[=]ReqMETA: 200::GET
[=]SCRAPE SERVE[=]TR::TEXT request received at https://www.oca.org/readings/monthly/2024/6
[=]SCRAPE SERVE[=]TEXT EXTRACTED: 
6/22
  Acts 28:1-31
  John 21:15-25
  
[=]SCRAPE SERVE[=]ReqMETA: 200::GET
[=]SCRAPE SERVE[=]TR::TEXT request received at https://www.oca.org/readings/monthly/2024/6
[=]SCRAPE SERVE[=]TEXT EXTRACTED: 
6/23
  Acts 2:1-11
  John 7:37-52, 8:12
  
[=]SCRAPE SERVE[=]ReqMETA: 200::GET
[=]SCRAPE SERVE[=]TR::TEXT request received at https://www.oca.org/readings/monthly/2024/6
[=]SCRAPE SERVE[=]TEXT EXTRACTED: 
6/24
  Romans 13:11-14:4
  Luke 1:1-25, 57-68, 76, 80
  (Forerunner)
[=]SCRAPE SERVE[=]ReqMETA: 200::GET
[=]SCRAPE SERVE[=]TR::TEXT request received at https://www.oca.org/readings/monthly/2024/6
[=]SCRAPE SERVE[=]TEXT EXTRACTED: 
6/24
  Ephesians 5:9-19
  Matthew 18:10-20
  
[=]SCRAPE SERVE[=]ReqMETA: 200::GET
[=]SCRAPE SERVE[=]TR::TEXT request received at https://www.oca.org/readings/monthly/2024/6
[=]SCRAPE SERVE[=]TEXT EXTRACTED: 
6/25
  Romans 1:1-7, 13-17
  Matthew 4:25-5:13
  
[=]SCRAPE SERVE[=]ReqMETA: 200::GET
[=]SCRAPE SERVE[=]TR::TEXT request received at https://www.oca.org/readings/monthly/2024/6
[=]SCRAPE SERVE[=]TEXT EXTRACTED: 
6/26
  Romans 1:18-27
  Matthew 5:20-26
  
[=]SCRAPE SERVE[=]ReqMETA: 200::GET
[=]SCRAPE SERVE[=]TR::TEXT request received at https://www.oca.org/readings/monthly/2024/6
[=]SCRAPE SERVE[=]TEXT EXTRACTED: 
6/27
  Romans 1:28-2:9
  Matthew 5:27-32
  
[=]SCRAPE SERVE[=]ReqMETA: 200::GET
[=]SCRAPE SERVE[=]TR::TEXT request received at https://www.oca.org/readings/monthly/2024/6
[=]SCRAPE SERVE[=]TEXT EXTRACTED: 
6/28
  Romans 2:14-29
  Matthew 5:33-41
  
[=]SCRAPE SERVE[=]ReqMETA: 200::GET
[=]SCRAPE SERVE[=]TR::TEXT request received at https://www.oca.org/readings/monthly/2024/6
[=]SCRAPE SERVE[=]TEXT EXTRACTED: 
6/29
  2 Corinthians 11:21-12:9
  Matthew 16:13-19
  (Apostles)
[=]SCRAPE SERVE[=]ReqMETA: 200::GET
[=]SCRAPE SERVE[=]TR::TEXT request received at https://www.oca.org/readings/monthly/2024/6
[=]SCRAPE SERVE[=]TEXT EXTRACTED: 
6/29
  Romans 1:7-12
  Matthew 5:42-48
  
[=]SCRAPE SERVE[=]ReqMETA: 200::GET
[=]SCRAPE SERVE[=]TR::TEXT request received at https://www.oca.org/readings/monthly/2024/6
[=]SCRAPE SERVE[=]TEXT EXTRACTED: 
6/30
  1 Corinthians 4:9-16
  Mark 3:13-19
  (Apostles)
[=]SCRAPE SERVE[=]ReqMETA: 200::GET
[=]SCRAPE SERVE[=]TR::TEXT request received at https://www.oca.org/readings/monthly/2024/6
[=]SCRAPE SERVE[=]TEXT EXTRACTED: 
6/30
  Hebrews 11:33-12:2
  Matthew 10:32-33, 37-38, 19:27-30
  
[=]SCRAPE SERVE[=]ReqMETA: 200::GET
[=]SCRAPE SERVE[=]visiting https://www.oca.org/readings/monthly/2024/6
[=]SCRAPE SERVE[=]response received 200
[=]SCRAPE SERVE[=]TR::TEXT request received at https://www.oca.org/readings/monthly/2024/6
[=]SCRAPE SERVE[=]TEXT EXTRACTED: 
6/1
  Acts 12:1-11
  John 8:31-42
  
[=]SCRAPE SERVE[=]ReqMETA: 200::GET
[=]SCRAPE SERVE[=]TR::TEXT request received at https://www.oca.org/readings/monthly/2024/6
[=]SCRAPE SERVE[=]TEXT EXTRACTED: 
6/2
  Acts 11:19-26, 29-30
  John 4:5-42
  
[=]SCRAPE SERVE[=]ReqMETA: 200::GET
[=]SCRAPE SERVE[=]TR::TEXT request received at https://www.oca.org/readings/monthly/2024/6
[=]SCRAPE SERVE[=]TEXT EXTRACTED: 
6/3
  Acts 12:12-17
  John 8:42-51
  
[=]SCRAPE SERVE[=]ReqMETA: 200::GET
[=]SCRAPE SERVE[=]TR::TEXT request received at https://www.oca.org/readings/monthly/2024/6
[=]SCRAPE SERVE[=]TEXT EXTRACTED: 
6/4
  Acts 12:25-13:12
  John 8:51-59
  
[=]SCRAPE SERVE[=]ReqMETA: 200::GET
[=]SCRAPE SERVE[=]TR::TEXT request received at https://www.oca.org/readings/monthly/2024/6
[=]SCRAPE SERVE[=]TEXT EXTRACTED: 
6/5
  Acts 13:13-24
  John 6:5-14
  
[=]SCRAPE SERVE[=]ReqMETA: 200::GET
[=]SCRAPE SERVE[=]TR::TEXT request received at https://www.oca.org/readings/monthly/2024/6
[=]SCRAPE SERVE[=]TEXT EXTRACTED: 
6/6
  Acts 14:20-27
  John 9:39-10:9
  
[=]SCRAPE SERVE[=]ReqMETA: 200::GET
[=]SCRAPE SERVE[=]TR::TEXT request received at https://www.oca.org/readings/monthly/2024/6
[=]SCRAPE SERVE[=]TEXT EXTRACTED: 
6/7
  Acts 15:5-34
  John 10:17-28
  
[=]SCRAPE SERVE[=]ReqMETA: 200::GET
[=]SCRAPE SERVE[=]TR::TEXT request received at https://www.oca.org/readings/monthly/2024/6
[=]SCRAPE SERVE[=]TEXT EXTRACTED: 
6/8
  Acts 15:35-41
  John 10:27-38
  
[=]SCRAPE SERVE[=]ReqMETA: 200::GET
[=]SCRAPE SERVE[=]TR::TEXT request received at https://www.oca.org/readings/monthly/2024/6
[=]SCRAPE SERVE[=]TEXT EXTRACTED: 
6/9
  Acts 16:16-34
  John 9:1-38
  
[=]SCRAPE SERVE[=]ReqMETA: 200::GET
[=]SCRAPE SERVE[=]TR::TEXT request received at https://www.oca.org/readings/monthly/2024/6
[=]SCRAPE SERVE[=]TEXT EXTRACTED: 
6/10
  Acts 17:1-15
  John 11:47-57
  
[=]SCRAPE SERVE[=]ReqMETA: 200::GET
[=]SCRAPE SERVE[=]TR::TEXT request received at https://www.oca.org/readings/monthly/2024/6
[=]SCRAPE SERVE[=]TEXT EXTRACTED: 
6/11
  Acts 11:19-26, 29-30
  Luke 10:16-21
  (Apostles)
[=]SCRAPE SERVE[=]ReqMETA: 200::GET
[=]SCRAPE SERVE[=]TR::TEXT request received at https://www.oca.org/readings/monthly/2024/6
[=]SCRAPE SERVE[=]TEXT EXTRACTED: 
6/11
  Acts 17:19-28
  John 12:19-36
  
[=]SCRAPE SERVE[=]ReqMETA: 200::GET
[=]SCRAPE SERVE[=]TR::TEXT request received at https://www.oca.org/readings/monthly/2024/6
[=]SCRAPE SERVE[=]TEXT EXTRACTED: 
6/12
  Acts 18:22-28
  John 12:36-47
  
[=]SCRAPE SERVE[=]ReqMETA: 200::GET
[=]SCRAPE SERVE[=]TR::TEXT request received at https://www.oca.org/readings/monthly/2024/6
[=]SCRAPE SERVE[=]TEXT EXTRACTED: 
6/13
  Acts 1:1-12
  Luke 24:36-53
  
[=]SCRAPE SERVE[=]ReqMETA: 200::GET
[=]SCRAPE SERVE[=]TR::TEXT request received at https://www.oca.org/readings/monthly/2024/6
[=]SCRAPE SERVE[=]TEXT EXTRACTED: 
6/14
  Acts 19:1-8
  John 14:1-11
  
[=]SCRAPE SERVE[=]ReqMETA: 200::GET
[=]SCRAPE SERVE[=]TR::TEXT request received at https://www.oca.org/readings/monthly/2024/6
[=]SCRAPE SERVE[=]TEXT EXTRACTED: 
6/15
  Acts 20:7-12
  John 14:10-21
  
[=]SCRAPE SERVE[=]ReqMETA: 200::GET
[=]SCRAPE SERVE[=]TR::TEXT request received at https://www.oca.org/readings/monthly/2024/6
[=]SCRAPE SERVE[=]TEXT EXTRACTED: 
6/16
  Acts 20:16-18, 28-36
  John 17:1-13
  
[=]SCRAPE SERVE[=]ReqMETA: 200::GET
[=]SCRAPE SERVE[=]TR::TEXT request received at https://www.oca.org/readings/monthly/2024/6
[=]SCRAPE SERVE[=]TEXT EXTRACTED: 
6/17
  Acts 21:8-14
  John 14:27-15:7
  
[=]SCRAPE SERVE[=]ReqMETA: 200::GET
[=]SCRAPE SERVE[=]TR::TEXT request received at https://www.oca.org/readings/monthly/2024/6
[=]SCRAPE SERVE[=]TEXT EXTRACTED: 
6/18
  Acts 21:26-32
  John 16:2-13
  
[=]SCRAPE SERVE[=]ReqMETA: 200::GET
[=]SCRAPE SERVE[=]TR::TEXT request received at https://www.oca.org/readings/monthly/2024/6
[=]SCRAPE SERVE[=]TEXT EXTRACTED: 
6/19
  Jude 1-10
  John 14:21-24
  (Apostle)
[=]SCRAPE SERVE[=]ReqMETA: 200::GET
[=]SCRAPE SERVE[=]TR::TEXT request received at https://www.oca.org/readings/monthly/2024/6
[=]SCRAPE SERVE[=]TEXT EXTRACTED: 
6/19
  Acts 23:1-11
  John 16:15-23
  
[=]SCRAPE SERVE[=]ReqMETA: 200::GET
[=]SCRAPE SERVE[=]TR::TEXT request received at https://www.oca.org/readings/monthly/2024/6
[=]SCRAPE SERVE[=]TEXT EXTRACTED: 
6/20
  Acts 25:13-19
  John 16:23-33
  
[=]SCRAPE SERVE[=]ReqMETA: 200::GET
[=]SCRAPE SERVE[=]TR::TEXT request received at https://www.oca.org/readings/monthly/2024/6
[=]SCRAPE SERVE[=]TEXT EXTRACTED: 
6/21
  Acts 27:1-44
  John 17:18-26
  
[=]SCRAPE SERVE[=]ReqMETA: 200::GET
[=]SCRAPE SERVE[=]TR::TEXT request received at https://www.oca.org/readings/monthly/2024/6
[=]SCRAPE SERVE[=]TEXT EXTRACTED: 
6/22
  1 Thessalonians 4:13-17
  John 5:24-30
  (Departed)
[=]SCRAPE SERVE[=]ReqMETA: 200::GET
[=]SCRAPE SERVE[=]TR::TEXT request received at https://www.oca.org/readings/monthly/2024/6
[=]SCRAPE SERVE[=]TEXT EXTRACTED: 
6/22
  1 Corinthians 15:47-57
  John 6:35-39
  (Departed, variant)
[=]SCRAPE SERVE[=]ReqMETA: 200::GET
[=]SCRAPE SERVE[=]TR::TEXT request received at https://www.oca.org/readings/monthly/2024/6
[=]SCRAPE SERVE[=]TEXT EXTRACTED: 
6/22
  Acts 28:1-31
  John 21:15-25
  
[=]SCRAPE SERVE[=]ReqMETA: 200::GET
[=]SCRAPE SERVE[=]TR::TEXT request received at https://www.oca.org/readings/monthly/2024/6
[=]SCRAPE SERVE[=]TEXT EXTRACTED: 
6/23
  Acts 2:1-11
  John 7:37-52, 8:12
  
[=]SCRAPE SERVE[=]ReqMETA: 200::GET
[=]SCRAPE SERVE[=]TR::TEXT request received at https://www.oca.org/readings/monthly/2024/6
[=]SCRAPE SERVE[=]TEXT EXTRACTED: 
6/24
  Romans 13:11-14:4
  Luke 1:1-25, 57-68, 76, 80
  (Forerunner)
[=]SCRAPE SERVE[=]ReqMETA: 200::GET
[=]SCRAPE SERVE[=]TR::TEXT request received at https://www.oca.org/readings/monthly/2024/6
[=]SCRAPE SERVE[=]TEXT EXTRACTED: 
6/24
  Ephesians 5:9-19
  Matthew 18:10-20
  
[=]SCRAPE SERVE[=]ReqMETA: 200::GET
[=]SCRAPE SERVE[=]TR::TEXT request received at https://www.oca.org/readings/monthly/2024/6
[=]SCRAPE SERVE[=]TEXT EXTRACTED: 
6/25
  Romans 1:1-7, 13-17
  Matthew 4:25-5:13
  
[=]SCRAPE SERVE[=]ReqMETA: 200::GET
[=]SCRAPE SERVE[=]TR::TEXT request received at https://www.oca.org/readings/monthly/2024/6
[=]SCRAPE SERVE[=]TEXT EXTRACTED: 
6/26
  Romans 1:18-27
  Matthew 5:20-26
  
[=]SCRAPE SERVE[=]ReqMETA: 200::GET
[=]SCRAPE SERVE[=]TR::TEXT request received at https://www.oca.org/readings/monthly/2024/6
[=]SCRAPE SERVE[=]TEXT EXTRACTED: 
6/27
  Romans 1:28-2:9
  Matthew 5:27-32
  
[=]SCRAPE SERVE[=]ReqMETA: 200::GET
[=]SCRAPE SERVE[=]TR::TEXT request received at https://www.oca.org/readings/monthly/2024/6
[=]SCRAPE SERVE[=]TEXT EXTRACTED: 
6/28
  Romans 2:14-29
  Matthew 5:33-41
  
[=]SCRAPE SERVE[=]ReqMETA: 200::GET
[=]SCRAPE SERVE[=]TR::TEXT request received at https://www.oca.org/readings/monthly/2024/6
[=]SCRAPE SERVE[=]TEXT EXTRACTED: 
6/29
  2 Corinthians 11:21-12:9
  Matthew 16:13-19
  (Apostles)
[=]SCRAPE SERVE[=]ReqMETA: 200::GET
[=]SCRAPE SERVE[=]TR::TEXT request received at https://www.oca.org/readings/monthly/2024/6
[=]SCRAPE SERVE[=]TEXT EXTRACTED: 
6/29
  Romans 1:7-12
  Matthew 5:42-48
  
[=]SCRAPE SERVE[=]ReqMETA: 200::GET
[=]SCRAPE SERVE[=]TR::TEXT request received at https://www.oca.org/readings/monthly/2024/6
[=]SCRAPE SERVE[=]TEXT EXTRACTED: 
6/30
  1 Corinthians 4:9-16
  Mark 3:13-19
  (Apostles)
[=]SCRAPE SERVE[=]ReqMETA: 200::GET
[=]SCRAPE SERVE[=]TR::TEXT request received at https://www.oca.org/readings/monthly/2024/6
[=]SCRAPE SERVE[=]TEXT EXTRACTED: 
6/30
  Hebrews 11:33-12:2
  Matthew 10:32-33, 37-38, 19:27-30
  
[=]SCRAPE SERVE[=]ReqMETA: 200::GET
[=]SCRAPE SERVE[=]visiting https://www.oca.org/readings/monthly/2024/6
[=]SCRAPE SERVE[=]response received 200
[=]SCRAPE SERVE[=]TR::TEXT request received at https://www.oca.org/readings/monthly/2024/6
[=]SCRAPE SERVE[=]TEXT EXTRACTED: 
6/1
  Acts 12:1-11
  John 8:31-42
  
[=]SCRAPE SERVE[=]ReqMETA: 200::GET
[=]SCRAPE SERVE[=]TR::TEXT request received at https://www.oca.org/readings/monthly/2024/6
[=]SCRAPE SERVE[=]TEXT EXTRACTED: 
6/2
  Acts 11:19-26, 29-30
  John 4:5-42
  
[=]SCRAPE SERVE[=]ReqMETA: 200::GET
[=]SCRAPE SERVE[=]TR::TEXT request received at https://www.oca.org/readings/monthly/2024/6
[=]SCRAPE SERVE[=]TEXT EXTRACTED: 
6/3
  Acts 12:12-17
  John 8:42-51
  
[=]SCRAPE SERVE[=]ReqMETA: 200::GET
[=]SCRAPE SERVE[=]TR::TEXT request received at https://www.oca.org/readings/monthly/2024/6
[=]SCRAPE SERVE[=]TEXT EXTRACTED: 
6/4
  Acts 12:25-13:12
  John 8:51-59
  
[=]SCRAPE SERVE[=]ReqMETA: 200::GET
[=]SCRAPE SERVE[=]TR::TEXT request received at https://www.oca.org/readings/monthly/2024/6
[=]SCRAPE SERVE[=]TEXT EXTRACTED: 
6/5
  Acts 13:13-24
  John 6:5-14
  
[=]SCRAPE SERVE[=]ReqMETA: 200::GET
[=]SCRAPE SERVE[=]TR::TEXT request received at https://www.oca.org/readings/monthly/2024/6
[=]SCRAPE SERVE[=]TEXT EXTRACTED: 
6/6
  Acts 14:20-27
  John 9:39-10:9
  
[=]SCRAPE SERVE[=]ReqMETA: 200::GET
[=]SCRAPE SERVE[=]TR::TEXT request received at https://www.oca.org/readings/monthly/2024/6
[=]SCRAPE SERVE[=]TEXT EXTRACTED: 
6/7
  Acts 15:5-34
  John 10:17-28
  
[=]SCRAPE SERVE[=]ReqMETA: 200::GET
[=]SCRAPE SERVE[=]TR::TEXT request received at https://www.oca.org/readings/monthly/2024/6
[=]SCRAPE SERVE[=]TEXT EXTRACTED: 
6/8
  Acts 15:35-41
  John 10:27-38
  
[=]SCRAPE SERVE[=]ReqMETA: 200::GET
[=]SCRAPE SERVE[=]TR::TEXT request received at https://www.oca.org/readings/monthly/2024/6
[=]SCRAPE SERVE[=]TEXT EXTRACTED: 
6/9
  Acts 16:16-34
  John 9:1-38
  
[=]SCRAPE SERVE[=]ReqMETA: 200::GET
[=]SCRAPE SERVE[=]TR::TEXT request received at https://www.oca.org/readings/monthly/2024/6
[=]SCRAPE SERVE[=]TEXT EXTRACTED: 
6/10
  Acts 17:1-15
  John 11:47-57
  
[=]SCRAPE SERVE[=]ReqMETA: 200::GET
[=]SCRAPE SERVE[=]TR::TEXT request received at https://www.oca.org/readings/monthly/2024/6
[=]SCRAPE SERVE[=]TEXT EXTRACTED: 
6/11
  Acts 11:19-26, 29-30
  Luke 10:16-21
  (Apostles)
[=]SCRAPE SERVE[=]ReqMETA: 200::GET
[=]SCRAPE SERVE[=]TR::TEXT request received at https://www.oca.org/readings/monthly/2024/6
[=]SCRAPE SERVE[=]TEXT EXTRACTED: 
6/11
  Acts 17:19-28
  John 12:19-36
  
[=]SCRAPE SERVE[=]ReqMETA: 200::GET
[=]SCRAPE SERVE[=]TR::TEXT request received at https://www.oca.org/readings/monthly/2024/6
[=]SCRAPE SERVE[=]TEXT EXTRACTED: 
6/12
  Acts 18:22-28
  John 12:36-47
  
[=]SCRAPE SERVE[=]ReqMETA: 200::GET
[=]SCRAPE SERVE[=]TR::TEXT request received at https://www.oca.org/readings/monthly/2024/6
[=]SCRAPE SERVE[=]TEXT EXTRACTED: 
6/13
  Acts 1:1-12
  Luke 24:36-53
  
[=]SCRAPE SERVE[=]ReqMETA: 200::GET
[=]SCRAPE SERVE[=]TR::TEXT request received at https://www.oca.org/readings/monthly/2024/6
[=]SCRAPE SERVE[=]TEXT EXTRACTED: 
6/14
  Acts 19:1-8
  John 14:1-11
  
[=]SCRAPE SERVE[=]ReqMETA: 200::GET
[=]SCRAPE SERVE[=]TR::TEXT request received at https://www.oca.org/readings/monthly/2024/6
[=]SCRAPE SERVE[=]TEXT EXTRACTED: 
6/15
  Acts 20:7-12
  John 14:10-21
  
[=]SCRAPE SERVE[=]ReqMETA: 200::GET
[=]SCRAPE SERVE[=]TR::TEXT request received at https://www.oca.org/readings/monthly/2024/6
[=]SCRAPE SERVE[=]TEXT EXTRACTED: 
6/16
  Acts 20:16-18, 28-36
  John 17:1-13
  
[=]SCRAPE SERVE[=]ReqMETA: 200::GET
[=]SCRAPE SERVE[=]TR::TEXT request received at https://www.oca.org/readings/monthly/2024/6
[=]SCRAPE SERVE[=]TEXT EXTRACTED: 
6/17
  Acts 21:8-14
  John 14:27-15:7
  
[=]SCRAPE SERVE[=]ReqMETA: 200::GET
[=]SCRAPE SERVE[=]TR::TEXT request received at https://www.oca.org/readings/monthly/2024/6
[=]SCRAPE SERVE[=]TEXT EXTRACTED: 
6/18
  Acts 21:26-32
  John 16:2-13
  
[=]SCRAPE SERVE[=]ReqMETA: 200::GET
[=]SCRAPE SERVE[=]TR::TEXT request received at https://www.oca.org/readings/monthly/2024/6
[=]SCRAPE SERVE[=]TEXT EXTRACTED: 
6/19
  Jude 1-10
  John 14:21-24
  (Apostle)
[=]SCRAPE SERVE[=]ReqMETA: 200::GET
[=]SCRAPE SERVE[=]TR::TEXT request received at https://www.oca.org/readings/monthly/2024/6
[=]SCRAPE SERVE[=]TEXT EXTRACTED: 
6/19
  Acts 23:1-11
  John 16:15-23
  
[=]SCRAPE SERVE[=]ReqMETA: 200::GET
[=]SCRAPE SERVE[=]TR::TEXT request received at https://www.oca.org/readings/monthly/2024/6
[=]SCRAPE SERVE[=]TEXT EXTRACTED: 
6/20
  Acts 25:13-19
  John 16:23-33
  
[=]SCRAPE SERVE[=]ReqMETA: 200::GET
[=]SCRAPE SERVE[=]TR::TEXT request received at https://www.oca.org/readings/monthly/2024/6
[=]SCRAPE SERVE[=]TEXT EXTRACTED: 
6/21
  Acts 27:1-44
  John 17:18-26
  
[=]SCRAPE SERVE[=]ReqMETA: 200::GET
[=]SCRAPE SERVE[=]TR::TEXT request received at https://www.oca.org/readings/monthly/2024/6
[=]SCRAPE SERVE[=]TEXT EXTRACTED: 
6/22
  1 Thessalonians 4:13-17
  John 5:24-30
  (Departed)
[=]SCRAPE SERVE[=]ReqMETA: 200::GET
[=]SCRAPE SERVE[=]TR::TEXT request received at https://www.oca.org/readings/monthly/2024/6
[=]SCRAPE SERVE[=]TEXT EXTRACTED: 
6/22
  1 Corinthians 15:47-57
  John 6:35-39
  (Departed, variant)
[=]SCRAPE SERVE[=]ReqMETA: 200::GET
[=]SCRAPE SERVE[=]TR::TEXT request received at https://www.oca.org/readings/monthly/2024/6
[=]SCRAPE SERVE[=]TEXT EXTRACTED: 
6/22
  Acts 28:1-31
  John 21:15-25
  
[=]SCRAPE SERVE[=]ReqMETA: 200::GET
[=]SCRAPE SERVE[=]TR::TEXT request received at https://www.oca.org/readings/monthly/2024/6
[=]SCRAPE SERVE[=]TEXT EXTRACTED: 
6/23
  Acts 2:1-11
  John 7:37-52, 8:12
  
[=]SCRAPE SERVE[=]ReqMETA: 200::GET
[=]SCRAPE SERVE[=]TR::TEXT request received at https://www.oca.org/readings/monthly/2024/6
[=]SCRAPE SERVE[=]TEXT EXTRACTED: 
6/24
  Romans 13:11-14:4
  Luke 1:1-25, 57-68, 76, 80
  (Forerunner)
[=]SCRAPE SERVE[=]ReqMETA: 200::GET
[=]SCRAPE SERVE[=]TR::TEXT request received at https://www.oca.org/readings/monthly/2024/6
[=]SCRAPE SERVE[=]TEXT EXTRACTED: 
6/24
  Ephesians 5:9-19
  Matthew 18:10-20
  
[=]SCRAPE SERVE[=]ReqMETA: 200::GET
[=]SCRAPE SERVE[=]TR::TEXT request received at https://www.oca.org/readings/monthly/2024/6
[=]SCRAPE SERVE[=]TEXT EXTRACTED: 
6/25
  Romans 1:1-7, 13-17
  Matthew 4:25-5:13
  
[=]SCRAPE SERVE[=]ReqMETA: 200::GET
[=]SCRAPE SERVE[=]TR::TEXT request received at https://www.oca.org/readings/monthly/2024/6
[=]SCRAPE SERVE[=]TEXT EXTRACTED: 
6/26
  Romans 1:18-27
  Matthew 5:20-26
  
[=]SCRAPE SERVE[=]ReqMETA: 200::GET
[=]SCRAPE SERVE[=]TR::TEXT request received at https://www.oca.org/readings/monthly/2024/6
[=]SCRAPE SERVE[=]TEXT EXTRACTED: 
6/27
  Romans 1:28-2:9
  Matthew 5:27-32
  
[=]SCRAPE SERVE[=]ReqMETA: 200::GET
[=]SCRAPE SERVE[=]TR::TEXT request received at https://www.oca.org/readings/monthly/2024/6
[=]SCRAPE SERVE[=]TEXT EXTRACTED: 
6/28
  Romans 2:14-29
  Matthew 5:33-41
  
[=]SCRAPE SERVE[=]ReqMETA: 200::GET
[=]SCRAPE SERVE[=]TR::TEXT request received at https://www.oca.org/readings/monthly/2024/6
[=]SCRAPE SERVE[=]TEXT EXTRACTED: 
6/29
  2 Corinthians 11:21-12:9
  Matthew 16:13-19
  (Apostles)
[=]SCRAPE SERVE[=]ReqMETA: 200::GET
[=]SCRAPE SERVE[=]TR::TEXT request received at https://www.oca.org/readings/monthly/2024/6
[=]SCRAPE SERVE[=]TEXT EXTRACTED: 
6/29
  Romans 1:7-12
  Matthew 5:42-48
  
[=]SCRAPE SERVE[=]ReqMETA: 200::GET
[=]SCRAPE SERVE[=]TR::TEXT request received at https://www.oca.org/readings/monthly/2024/6
[=]SCRAPE SERVE[=]TEXT EXTRACTED: 
6/30
  1 Corinthians 4:9-16
  Mark 3:13-19
  (Apostles)
[=]SCRAPE SERVE[=]ReqMETA: 200::GET
[=]SCRAPE SERVE[=]TR::TEXT request received at https://www.oca.org/readings/monthly/2024/6
[=]SCRAPE SERVE[=]TEXT EXTRACTED: 
6/30
  Hebrews 11:33-12:2
  Matthew 10:32-33, 37-38, 19:27-30
  
[=]SCRAPE SERVE[=]ReqMETA: 200::GET
[=]SCRAPE SERVE[=]visiting https://www.oca.org/readings/monthly/2024/6
[=]SCRAPE SERVE[=]response received 200
[=]SCRAPE SERVE[=]TR::TEXT request received at https://www.oca.org/readings/monthly/2024/6
[=]SCRAPE SERVE[=]TEXT EXTRACTED: 
6/1
  Acts 12:1-11
  John 8:31-42
  
[=]SCRAPE SERVE[=]ReqMETA: 200::GET
[=]SCRAPE SERVE[=]TR::TEXT request received at https://www.oca.org/readings/monthly/2024/6
[=]SCRAPE SERVE[=]TEXT EXTRACTED: 
6/2
  Acts 11:19-26, 29-30
  John 4:5-42
  
[=]SCRAPE SERVE[=]ReqMETA: 200::GET
[=]SCRAPE SERVE[=]TR::TEXT request received at https://www.oca.org/readings/monthly/2024/6
[=]SCRAPE SERVE[=]TEXT EXTRACTED: 
6/3
  Acts 12:12-17
  John 8:42-51
  
[=]SCRAPE SERVE[=]ReqMETA: 200::GET
[=]SCRAPE SERVE[=]TR::TEXT request received at https://www.oca.org/readings/monthly/2024/6
[=]SCRAPE SERVE[=]TEXT EXTRACTED: 
6/4
  Acts 12:25-13:12
  John 8:51-59
  
[=]SCRAPE SERVE[=]ReqMETA: 200::GET
[=]SCRAPE SERVE[=]TR::TEXT request received at https://www.oca.org/readings/monthly/2024/6
[=]SCRAPE SERVE[=]TEXT EXTRACTED: 
6/5
  Acts 13:13-24
  John 6:5-14
  
[=]SCRAPE SERVE[=]ReqMETA: 200::GET
[=]SCRAPE SERVE[=]TR::TEXT request received at https://www.oca.org/readings/monthly/2024/6
[=]SCRAPE SERVE[=]TEXT EXTRACTED: 
6/6
  Acts 14:20-27
  John 9:39-10:9
  
[=]SCRAPE SERVE[=]ReqMETA: 200::GET
[=]SCRAPE SERVE[=]TR::TEXT request received at https://www.oca.org/readings/monthly/2024/6
[=]SCRAPE SERVE[=]TEXT EXTRACTED: 
6/7
  Acts 15:5-34
  John 10:17-28
  
[=]SCRAPE SERVE[=]ReqMETA: 200::GET
[=]SCRAPE SERVE[=]TR::TEXT request received at https://www.oca.org/readings/monthly/2024/6
[=]SCRAPE SERVE[=]TEXT EXTRACTED: 
6/8
  Acts 15:35-41
  John 10:27-38
  
[=]SCRAPE SERVE[=]ReqMETA: 200::GET
[=]SCRAPE SERVE[=]TR::TEXT request received at https://www.oca.org/readings/monthly/2024/6
[=]SCRAPE SERVE[=]TEXT EXTRACTED: 
6/9
  Acts 16:16-34
  John 9:1-38
  
[=]SCRAPE SERVE[=]ReqMETA: 200::GET
[=]SCRAPE SERVE[=]TR::TEXT request received at https://www.oca.org/readings/monthly/2024/6
[=]SCRAPE SERVE[=]TEXT EXTRACTED: 
6/10
  Acts 17:1-15
  John 11:47-57
  
[=]SCRAPE SERVE[=]ReqMETA: 200::GET
[=]SCRAPE SERVE[=]TR::TEXT request received at https://www.oca.org/readings/monthly/2024/6
[=]SCRAPE SERVE[=]TEXT EXTRACTED: 
6/11
  Acts 11:19-26, 29-30
  Luke 10:16-21
  (Apostles)
[=]SCRAPE SERVE[=]ReqMETA: 200::GET
[=]SCRAPE SERVE[=]TR::TEXT request received at https://www.oca.org/readings/monthly/2024/6
[=]SCRAPE SERVE[=]TEXT EXTRACTED: 
6/11
  Acts 17:19-28
  John 12:19-36
  
[=]SCRAPE SERVE[=]ReqMETA: 200::GET
[=]SCRAPE SERVE[=]TR::TEXT request received at https://www.oca.org/readings/monthly/2024/6
[=]SCRAPE SERVE[=]TEXT EXTRACTED: 
6/12
  Acts 18:22-28
  John 12:36-47
  
[=]SCRAPE SERVE[=]ReqMETA: 200::GET
[=]SCRAPE SERVE[=]TR::TEXT request received at https://www.oca.org/readings/monthly/2024/6
[=]SCRAPE SERVE[=]TEXT EXTRACTED: 
6/13
  Acts 1:1-12
  Luke 24:36-53
  
[=]SCRAPE SERVE[=]ReqMETA: 200::GET
[=]SCRAPE SERVE[=]TR::TEXT request received at https://www.oca.org/readings/monthly/2024/6
[=]SCRAPE SERVE[=]TEXT EXTRACTED: 
6/14
  Acts 19:1-8
  John 14:1-11
  
[=]SCRAPE SERVE[=]ReqMETA: 200::GET
[=]SCRAPE SERVE[=]TR::TEXT request received at https://www.oca.org/readings/monthly/2024/6
[=]SCRAPE SERVE[=]TEXT EXTRACTED: 
6/15
  Acts 20:7-12
  John 14:10-21
  
[=]SCRAPE SERVE[=]ReqMETA: 200::GET
[=]SCRAPE SERVE[=]TR::TEXT request received at https://www.oca.org/readings/monthly/2024/6
[=]SCRAPE SERVE[=]TEXT EXTRACTED: 
6/16
  Acts 20:16-18, 28-36
  John 17:1-13
  
[=]SCRAPE SERVE[=]ReqMETA: 200::GET
[=]SCRAPE SERVE[=]TR::TEXT request received at https://www.oca.org/readings/monthly/2024/6
[=]SCRAPE SERVE[=]TEXT EXTRACTED: 
6/17
  Acts 21:8-14
  John 14:27-15:7
  
[=]SCRAPE SERVE[=]ReqMETA: 200::GET
[=]SCRAPE SERVE[=]TR::TEXT request received at https://www.oca.org/readings/monthly/2024/6
[=]SCRAPE SERVE[=]TEXT EXTRACTED: 
6/18
  Acts 21:26-32
  John 16:2-13
  
[=]SCRAPE SERVE[=]ReqMETA: 200::GET
[=]SCRAPE SERVE[=]TR::TEXT request received at https://www.oca.org/readings/monthly/2024/6
[=]SCRAPE SERVE[=]TEXT EXTRACTED: 
6/19
  Jude 1-10
  John 14:21-24
  (Apostle)
[=]SCRAPE SERVE[=]ReqMETA: 200::GET
[=]SCRAPE SERVE[=]TR::TEXT request received at https://www.oca.org/readings/monthly/2024/6
[=]SCRAPE SERVE[=]TEXT EXTRACTED: 
6/19
  Acts 23:1-11
  John 16:15-23
  
[=]SCRAPE SERVE[=]ReqMETA: 200::GET
[=]SCRAPE SERVE[=]TR::TEXT request received at https://www.oca.org/readings/monthly/2024/6
[=]SCRAPE SERVE[=]TEXT EXTRACTED: 
6/20
  Acts 25:13-19
  John 16:23-33
  
[=]SCRAPE SERVE[=]ReqMETA: 200::GET
[=]SCRAPE SERVE[=]TR::TEXT request received at https://www.oca.org/readings/monthly/2024/6
[=]SCRAPE SERVE[=]TEXT EXTRACTED: 
6/21
  Acts 27:1-44
  John 17:18-26
  
[=]SCRAPE SERVE[=]ReqMETA: 200::GET
[=]SCRAPE SERVE[=]TR::TEXT request received at https://www.oca.org/readings/monthly/2024/6
[=]SCRAPE SERVE[=]TEXT EXTRACTED: 
6/22
  1 Thessalonians 4:13-17
  John 5:24-30
  (Departed)
[=]SCRAPE SERVE[=]ReqMETA: 200::GET
[=]SCRAPE SERVE[=]TR::TEXT request received at https://www.oca.org/readings/monthly/2024/6
[=]SCRAPE SERVE[=]TEXT EXTRACTED: 
6/22
  1 Corinthians 15:47-57
  John 6:35-39
  (Departed, variant)
[=]SCRAPE SERVE[=]ReqMETA: 200::GET
[=]SCRAPE SERVE[=]TR::TEXT request received at https://www.oca.org/readings/monthly/2024/6
[=]SCRAPE SERVE[=]TEXT EXTRACTED: 
6/22
  Acts 28:1-31
  John 21:15-25
  
[=]SCRAPE SERVE[=]ReqMETA: 200::GET
[=]SCRAPE SERVE[=]TR::TEXT request received at https://www.oca.org/readings/monthly/2024/6
[=]SCRAPE SERVE[=]TEXT EXTRACTED: 
6/23
  Acts 2:1-11
  John 7:37-52, 8:12
  
[=]SCRAPE SERVE[=]ReqMETA: 200::GET
[=]SCRAPE SERVE[=]TR::TEXT request received at https://www.oca.org/readings/monthly/2024/6
[=]SCRAPE SERVE[=]TEXT EXTRACTED: 
6/24
  Romans 13:11-14:4
  Luke 1:1-25, 57-68, 76, 80
  (Forerunner)
[=]SCRAPE SERVE[=]ReqMETA: 200::GET
[=]SCRAPE SERVE[=]TR::TEXT request received at https://www.oca.org/readings/monthly/2024/6
[=]SCRAPE SERVE[=]TEXT EXTRACTED: 
6/24
  Ephesians 5:9-19
  Matthew 18:10-20
  
[=]SCRAPE SERVE[=]ReqMETA: 200::GET
[=]SCRAPE SERVE[=]TR::TEXT request received at https://www.oca.org/readings/monthly/2024/6
[=]SCRAPE SERVE[=]TEXT EXTRACTED: 
6/25
  Romans 1:1-7, 13-17
  Matthew 4:25-5:13
  
[=]SCRAPE SERVE[=]ReqMETA: 200::GET
[=]SCRAPE SERVE[=]TR::TEXT request received at https://www.oca.org/readings/monthly/2024/6
[=]SCRAPE SERVE[=]TEXT EXTRACTED: 
6/26
  Romans 1:18-27
  Matthew 5:20-26
  
[=]SCRAPE SERVE[=]ReqMETA: 200::GET
[=]SCRAPE SERVE[=]TR::TEXT request received at https://www.oca.org/readings/monthly/2024/6
[=]SCRAPE SERVE[=]TEXT EXTRACTED: 
6/27
  Romans 1:28-2:9
  Matthew 5:27-32
  
[=]SCRAPE SERVE[=]ReqMETA: 200::GET
[=]SCRAPE SERVE[=]TR::TEXT request received at https://www.oca.org/readings/monthly/2024/6
[=]SCRAPE SERVE[=]TEXT EXTRACTED: 
6/28
  Romans 2:14-29
  Matthew 5:33-41
  
[=]SCRAPE SERVE[=]ReqMETA: 200::GET
[=]SCRAPE SERVE[=]TR::TEXT request received at https://www.oca.org/readings/monthly/2024/6
[=]SCRAPE SERVE[=]TEXT EXTRACTED: 
6/29
  2 Corinthians 11:21-12:9
  Matthew 16:13-19
  (Apostles)
[=]SCRAPE SERVE[=]ReqMETA: 200::GET
[=]SCRAPE SERVE[=]TR::TEXT request received at https://www.oca.org/readings/monthly/2024/6
[=]SCRAPE SERVE[=]TEXT EXTRACTED: 
6/29
  Romans 1:7-12
  Matthew 5:42-48
  
[=]SCRAPE SERVE[=]ReqMETA: 200::GET
[=]SCRAPE SERVE[=]TR::TEXT request received at https://www.oca.org/readings/monthly/2024/6
[=]SCRAPE SERVE[=]TEXT EXTRACTED: 
6/30
  1 Corinthians 4:9-16
  Mark 3:13-19
  (Apostles)
[=]SCRAPE SERVE[=]ReqMETA: 200::GET
[=]SCRAPE SERVE[=]TR::TEXT request received at https://www.oca.org/readings/monthly/2024/6
[=]SCRAPE SERVE[=]TEXT EXTRACTED: 
6/30
  Hebrews 11:33-12:2
  Matthew 10:32-33, 37-38, 19:27-30
  
[=]SCRAPE SERVE[=]ReqMETA: 200::GET
[=]SCRAPE SERVE[=]SCRAPE BEGIN: 2026-03-29 11:57:34.854988307 -0500 CDT
[=]SCRAPE SERVE[=]Starting NEW SESSION ( d8719d9e-fbdc-4cd4-b59d-af5622ff7ea3 )- CACHE, enabled (YES)::Duration(24 Hours)
[=]SCRAPE SERVE[=]::SCRAPE SERVE:: => listening for [/links], [/text], [/table], [/md-convert] on :7171
[=]SCRAPE SERVE[=]visiting https://www.oca.org/readings/monthly/2024/6
[=]SCRAPE SERVE[=]response received 200
[=]SCRAPE SERVE[=]TR::TEXT request received at https://www.oca.org/readings/monthly/2024/6
[=]SCRAPE SERVE[=]TEXT EXTRACTED: 
6/1
  Acts 12:1-11
  John 8:31-42
  
[=]SCRAPE SERVE[=]ReqMETA: 200::GET
[=]SCRAPE SERVE[=]TR::TEXT request received at https://www.oca.org/readings/monthly/2024/6
[=]SCRAPE SERVE[=]TEXT EXTRACTED: 
6/2
  Acts 11:19-26, 29-30
  John 4:5-42
  
[=]SCRAPE SERVE[=]ReqMETA: 200::GET
[=]SCRAPE SERVE[=]TR::TEXT request received at https://www.oca.org/readings/monthly/2024/6
[=]SCRAPE SERVE[=]TEXT EXTRACTED: 
6/3
  Acts 12:12-17
  John 8:42-51
  
[=]SCRAPE SERVE[=]ReqMETA: 200::GET
[=]SCRAPE SERVE[=]TR::TEXT request received at https://www.oca.org/readings/monthly/2024/6
[=]SCRAPE SERVE[=]TEXT EXTRACTED: 
6/4
  Acts 12:25-13:12
  John 8:51-59
  
[=]SCRAPE SERVE[=]ReqMETA: 200::GET
[=]SCRAPE SERVE[=]TR::TEXT request received at https://www.oca.org/readings/monthly/2024/6
[=]SCRAPE SERVE[=]TEXT EXTRACTED: 
6/5
  Acts 13:13-24
  John 6:5-14
  
[=]SCRAPE SERVE[=]ReqMETA: 200::GET
[=]SCRAPE SERVE[=]TR::TEXT request received at https://www.oca.org/readings/monthly/2024/6
[=]SCRAPE SERVE[=]TEXT EXTRACTED: 
6/6
  Acts 14:20-27
  John 9:39-10:9
  
[=]SCRAPE SERVE[=]ReqMETA: 200::GET
[=]SCRAPE SERVE[=]TR::TEXT request received at https://www.oca.org/readings/monthly/2024/6
[=]SCRAPE SERVE[=]TEXT EXTRACTED: 
6/7
  Acts 15:5-34
  John 10:17-28
  
[=]SCRAPE SERVE[=]ReqMETA: 200::GET
[=]SCRAPE SERVE[=]TR::TEXT request received at https://www.oca.org/readings/monthly/2024/6
[=]SCRAPE SERVE[=]TEXT EXTRACTED: 
6/8
  Acts 15:35-41
  John 10:27-38
  
[=]SCRAPE SERVE[=]ReqMETA: 200::GET
[=]SCRAPE SERVE[=]TR::TEXT request received at https://www.oca.org/readings/monthly/2024/6
[=]SCRAPE SERVE[=]TEXT EXTRACTED: 
6/9
  Acts 16:16-34
  John 9:1-38
  
[=]SCRAPE SERVE[=]ReqMETA: 200::GET
[=]SCRAPE SERVE[=]TR::TEXT request received at https://www.oca.org/readings/monthly/2024/6
[=]SCRAPE SERVE[=]TEXT EXTRACTED: 
6/10
  Acts 17:1-15
  John 11:47-57
  
[=]SCRAPE SERVE[=]ReqMETA: 200::GET
[=]SCRAPE SERVE[=]TR::TEXT request received at https://www.oca.org/readings/monthly/2024/6
[=]SCRAPE SERVE[=]TEXT EXTRACTED: 
6/11
  Acts 11:19-26, 29-30
  Luke 10:16-21
  (Apostles)
[=]SCRAPE SERVE[=]ReqMETA: 200::GET
[=]SCRAPE SERVE[=]TR::TEXT request received at https://www.oca.org/readings/monthly/2024/6
[=]SCRAPE SERVE[=]TEXT EXTRACTED: 
6/11
  Acts 17:19-28
  John 12:19-36
  
[=]SCRAPE SERVE[=]ReqMETA: 200::GET
[=]SCRAPE SERVE[=]TR::TEXT request received at https://www.oca.org/readings/monthly/2024/6
[=]SCRAPE SERVE[=]TEXT EXTRACTED: 
6/12
  Acts 18:22-28
  John 12:36-47
  
[=]SCRAPE SERVE[=]ReqMETA: 200::GET
[=]SCRAPE SERVE[=]TR::TEXT request received at https://www.oca.org/readings/monthly/2024/6
[=]SCRAPE SERVE[=]TEXT EXTRACTED: 
6/13
  Acts 1:1-12
  Luke 24:36-53
  
[=]SCRAPE SERVE[=]ReqMETA: 200::GET
[=]SCRAPE SERVE[=]TR::TEXT request received at https://www.oca.org/readings/monthly/2024/6
[=]SCRAPE SERVE[=]TEXT EXTRACTED: 
6/14
  Acts 19:1-8
  John 14:1-11
  
[=]SCRAPE SERVE[=]ReqMETA: 200::GET
[=]SCRAPE SERVE[=]TR::TEXT request received at https://www.oca.org/readings/monthly/2024/6
[=]SCRAPE SERVE[=]TEXT EXTRACTED: 
6/15
  Acts 20:7-12
  John 14:10-21
  
[=]SCRAPE SERVE[=]ReqMETA: 200::GET
[=]SCRAPE SERVE[=]TR::TEXT request received at https://www.oca.org/readings/monthly/2024/6
[=]SCRAPE SERVE[=]TEXT EXTRACTED: 
6/16
  Acts 20:16-18, 28-36
  John 17:1-13
  
[=]SCRAPE SERVE[=]ReqMETA: 200::GET
[=]SCRAPE SERVE[=]TR::TEXT request received at https://www.oca.org/readings/monthly/2024/6
[=]SCRAPE SERVE[=]TEXT EXTRACTED: 
6/17
  Acts 21:8-14
  John 14:27-15:7
  
[=]SCRAPE SERVE[=]ReqMETA: 200::GET
[=]SCRAPE SERVE[=]TR::TEXT request received at https://www.oca.org/readings/monthly/2024/6
[=]SCRAPE SERVE[=]TEXT EXTRACTED: 
6/18
  Acts 21:26-32
  John 16:2-13
  
[=]SCRAPE SERVE[=]ReqMETA: 200::GET
[=]SCRAPE SERVE[=]TR::TEXT request received at https://www.oca.org/readings/monthly/2024/6
[=]SCRAPE SERVE[=]TEXT EXTRACTED: 
6/19
  Jude 1-10
  John 14:21-24
  (Apostle)
[=]SCRAPE SERVE[=]ReqMETA: 200::GET
[=]SCRAPE SERVE[=]TR::TEXT request received at https://www.oca.org/readings/monthly/2024/6
[=]SCRAPE SERVE[=]TEXT EXTRACTED: 
6/19
  Acts 23:1-11
  John 16:15-23
  
[=]SCRAPE SERVE[=]ReqMETA: 200::GET
[=]SCRAPE SERVE[=]TR::TEXT request received at https://www.oca.org/readings/monthly/2024/6
[=]SCRAPE SERVE[=]TEXT EXTRACTED: 
6/20
  Acts 25:13-19
  John 16:23-33
  
[=]SCRAPE SERVE[=]ReqMETA: 200::GET
[=]SCRAPE SERVE[=]TR::TEXT request received at https://www.oca.org/readings/monthly/2024/6
[=]SCRAPE SERVE[=]TEXT EXTRACTED: 
6/21
  Acts 27:1-44
  John 17:18-26
  
[=]SCRAPE SERVE[=]ReqMETA: 200::GET
[=]SCRAPE SERVE[=]TR::TEXT request received at https://www.oca.org/readings/monthly/2024/6
[=]SCRAPE SERVE[=]TEXT EXTRACTED: 
6/22
  1 Thessalonians 4:13-17
  John 5:24-30
  (Departed)
[=]SCRAPE SERVE[=]ReqMETA: 200::GET
[=]SCRAPE SERVE[=]TR::TEXT request received at https://www.oca.org/readings/monthly/2024/6
[=]SCRAPE SERVE[=]TEXT EXTRACTED: 
6/22
  1 Corinthians 15:47-57
  John 6:35-39
  (Departed, variant)
[=]SCRAPE SERVE[=]ReqMETA: 200::GET
[=]SCRAPE SERVE[=]TR::TEXT request received at https://www.oca.org/readings/monthly/2024/6
[=]SCRAPE SERVE[=]TEXT EXTRACTED: 
6/22
  Acts 28:1-31
  John 21:15-25
  
[=]SCRAPE SERVE[=]ReqMETA: 200::GET
[=]SCRAPE SERVE[=]TR::TEXT request received at https://www.oca.org/readings/monthly/2024/6
[=]SCRAPE SERVE[=]TEXT EXTRACTED: 
6/23
  Acts 2:1-11
  John 7:37-52, 8:12
  
[=]SCRAPE SERVE[=]ReqMETA: 200::GET
[=]SCRAPE SERVE[=]TR::TEXT request received at https://www.oca.org/readings/monthly/2024/6
[=]SCRAPE SERVE[=]TEXT EXTRACTED: 
6/24
  Romans 13:11-14:4
  Luke 1:1-25, 57-68, 76, 80
  (Forerunner)
[=]SCRAPE SERVE[=]ReqMETA: 200::GET
[=]SCRAPE SERVE[=]TR::TEXT request received at https://www.oca.org/readings/monthly/2024/6
[=]SCRAPE SERVE[=]TEXT EXTRACTED: 
6/24
  Ephesians 5:9-19
  Matthew 18:10-20
  
[=]SCRAPE SERVE[=]ReqMETA: 200::GET
[=]SCRAPE SERVE[=]TR::TEXT request received at https://www.oca.org/readings/monthly/2024/6
[=]SCRAPE SERVE[=]TEXT EXTRACTED: 
6/25
  Romans 1:1-7, 13-17
  Matthew 4:25-5:13
  
[=]SCRAPE SERVE[=]ReqMETA: 200::GET
[=]SCRAPE SERVE[=]TR::TEXT request received at https://www.oca.org/readings/monthly/2024/6
[=]SCRAPE SERVE[=]TEXT EXTRACTED: 
6/26
  Romans 1:18-27
  Matthew 5:20-26
  
[=]SCRAPE SERVE[=]ReqMETA: 200::GET
[=]SCRAPE SERVE[=]TR::TEXT request received at https://www.oca.org/readings/monthly/2024/6
[=]SCRAPE SERVE[=]TEXT EXTRACTED: 
6/27
  Romans 1:28-2:9
  Matthew 5:27-32
  
[=]SCRAPE SERVE[=]ReqMETA: 200::GET
[=]SCRAPE SERVE[=]TR::TEXT request received at https://www.oca.org/readings/monthly/2024/6
[=]SCRAPE SERVE[=]TEXT EXTRACTED: 
6/28
  Romans 2:14-29
  Matthew 5:33-41
  
[=]SCRAPE SERVE[=]ReqMETA: 200::GET
[=]SCRAPE SERVE[=]TR::TEXT request received at https://www.oca.org/readings/monthly/2024/6
[=]SCRAPE SERVE[=]TEXT EXTRACTED: 
6/29
  2 Corinthians 11:21-12:9
  Matthew 16:13-19
  (Apostles)
[=]SCRAPE SERVE[=]ReqMETA: 200::GET
[=]SCRAPE SERVE[=]TR::TEXT request received at https://www.oca.org/readings/monthly/2024/6
[=]SCRAPE SERVE[=]TEXT EXTRACTED: 
6/29
  Romans 1:7-12
  Matthew 5:42-48
  
[=]SCRAPE SERVE[=]ReqMETA: 200::GET
[=]SCRAPE SERVE[=]TR::TEXT request received at https://www.oca.org/readings/monthly/2024/6
[=]SCRAPE SERVE[=]TEXT EXTRACTED: 
6/30
  1 Corinthians 4:9-16
  Mark 3:13-19
  (Apostles)
[=]SCRAPE SERVE[=]ReqMETA: 200::GET
[=]SCRAPE SERVE[=]TR::TEXT request received at https://www.oca.org/readings/monthly/2024/6
[=]SCRAPE SERVE[=]TEXT EXTRACTED: 
6/30
  Hebrews 11:33-12:2
  Matthew 10:32-33, 37-38, 19:27-30
  
[=]SCRAPE SERVE[=]ReqMETA: 200::GET
[=]SCRAPE SERVE[=]SCRAPE BEGIN: 2026-03-29 14:50:17.24704296 -0500 CDT
[=]SCRAPE SERVE[=]Starting NEW SESSION ( a6f7fe4f-f6c2-4ba6-88a9-d244f784992a )- CACHE, enabled (YES)::Duration(24 Hours)
[=]SCRAPE SERVE[=]::SCRAPE SERVE:: => listening for [/links], [/text], [/table], [/md-convert] on :7171
[=]SCRAPE SERVE[=]visiting https://www.oca.org/readings/monthly/2026/6
[=]SCRAPE SERVE[=]response received 200
[=]SCRAPE SERVE[=]TR::TEXT request received at https://www.oca.org/readings/monthly/2026/6
[=]SCRAPE SERVE[=]TEXT EXTRACTED: 
6/1
  Ephesians 5:9-19
  Matthew 18:10-20
  
[=]SCRAPE SERVE[=]ReqMETA: 200::GET
[=]SCRAPE SERVE[=]TR::TEXT request received at https://www.oca.org/readings/monthly/2026/6
[=]SCRAPE SERVE[=]TEXT EXTRACTED: 
6/2
  Romans 1:1-7, 13-17
  Matthew 4:25-5:13
  
[=]SCRAPE SERVE[=]ReqMETA: 200::GET
[=]SCRAPE SERVE[=]TR::TEXT request received at https://www.oca.org/readings/monthly/2026/6
[=]SCRAPE SERVE[=]TEXT EXTRACTED: 
6/3
  Romans 1:18-27
  Matthew 5:20-26
  
[=]SCRAPE SERVE[=]ReqMETA: 200::GET
[=]SCRAPE SERVE[=]TR::TEXT request received at https://www.oca.org/readings/monthly/2026/6
[=]SCRAPE SERVE[=]TEXT EXTRACTED: 
6/4
  Romans 1:28-2:9
  Matthew 5:27-32
  
[=]SCRAPE SERVE[=]ReqMETA: 200::GET
[=]SCRAPE SERVE[=]TR::TEXT request received at https://www.oca.org/readings/monthly/2026/6
[=]SCRAPE SERVE[=]TEXT EXTRACTED: 
6/5
  Romans 2:14-29
  Matthew 5:33-41
  
[=]SCRAPE SERVE[=]ReqMETA: 200::GET
[=]SCRAPE SERVE[=]TR::TEXT request received at https://www.oca.org/readings/monthly/2026/6
[=]SCRAPE SERVE[=]TEXT EXTRACTED: 
6/6
  Romans 1:7-12
  Matthew 5:42-48
  
[=]SCRAPE SERVE[=]ReqMETA: 200::GET
[=]SCRAPE SERVE[=]TR::TEXT request received at https://www.oca.org/readings/monthly/2026/6
[=]SCRAPE SERVE[=]TEXT EXTRACTED: 
6/7
  Hebrews 11:33-12:2
  Matthew 10:32-33, 37-38, 19:27-30
  
[=]SCRAPE SERVE[=]ReqMETA: 200::GET
[=]SCRAPE SERVE[=]TR::TEXT request received at https://www.oca.org/readings/monthly/2026/6
[=]SCRAPE SERVE[=]TEXT EXTRACTED: 
6/8
  Romans 2:28-3:18
  Matthew 6:31-34, 7:9-11
  
[=]SCRAPE SERVE[=]ReqMETA: 200::GET
[=]SCRAPE SERVE[=]TR::TEXT request received at https://www.oca.org/readings/monthly/2026/6
[=]SCRAPE SERVE[=]TEXT EXTRACTED: 
6/9
  Romans 4:4-12
  Matthew 7:15-21
  
[=]SCRAPE SERVE[=]ReqMETA: 200::GET
[=]SCRAPE SERVE[=]TR::TEXT request received at https://www.oca.org/readings/monthly/2026/6
[=]SCRAPE SERVE[=]TEXT EXTRACTED: 
6/10
  Romans 4:13-25
  Matthew 7:21-23
  
[=]SCRAPE SERVE[=]ReqMETA: 200::GET
[=]SCRAPE SERVE[=]TR::TEXT request received at https://www.oca.org/readings/monthly/2026/6
[=]SCRAPE SERVE[=]TEXT EXTRACTED: 
6/11
  Acts 11:19-26, 29-30
  Luke 10:16-21
  (Apostles)
[=]SCRAPE SERVE[=]ReqMETA: 200::GET
[=]SCRAPE SERVE[=]TR::TEXT request received at https://www.oca.org/readings/monthly/2026/6
[=]SCRAPE SERVE[=]TEXT EXTRACTED: 
6/11
  Romans 5:10-16
  Matthew 8:23-27
  
[=]SCRAPE SERVE[=]ReqMETA: 200::GET
[=]SCRAPE SERVE[=]TR::TEXT request received at https://www.oca.org/readings/monthly/2026/6
[=]SCRAPE SERVE[=]TEXT EXTRACTED: 
6/12
  Romans 5:17-6:2
  Matthew 9:14-17
  
[=]SCRAPE SERVE[=]ReqMETA: 200::GET
[=]SCRAPE SERVE[=]TR::TEXT request received at https://www.oca.org/readings/monthly/2026/6
[=]SCRAPE SERVE[=]TEXT EXTRACTED: 
6/13
  Romans 3:19-26
  Matthew 7:1-8
  
[=]SCRAPE SERVE[=]ReqMETA: 200::GET
[=]SCRAPE SERVE[=]TR::TEXT request received at https://www.oca.org/readings/monthly/2026/6
[=]SCRAPE SERVE[=]TEXT EXTRACTED: 
6/14
  Hebrews 11:33-12:2
  Matthew 4:25-5:12
  (Saints)
[=]SCRAPE SERVE[=]ReqMETA: 200::GET
[=]SCRAPE SERVE[=]TR::TEXT request received at https://www.oca.org/readings/monthly/2026/6
[=]SCRAPE SERVE[=]TEXT EXTRACTED: 
6/14
  Romans 2:10-16
  Matthew 4:18-23
  
[=]SCRAPE SERVE[=]ReqMETA: 200::GET
[=]SCRAPE SERVE[=]TR::TEXT request received at https://www.oca.org/readings/monthly/2026/6
[=]SCRAPE SERVE[=]TEXT EXTRACTED: 
6/15
  Romans 7:1-13
  Matthew 9:36-10:8
  
[=]SCRAPE SERVE[=]ReqMETA: 200::GET
[=]SCRAPE SERVE[=]TR::TEXT request received at https://www.oca.org/readings/monthly/2026/6
[=]SCRAPE SERVE[=]TEXT EXTRACTED: 
6/16
  Romans 7:14-8:2
  Matthew 10:9-15
  
[=]SCRAPE SERVE[=]ReqMETA: 200::GET
[=]SCRAPE SERVE[=]TR::TEXT request received at https://www.oca.org/readings/monthly/2026/6
[=]SCRAPE SERVE[=]TEXT EXTRACTED: 
6/17
  Romans 8:2-13
  Matthew 10:16-22
  
[=]SCRAPE SERVE[=]ReqMETA: 200::GET
[=]SCRAPE SERVE[=]TR::TEXT request received at https://www.oca.org/readings/monthly/2026/6
[=]SCRAPE SERVE[=]TEXT EXTRACTED: 
6/18
  Romans 8:22-27
  Matthew 10:23-31
  
[=]SCRAPE SERVE[=]ReqMETA: 200::GET
[=]SCRAPE SERVE[=]TR::TEXT request received at https://www.oca.org/readings/monthly/2026/6
[=]SCRAPE SERVE[=]TEXT EXTRACTED: 
6/19
  Jude 1-10
  John 14:21-24
  (Apostle)
[=]SCRAPE SERVE[=]ReqMETA: 200::GET
[=]SCRAPE SERVE[=]TR::TEXT request received at https://www.oca.org/readings/monthly/2026/6
[=]SCRAPE SERVE[=]TEXT EXTRACTED: 
6/19
  Romans 9:6-19
  Matthew 10:32-36, 11:1
  
[=]SCRAPE SERVE[=]ReqMETA: 200::GET
[=]SCRAPE SERVE[=]TR::TEXT request received at https://www.oca.org/readings/monthly/2026/6
[=]SCRAPE SERVE[=]TEXT EXTRACTED: 
6/20
  Romans 3:28-4:3
  Matthew 7:24-8:4
  
[=]SCRAPE SERVE[=]ReqMETA: 200::GET
[=]SCRAPE SERVE[=]TR::TEXT request received at https://www.oca.org/readings/monthly/2026/6
[=]SCRAPE SERVE[=]TEXT EXTRACTED: 
6/21
  Romans 5:1-10
  Matthew 6:22-33
  
[=]SCRAPE SERVE[=]ReqMETA: 200::GET
[=]SCRAPE SERVE[=]TR::TEXT request received at https://www.oca.org/readings/monthly/2026/6
[=]SCRAPE SERVE[=]TEXT EXTRACTED: 
6/22
  Romans 9:18-33
  Matthew 11:2-15
  
[=]SCRAPE SERVE[=]ReqMETA: 200::GET
[=]SCRAPE SERVE[=]TR::TEXT request received at https://www.oca.org/readings/monthly/2026/6
[=]SCRAPE SERVE[=]TEXT EXTRACTED: 
6/23
  Romans 10:11-11:2
  Matthew 11:16-20
  
[=]SCRAPE SERVE[=]ReqMETA: 200::GET
[=]SCRAPE SERVE[=]TR::TEXT request received at https://www.oca.org/readings/monthly/2026/6
[=]SCRAPE SERVE[=]TEXT EXTRACTED: 
6/24
  Romans 13:11-14:4
  Luke 1:1-25, 57-68, 76, 80
  (Forerunner)
[=]SCRAPE SERVE[=]ReqMETA: 200::GET
[=]SCRAPE SERVE[=]TR::TEXT request received at https://www.oca.org/readings/monthly/2026/6
[=]SCRAPE SERVE[=]TEXT EXTRACTED: 
6/24
  Romans 11:2-12
  Matthew 11:20-26
  
[=]SCRAPE SERVE[=]ReqMETA: 200::GET
[=]SCRAPE SERVE[=]TR::TEXT request received at https://www.oca.org/readings/monthly/2026/6
[=]SCRAPE SERVE[=]TEXT EXTRACTED: 
6/25
  Romans 11:13-24
  Matthew 11:27-30
  
[=]SCRAPE SERVE[=]ReqMETA: 200::GET
[=]SCRAPE SERVE[=]TR::TEXT request received at https://www.oca.org/readings/monthly/2026/6
[=]SCRAPE SERVE[=]TEXT EXTRACTED: 
6/26
  Romans 11:25-36
  Matthew 12:1-8
  
[=]SCRAPE SERVE[=]ReqMETA: 200::GET
[=]SCRAPE SERVE[=]TR::TEXT request received at https://www.oca.org/readings/monthly/2026/6
[=]SCRAPE SERVE[=]TEXT EXTRACTED: 
6/27
  Romans 6:11-17
  Matthew 8:14-23
  
[=]SCRAPE SERVE[=]ReqMETA: 200::GET
[=]SCRAPE SERVE[=]TR::TEXT request received at https://www.oca.org/readings/monthly/2026/6
[=]SCRAPE SERVE[=]TEXT EXTRACTED: 
6/28
  Romans 6:18-23
  Matthew 8:5-13
  
[=]SCRAPE SERVE[=]ReqMETA: 200::GET
[=]SCRAPE SERVE[=]TR::TEXT request received at https://www.oca.org/readings/monthly/2026/6
[=]SCRAPE SERVE[=]TEXT EXTRACTED: 
6/29
  2 Corinthians 11:21-12:9
  Matthew 16:13-19
  (Apostles)
[=]SCRAPE SERVE[=]ReqMETA: 200::GET
[=]SCRAPE SERVE[=]TR::TEXT request received at https://www.oca.org/readings/monthly/2026/6
[=]SCRAPE SERVE[=]TEXT EXTRACTED: 
6/29
  Romans 12:4-5, 15-21
  Matthew 12:9-13
  
[=]SCRAPE SERVE[=]ReqMETA: 200::GET
[=]SCRAPE SERVE[=]TR::TEXT request received at https://www.oca.org/readings/monthly/2026/6
[=]SCRAPE SERVE[=]TEXT EXTRACTED: 
6/30
  1 Corinthians 4:9-16
  Mark 3:13-19
  (Apostles)
[=]SCRAPE SERVE[=]ReqMETA: 200::GET
[=]SCRAPE SERVE[=]TR::TEXT request received at https://www.oca.org/readings/monthly/2026/6
[=]SCRAPE SERVE[=]TEXT EXTRACTED: 
6/30
  Romans 14:9-18
  Matthew 12:14-16, 22-30
  
[=]SCRAPE SERVE[=]ReqMETA: 200::GET
[=]SCRAPE SERVE[=]visiting https://www.oca.org/readings/monthly/2026/6
[=]SCRAPE SERVE[=]response received 200
[=]SCRAPE SERVE[=]TR::TEXT request received at https://www.oca.org/readings/monthly/2026/6
[=]SCRAPE SERVE[=]TEXT EXTRACTED: 
6/1
  Ephesians 5:9-19
  Matthew 18:10-20
  
[=]SCRAPE SERVE[=]ReqMETA: 200::GET
[=]SCRAPE SERVE[=]TR::TEXT request received at https://www.oca.org/readings/monthly/2026/6
[=]SCRAPE SERVE[=]TEXT EXTRACTED: 
6/2
  Romans 1:1-7, 13-17
  Matthew 4:25-5:13
  
[=]SCRAPE SERVE[=]ReqMETA: 200::GET
[=]SCRAPE SERVE[=]TR::TEXT request received at https://www.oca.org/readings/monthly/2026/6
[=]SCRAPE SERVE[=]TEXT EXTRACTED: 
6/3
  Romans 1:18-27
  Matthew 5:20-26
  
[=]SCRAPE SERVE[=]ReqMETA: 200::GET
[=]SCRAPE SERVE[=]TR::TEXT request received at https://www.oca.org/readings/monthly/2026/6
[=]SCRAPE SERVE[=]TEXT EXTRACTED: 
6/4
  Romans 1:28-2:9
  Matthew 5:27-32
  
[=]SCRAPE SERVE[=]ReqMETA: 200::GET
[=]SCRAPE SERVE[=]TR::TEXT request received at https://www.oca.org/readings/monthly/2026/6
[=]SCRAPE SERVE[=]TEXT EXTRACTED: 
6/5
  Romans 2:14-29
  Matthew 5:33-41
  
[=]SCRAPE SERVE[=]ReqMETA: 200::GET
[=]SCRAPE SERVE[=]TR::TEXT request received at https://www.oca.org/readings/monthly/2026/6
[=]SCRAPE SERVE[=]TEXT EXTRACTED: 
6/6
  Romans 1:7-12
  Matthew 5:42-48
  
[=]SCRAPE SERVE[=]ReqMETA: 200::GET
[=]SCRAPE SERVE[=]TR::TEXT request received at https://www.oca.org/readings/monthly/2026/6
[=]SCRAPE SERVE[=]TEXT EXTRACTED: 
6/7
  Hebrews 11:33-12:2
  Matthew 10:32-33, 37-38, 19:27-30
  
[=]SCRAPE SERVE[=]ReqMETA: 200::GET
[=]SCRAPE SERVE[=]TR::TEXT request received at https://www.oca.org/readings/monthly/2026/6
[=]SCRAPE SERVE[=]TEXT EXTRACTED: 
6/8
  Romans 2:28-3:18
  Matthew 6:31-34, 7:9-11
  
[=]SCRAPE SERVE[=]ReqMETA: 200::GET
[=]SCRAPE SERVE[=]TR::TEXT request received at https://www.oca.org/readings/monthly/2026/6
[=]SCRAPE SERVE[=]TEXT EXTRACTED: 
6/9
  Romans 4:4-12
  Matthew 7:15-21
  
[=]SCRAPE SERVE[=]ReqMETA: 200::GET
[=]SCRAPE SERVE[=]TR::TEXT request received at https://www.oca.org/readings/monthly/2026/6
[=]SCRAPE SERVE[=]TEXT EXTRACTED: 
6/10
  Romans 4:13-25
  Matthew 7:21-23
  
[=]SCRAPE SERVE[=]ReqMETA: 200::GET
[=]SCRAPE SERVE[=]TR::TEXT request received at https://www.oca.org/readings/monthly/2026/6
[=]SCRAPE SERVE[=]TEXT EXTRACTED: 
6/11
  Acts 11:19-26, 29-30
  Luke 10:16-21
  (Apostles)
[=]SCRAPE SERVE[=]ReqMETA: 200::GET
[=]SCRAPE SERVE[=]TR::TEXT request received at https://www.oca.org/readings/monthly/2026/6
[=]SCRAPE SERVE[=]TEXT EXTRACTED: 
6/11
  Romans 5:10-16
  Matthew 8:23-27
  
[=]SCRAPE SERVE[=]ReqMETA: 200::GET
[=]SCRAPE SERVE[=]TR::TEXT request received at https://www.oca.org/readings/monthly/2026/6
[=]SCRAPE SERVE[=]TEXT EXTRACTED: 
6/12
  Romans 5:17-6:2
  Matthew 9:14-17
  
[=]SCRAPE SERVE[=]ReqMETA: 200::GET
[=]SCRAPE SERVE[=]TR::TEXT request received at https://www.oca.org/readings/monthly/2026/6
[=]SCRAPE SERVE[=]TEXT EXTRACTED: 
6/13
  Romans 3:19-26
  Matthew 7:1-8
  
[=]SCRAPE SERVE[=]ReqMETA: 200::GET
[=]SCRAPE SERVE[=]TR::TEXT request received at https://www.oca.org/readings/monthly/2026/6
[=]SCRAPE SERVE[=]TEXT EXTRACTED: 
6/14
  Hebrews 11:33-12:2
  Matthew 4:25-5:12
  (Saints)
[=]SCRAPE SERVE[=]ReqMETA: 200::GET
[=]SCRAPE SERVE[=]TR::TEXT request received at https://www.oca.org/readings/monthly/2026/6
[=]SCRAPE SERVE[=]TEXT EXTRACTED: 
6/14
  Romans 2:10-16
  Matthew 4:18-23
  
[=]SCRAPE SERVE[=]ReqMETA: 200::GET
[=]SCRAPE SERVE[=]TR::TEXT request received at https://www.oca.org/readings/monthly/2026/6
[=]SCRAPE SERVE[=]TEXT EXTRACTED: 
6/15
  Romans 7:1-13
  Matthew 9:36-10:8
  
[=]SCRAPE SERVE[=]ReqMETA: 200::GET
[=]SCRAPE SERVE[=]TR::TEXT request received at https://www.oca.org/readings/monthly/2026/6
[=]SCRAPE SERVE[=]TEXT EXTRACTED: 
6/16
  Romans 7:14-8:2
  Matthew 10:9-15
  
[=]SCRAPE SERVE[=]ReqMETA: 200::GET
[=]SCRAPE SERVE[=]TR::TEXT request received at https://www.oca.org/readings/monthly/2026/6
[=]SCRAPE SERVE[=]TEXT EXTRACTED: 
6/17
  Romans 8:2-13
  Matthew 10:16-22
  
[=]SCRAPE SERVE[=]ReqMETA: 200::GET
[=]SCRAPE SERVE[=]TR::TEXT request received at https://www.oca.org/readings/monthly/2026/6
[=]SCRAPE SERVE[=]TEXT EXTRACTED: 
6/18
  Romans 8:22-27
  Matthew 10:23-31
  
[=]SCRAPE SERVE[=]ReqMETA: 200::GET
[=]SCRAPE SERVE[=]TR::TEXT request received at https://www.oca.org/readings/monthly/2026/6
[=]SCRAPE SERVE[=]TEXT EXTRACTED: 
6/19
  Jude 1-10
  John 14:21-24
  (Apostle)
[=]SCRAPE SERVE[=]ReqMETA: 200::GET
[=]SCRAPE SERVE[=]TR::TEXT request received at https://www.oca.org/readings/monthly/2026/6
[=]SCRAPE SERVE[=]TEXT EXTRACTED: 
6/19
  Romans 9:6-19
  Matthew 10:32-36, 11:1
  
[=]SCRAPE SERVE[=]ReqMETA: 200::GET
[=]SCRAPE SERVE[=]TR::TEXT request received at https://www.oca.org/readings/monthly/2026/6
[=]SCRAPE SERVE[=]TEXT EXTRACTED: 
6/20
  Romans 3:28-4:3
  Matthew 7:24-8:4
  
[=]SCRAPE SERVE[=]ReqMETA: 200::GET
[=]SCRAPE SERVE[=]TR::TEXT request received at https://www.oca.org/readings/monthly/2026/6
[=]SCRAPE SERVE[=]TEXT EXTRACTED: 
6/21
  Romans 5:1-10
  Matthew 6:22-33
  
[=]SCRAPE SERVE[=]ReqMETA: 200::GET
[=]SCRAPE SERVE[=]TR::TEXT request received at https://www.oca.org/readings/monthly/2026/6
[=]SCRAPE SERVE[=]TEXT EXTRACTED: 
6/22
  Romans 9:18-33
  Matthew 11:2-15
  
[=]SCRAPE SERVE[=]ReqMETA: 200::GET
[=]SCRAPE SERVE[=]TR::TEXT request received at https://www.oca.org/readings/monthly/2026/6
[=]SCRAPE SERVE[=]TEXT EXTRACTED: 
6/23
  Romans 10:11-11:2
  Matthew 11:16-20
  
[=]SCRAPE SERVE[=]ReqMETA: 200::GET
[=]SCRAPE SERVE[=]TR::TEXT request received at https://www.oca.org/readings/monthly/2026/6
[=]SCRAPE SERVE[=]TEXT EXTRACTED: 
6/24
  Romans 13:11-14:4
  Luke 1:1-25, 57-68, 76, 80
  (Forerunner)
[=]SCRAPE SERVE[=]ReqMETA: 200::GET
[=]SCRAPE SERVE[=]TR::TEXT request received at https://www.oca.org/readings/monthly/2026/6
[=]SCRAPE SERVE[=]TEXT EXTRACTED: 
6/24
  Romans 11:2-12
  Matthew 11:20-26
  
[=]SCRAPE SERVE[=]ReqMETA: 200::GET
[=]SCRAPE SERVE[=]TR::TEXT request received at https://www.oca.org/readings/monthly/2026/6
[=]SCRAPE SERVE[=]TEXT EXTRACTED: 
6/25
  Romans 11:13-24
  Matthew 11:27-30
  
[=]SCRAPE SERVE[=]ReqMETA: 200::GET
[=]SCRAPE SERVE[=]TR::TEXT request received at https://www.oca.org/readings/monthly/2026/6
[=]SCRAPE SERVE[=]TEXT EXTRACTED: 
6/26
  Romans 11:25-36
  Matthew 12:1-8
  
[=]SCRAPE SERVE[=]ReqMETA: 200::GET
[=]SCRAPE SERVE[=]TR::TEXT request received at https://www.oca.org/readings/monthly/2026/6
[=]SCRAPE SERVE[=]TEXT EXTRACTED: 
6/27
  Romans 6:11-17
  Matthew 8:14-23
  
[=]SCRAPE SERVE[=]ReqMETA: 200::GET
[=]SCRAPE SERVE[=]TR::TEXT request received at https://www.oca.org/readings/monthly/2026/6
[=]SCRAPE SERVE[=]TEXT EXTRACTED: 
6/28
  Romans 6:18-23
  Matthew 8:5-13
  
[=]SCRAPE SERVE[=]ReqMETA: 200::GET
[=]SCRAPE SERVE[=]TR::TEXT request received at https://www.oca.org/readings/monthly/2026/6
[=]SCRAPE SERVE[=]TEXT EXTRACTED: 
6/29
  2 Corinthians 11:21-12:9
  Matthew 16:13-19
  (Apostles)
[=]SCRAPE SERVE[=]ReqMETA: 200::GET
[=]SCRAPE SERVE[=]TR::TEXT request received at https://www.oca.org/readings/monthly/2026/6
[=]SCRAPE SERVE[=]TEXT EXTRACTED: 
6/29
  Romans 12:4-5, 15-21
  Matthew 12:9-13
  
[=]SCRAPE SERVE[=]ReqMETA: 200::GET
[=]SCRAPE SERVE[=]TR::TEXT request received at https://www.oca.org/readings/monthly/2026/6
[=]SCRAPE SERVE[=]TEXT EXTRACTED: 
6/30
  1 Corinthians 4:9-16
  Mark 3:13-19
  (Apostles)
[=]SCRAPE SERVE[=]ReqMETA: 200::GET
[=]SCRAPE SERVE[=]TR::TEXT request received at https://www.oca.org/readings/monthly/2026/6
[=]SCRAPE SERVE[=]TEXT EXTRACTED: 
6/30
  Romans 14:9-18
  Matthew 12:14-16, 22-30
  
[=]SCRAPE SERVE[=]ReqMETA: 200::GET
[=]SCRAPE SERVE[=]visiting https://www.ancientfaith.com/podcasts/dailyscriptures/march-24-2026
[=]SCRAPE SERVE[=]MARKDOWN ReqMETA (url: https://www.ancientfaith.com/podcasts/dailyscriptures/march-24-2026): 200::GET
[=]SCRAPE SERVE[=]MARKDOWN FILE SAVED to disk: ancientfaithpodcastsdailyscripturesmarch-24-2026
[=]SCRAPE SERVE[=]visiting https://www.ancientfaith.com/podcasts/dailyscriptures/march-24-2026
[=]SCRAPE SERVE[=]MARKDOWN ReqMETA (url: https://www.ancientfaith.com/podcasts/dailyscriptures/march-24-2026): 200::GET
[=]SCRAPE SERVE[=]MARKDOWN FILE SAVED to disk: ancientfaithpodcastsdailyscripturesmarch-24-2026
[=]SCRAPE SERVE[=]visiting https://www.ancientfaith.com/podcasts/dailyscriptures/march-23-2026
[=]SCRAPE SERVE[=]MARKDOWN ReqMETA (url: https://www.ancientfaith.com/podcasts/dailyscriptures/march-23-2026): 200::GET
[=]SCRAPE SERVE[=]MARKDOWN FILE SAVED to disk: ancientfaithpodcastsdailyscripturesmarch-23-2026
[=]SCRAPE SERVE[=]SCRAPE BEGIN: 2026-03-29 15:06:31.758677913 -0500 CDT
[=]SCRAPE SERVE[=]Starting NEW SESSION ( 51fbf1a6-9adf-44a1-83bc-1c4edcd28b4f )- CACHE, enabled (YES)::Duration(24 Hours)
[=]SCRAPE SERVE[=]::SCRAPE SERVE:: => listening for [/links], [/text], [/table], [/md-convert] on :7171
[=]SCRAPE SERVE[=]visiting https://www.ancientfaith.com/podcasts/dailyscriptures/march-23-2026
[=]SCRAPE SERVE[=]MARKDOWN ReqMETA (url: https://www.ancientfaith.com/podcasts/dailyscriptures/march-23-2026): 200::GET
[=]SCRAPE SERVE[=]MARKDOWN FILE SAVED to disk: ancientfaithpodcastsdailyscripturesmarch-23-2026
[=]SCRAPE SERVE[=]visiting https://www.ancientfaith.com/podcasts/dailyscriptures/march-22-2026
[=]SCRAPE SERVE[=]MARKDOWN ReqMETA (url: https://www.ancientfaith.com/podcasts/dailyscriptures/march-22-2026): 200::GET
[=]SCRAPE SERVE[=]MARKDOWN FILE SAVED to disk: ancientfaithpodcastsdailyscripturesmarch-22-2026
[=]SCRAPE SERVE[=]SCRAPE BEGIN: 2026-04-04 06:26:26.402385 -0500 CDT
[=]SCRAPE SERVE[=]Starting NEW SESSION ( 28769165-a7df-4120-8a1a-b2cc2d76aaa9 )- CACHE, enabled (YES)::Duration(24 Hours)
[=]SCRAPE SERVE[=]::SCRAPE SERVE:: => listening for [/links], [/text], [/table], [/md-convert] on :7171
[=]SCRAPE SERVE[=]SCRAPE BEGIN: 2026-04-07 04:57:57.147101 -0500 CDT
[=]SCRAPE SERVE[=]visiting http://127.0.0.1:50525
[=]SCRAPE SERVE[=]response received 200
[=]SCRAPE SERVE[=]TR::TEXT request received at http://127.0.0.1:50525/
[=]SCRAPE SERVE[=]TEXT EXTRACTED: x
[=]SCRAPE SERVE[=]ReqMETA: 200::GET
[=]SCRAPE SERVE[=]SCRAPE BEGIN: 2026-04-07 04:58:11.02167 -0500 CDT
[=]SCRAPE SERVE[=]visiting http://127.0.0.1:50527
[=]SCRAPE SERVE[=]response received 200
[=]SCRAPE SERVE[=]TR::TEXT request received at http://127.0.0.1:50527/
[=]SCRAPE SERVE[=]TEXT EXTRACTED: Row
[=]SCRAPE SERVE[=]ReqMETA: 200::GET
[=]SCRAPE SERVE[=]TR::TEXT request received at http://127.0.0.1:50527/
[=]SCRAPE SERVE[=]TEXT EXTRACTED: Row
[=]SCRAPE SERVE[=]ReqMETA: 200::GET
[=]SCRAPE SERVE[=]TR::TEXT request received at http://127.0.0.1:50527/
[=]SCRAPE SERVE[=]TEXT EXTRACTED: Row
[=]SCRAPE SERVE[=]ReqMETA: 200::GET
[=]SCRAPE SERVE[=]TR::TEXT request received at http://127.0.0.1:50527/
[=]SCRAPE SERVE[=]TEXT EXTRACTED: Row
[=]SCRAPE SERVE[=]ReqMETA: 200::GET
[=]SCRAPE SERVE[=]TR::TEXT request received at http://127.0.0.1:50527/
[=]SCRAPE SERVE[=]TEXT EXTRACTED: Row
[=]SCRAPE SERVE[=]ReqMETA: 200::GET
[=]SCRAPE SERVE[=]TR::TEXT request received at http://127.0.0.1:50527/
[=]SCRAPE SERVE[=]TEXT EXTRACTED: Row
[=]SCRAPE SERVE[=]ReqMETA: 200::GET
[=]SCRAPE SERVE[=]TR::TEXT request received at http://127.0.0.1:50527/
[=]SCRAPE SERVE[=]TEXT EXTRACTED: Row
[=]SCRAPE SERVE[=]ReqMETA: 200::GET
[=]SCRAPE SERVE[=]TR::TEXT request received at http://127.0.0.1:50527/
[=]SCRAPE SERVE[=]TEXT EXTRACTED: Row
[=]SCRAPE SERVE[=]ReqMETA: 200::GET
[=]SCRAPE SERVE[=]TR::TEXT request received at http://127.0.0.1:50527/
[=]SCRAPE SERVE[=]TEXT EXTRACTED: Row
[=]SCRAPE SERVE[=]ReqMETA: 200::GET
[=]SCRAPE SERVE[=]TR::TEXT request received at http://127.0.0.1:50527/
[=]SCRAPE SERVE[=]TEXT EXTRACTED: Row
[=]SCRAPE SERVE[=]ReqMETA: 200::GET
[=]SCRAPE SERVE[=]TR::TEXT request received at http://127.0.0.1:50527/
[=]SCRAPE SERVE[=]TEXT EXTRACTED: Row
[=]SCRAPE SERVE[=]ReqMETA: 200::GET
[=]SCRAPE SERVE[=]TR::TEXT request received at http://127.0.0.1:50527/
[=]SCRAPE SERVE[=]TEXT EXTRACTED: Row
[=]SCRAPE SERVE[=]ReqMETA: 200::GET
[=]SCRAPE SERVE[=]TR::TEXT request received at http://127.0.0.1:50527/
[=]SCRAPE SERVE[=]TEXT EXTRACTED: Row
[=]SCRAPE SERVE[=]ReqMETA: 200::GET
[=]SCRAPE SERVE[=]TR::TEXT request received at http://127.0.0.1:50527/
[=]SCRAPE SERVE[=]TEXT EXTRACTED: Row
[=]SCRAPE SERVE[=]ReqMETA: 200::GET
[=]SCRAPE SERVE[=]TR::TEXT request received at http://127.0.0.1:50527/
[=]SCRAPE SERVE[=]TEXT EXTRACTED: Row
[=]SCRAPE SERVE[=]ReqMETA: 200::GET
[=]SCRAPE SERVE[=]TR::TEXT request received at http://127.0.0.1:50527/
[=]SCRAPE SERVE[=]TEXT EXTRACTED: Row
[=]SCRAPE SERVE[=]ReqMETA: 200::GET
[=]SCRAPE SERVE[=]TR::TEXT request received at http://127.0.0.1:50527/
[=]SCRAPE SERVE[=]TEXT EXTRACTED: Row
[=]SCRAPE SERVE[=]ReqMETA: 200::GET
[=]SCRAPE SERVE[=]TR::TEXT request received at http://127.0.0.1:50527/
[=]SCRAPE SERVE[=]TEXT EXTRACTED: Row
[=]SCRAPE SERVE[=]ReqMETA: 200::GET
[=]SCRAPE SERVE[=]TR::TEXT request received at http://127.0.0.1:50527/
[=]SCRAPE SERVE[=]TEXT EXTRACTED: Row
[=]SCRAPE SERVE[=]ReqMETA: 200::GET
[=]SCRAPE SERVE[=]TR::TEXT request received at http://127.0.0.1:50527/
[=]SCRAPE SERVE[=]TEXT EXTRACTED: Row
[=]SCRAPE SERVE[=]ReqMETA: 200::GET
[=]SCRAPE SERVE[=]TR::TEXT request received at http://127.0.0.1:50527/
[=]SCRAPE SERVE[=]TEXT EXTRACTED: Row
[=]SCRAPE SERVE[=]ReqMETA: 200::GET
[=]SCRAPE SERVE[=]TR::TEXT request received at http://127.0.0.1:50527/
[=]SCRAPE SERVE[=]TEXT EXTRACTED: Row
[=]SCRAPE SERVE[=]ReqMETA: 200::GET
[=]SCRAPE SERVE[=]TR::TEXT request received at http://127.0.0.1:50527/
[=]SCRAPE SERVE[=]TEXT EXTRACTED: Row
[=]SCRAPE SERVE[=]ReqMETA: 200::GET
[=]SCRAPE SERVE[=]TR::TEXT request received at http://127.0.0.1:50527/
[=]SCRAPE SERVE[=]TEXT EXTRACTED: Row
[=]SCRAPE SERVE[=]ReqMETA: 200::GET
[=]SCRAPE SERVE[=]TR::TEXT request received at http://127.0.0.1:50527/
[=]SCRAPE SERVE[=]TEXT EXTRACTED: Row
[=]SCRAPE SERVE[=]ReqMETA: 200::GET
[=]SCRAPE SERVE[=]TR::TEXT request received at http://127.0.0.1:50527/
[=]SCRAPE SERVE[=]TEXT EXTRACTED: Row
[=]SCRAPE SERVE[=]ReqMETA: 200::GET
[=]SCRAPE SERVE[=]TR::TEXT request received at http://127.0.0.1:50527/
[=]SCRAPE SERVE[=]TEXT EXTRACTED: Row
[=]SCRAPE SERVE[=]ReqMETA: 200::GET
[=]SCRAPE SERVE[=]TR::TEXT request received at http://127.0.0.1:50527/
[=]SCRAPE SERVE[=]TEXT EXTRACTED: Row
[=]SCRAPE SERVE[=]ReqMETA: 200::GET
[=]SCRAPE SERVE[=]TR::TEXT request received at http://127.0.0.1:50527/
[=]SCRAPE SERVE[=]TEXT EXTRACTED: Row
[=]SCRAPE SERVE[=]ReqMETA: 200::GET
[=]SCRAPE SERVE[=]TR::TEXT request received at http://127.0.0.1:50527/
[=]SCRAPE SERVE[=]TEXT EXTRACTED: Row
[=]SCRAPE SERVE[=]ReqMETA: 200::GET
[=]SCRAPE SERVE[=]TR::TEXT request received at http://127.0.0.1:50527/
[=]SCRAPE SERVE[=]TEXT EXTRACTED: Row
[=]SCRAPE SERVE[=]ReqMETA: 200::GET
[=]SCRAPE SERVE[=]TR::TEXT request received at http://127.0.0.1:50527/
[=]SCRAPE SERVE[=]TEXT EXTRACTED: Row
[=]SCRAPE SERVE[=]ReqMETA: 200::GET
[=]SCRAPE SERVE[=]TR::TEXT request received at http://127.0.0.1:50527/
[=]SCRAPE SERVE[=]TEXT EXTRACTED: Row
[=]SCRAPE SERVE[=]ReqMETA: 200::GET
[=]SCRAPE SERVE[=]TR::TEXT request received at http://127.0.0.1:50527/
[=]SCRAPE SERVE[=]TEXT EXTRACTED: Row
[=]SCRAPE SERVE[=]ReqMETA: 200::GET
[=]SCRAPE SERVE[=]TR::TEXT request received at http://127.0.0.1:50527/
[=]SCRAPE SERVE[=]TEXT EXTRACTED: Row
[=]SCRAPE SERVE[=]ReqMETA: 200::GET
[=]SCRAPE SERVE[=]TR::TEXT request received at http://127.0.0.1:50527/
[=]SCRAPE SERVE[=]TEXT EXTRACTED: Row
[=]SCRAPE SERVE[=]ReqMETA: 200::GET
[=]SCRAPE SERVE[=]TR::TEXT request received at http://127.0.0.1:50527/
[=]SCRAPE SERVE[=]TEXT EXTRACTED: Row
[=]SCRAPE SERVE[=]ReqMETA: 200::GET
[=]SCRAPE SERVE[=]TR::TEXT request received at http://127.0.0.1:50527/
[=]SCRAPE SERVE[=]TEXT EXTRACTED: Row
[=]SCRAPE SERVE[=]ReqMETA: 200::GET
[=]SCRAPE SERVE[=]TR::TEXT request received at http://127.0.0.1:50527/
[=]SCRAPE SERVE[=]TEXT EXTRACTED: Row
[=]SCRAPE SERVE[=]ReqMETA: 200::GET
[=]SCRAPE SERVE[=]TR::TEXT request received at http://127.0.0.1:50527/
[=]SCRAPE SERVE[=]TEXT EXTRACTED: Row
[=]SCRAPE SERVE[=]ReqMETA: 200::GET
[=]SCRAPE SERVE[=]TR::TEXT request received at http://127.0.0.1:50527/
[=]SCRAPE SERVE[=]TEXT EXTRACTED: Row
[=]SCRAPE SERVE[=]ReqMETA: 200::GET
[=]SCRAPE SERVE[=]TR::TEXT request received at http://127.0.0.1:50527/
[=]SCRAPE SERVE[=]TEXT EXTRACTED: Row
[=]SCRAPE SERVE[=]ReqMETA: 200::GET
[=]SCRAPE SERVE[=]TR::TEXT request received at http://127.0.0.1:50527/
[=]SCRAPE SERVE[=]TEXT EXTRACTED: Row
[=]SCRAPE SERVE[=]ReqMETA: 200::GET
[=]SCRAPE SERVE[=]TR::TEXT request received at http://127.0.0.1:50527/
[=]SCRAPE SERVE[=]TEXT EXTRACTED: Row
[=]SCRAPE SERVE[=]ReqMETA: 200::GET
[=]SCRAPE SERVE[=]TR::TEXT request received at http://127.0.0.1:50527/
[=]SCRAPE SERVE[=]TEXT EXTRACTED: Row
[=]SCRAPE SERVE[=]ReqMETA: 200::GET
[=]SCRAPE SERVE[=]TR::TEXT request received at http://127.0.0.1:50527/
[=]SCRAPE SERVE[=]TEXT EXTRACTED: Row
[=]SCRAPE SERVE[=]ReqMETA: 200::GET
[=]SCRAPE SERVE[=]TR::TEXT request received at http://127.0.0.1:50527/
[=]SCRAPE SERVE[=]TEXT EXTRACTED: Row
[=]SCRAPE SERVE[=]ReqMETA: 200::GET
[=]SCRAPE SERVE[=]TR::TEXT request received at http://127.0.0.1:50527/
[=]SCRAPE SERVE[=]TEXT EXTRACTED: Row
[=]SCRAPE SERVE[=]ReqMETA: 200::GET
[=]SCRAPE SERVE[=]TR::TEXT request received at http://127.0.0.1:50527/
[=]SCRAPE SERVE[=]TEXT EXTRACTED: Row
[=]SCRAPE SERVE[=]ReqMETA: 200::GET
[=]SCRAPE SERVE[=]TR::TEXT request received at http://127.0.0.1:50527/
[=]SCRAPE SERVE[=]TEXT EXTRACTED: Row
[=]SCRAPE SERVE[=]ReqMETA: 200::GET
[=]SCRAPE SERVE[=]SCRAPE BEGIN: 2026-04-07 04:58:18.936506 -0500 CDT
[=]SCRAPE SERVE[=]visiting http://127.0.0.1:50529
[=]SCRAPE SERVE[=]MARKDOWN ReqMETA (url: http://127.0.0.1:50529): 200::GET
[=]SCRAPE SERVE[=]DIRECTORY ERROR: mkdir /home/dpauley: operation not supported
[=]SCRAPE SERVE[=]FILE CREATE ERROR: open /home/dpauley/Documents/Code/Apps/Go/scraper_server/md/http12700150529.md: no such file or directory
[=]SCRAPE SERVE[=]MARKDOWN WRITE DOCUMENT ERROR: invalid argument
[=]SCRAPE SERVE[=]MARKDOWN FILE SAVED to disk: http12700150529
[=]SCRAPE SERVE[=]SCRAPE BEGIN: 2026-04-07 04:58:21.782643 -0500 CDT
[=]SCRAPE SERVE[=]visiting http://127.0.0.1:50531
[=]SCRAPE SERVE[=]REQUEST MUST BE HTML TO CONVERT TO MARKDOWN
[=]SCRAPE SERVE[=]{"key":"value"}
[=]SCRAPE SERVE[=]SCRAPE BEGIN: 2026-04-07 04:58:24.026583 -0500 CDT
[=]SCRAPE SERVE[=]visiting http://127.0.0.1:19999
[=]SCRAPE SERVE[=]http GET error: Get "http://127.0.0.1:19999": dial tcp 127.0.0.1:19999: connect: connection refused
[=]SCRAPE SERVE[=]SCRAPE BEGIN: 2026-04-07 04:58:26.370857 -0500 CDT
[=]SCRAPE SERVE[=]visiting http://127.0.0.1:50534
[=]SCRAPE SERVE[=]response received 200
[=]SCRAPE SERVE[=]A[HREF]::Link request received at http://127.0.0.1:50534/
[=]SCRAPE SERVE[=]LINK(s) EXTRACTED: /page1
[=]SCRAPE SERVE[=]ReqMETA: 200::GET
[=]SCRAPE SERVE[=]A[HREF]::Link request received at http://127.0.0.1:50534/
[=]SCRAPE SERVE[=]LINK(s) EXTRACTED: /page2
[=]SCRAPE SERVE[=]ReqMETA: 200::GET
[=]SCRAPE SERVE[=]A[HREF]::Link request received at http://127.0.0.1:50534/
[=]SCRAPE SERVE[=]LINK(s) EXTRACTED: https://external.example.com
[=]SCRAPE SERVE[=]ReqMETA: 200::GET
[=]SCRAPE SERVE[=]SCRAPE BEGIN: 2026-04-07 04:58:31.146395 -0500 CDT
[=]SCRAPE SERVE[=]visiting http://127.0.0.1:50536
[=]SCRAPE SERVE[=]response received 200
[=]SCRAPE SERVE[=]SCRAPE BEGIN: 2026-04-07 04:58:33.399925 -0500 CDT
[=]SCRAPE SERVE[=]visiting http://127.0.0.1:50538
[=]SCRAPE SERVE[=]response received 200
[=]SCRAPE SERVE[=]A[HREF]::Link request received at http://127.0.0.1:50538/
[=]SCRAPE SERVE[=]LINK(s) EXTRACTED: /dup
[=]SCRAPE SERVE[=]ReqMETA: 200::GET
[=]SCRAPE SERVE[=]A[HREF]::Link request received at http://127.0.0.1:50538/
[=]SCRAPE SERVE[=]LINK(s) EXTRACTED: /dup
[=]SCRAPE SERVE[=]ReqMETA: 200::GET
[=]SCRAPE SERVE[=]SCRAPE BEGIN: 2026-04-07 04:58:35.45945 -0500 CDT
[=]SCRAPE SERVE[=]visiting http://127.0.0.1:50540
[=]SCRAPE SERVE[=]response received 200
[=]SCRAPE SERVE[=]A[HREF]::Link request received at http://127.0.0.1:50540/
[=]SCRAPE SERVE[=]LINK(s) EXTRACTED: /x
[=]SCRAPE SERVE[=]ReqMETA: 200::GET
[=]SCRAPE SERVE[=]SCRAPE BEGIN: 2026-04-07 04:58:37.261849 -0500 CDT
[=]SCRAPE SERVE[=]visiting http://127.0.0.1:50542
[=]SCRAPE SERVE[=]response received 200
[=]SCRAPE SERVE[=]BODY::Text request received at http://127.0.0.1:50542/
[=]SCRAPE SERVE[=]TEXT EXTRACTED: Hello, scraper!More text.
[=]SCRAPE SERVE[=]ReqMETA: 200::GET
[=]SCRAPE SERVE[=]SCRAPE BEGIN: 2026-04-07 04:58:39.599751 -0500 CDT
[=]SCRAPE SERVE[=]visiting http://127.0.0.1:50544
[=]SCRAPE SERVE[=]response received 200
[=]SCRAPE SERVE[=]BODY::Text request received at http://127.0.0.1:50544/
[=]SCRAPE SERVE[=]TEXT EXTRACTED: 
[=]SCRAPE SERVE[=]ReqMETA: 200::GET
[=]SCRAPE SERVE[=]SCRAPE BEGIN: 2026-04-07 04:58:41.844471 -0500 CDT
[=]SCRAPE SERVE[=]visiting http://127.0.0.1:50546
[=]SCRAPE SERVE[=]response received 200
[=]SCRAPE SERVE[=]BODY::Text request received at http://127.0.0.1:50546/
[=]SCRAPE SERVE[=]TEXT EXTRACTED: text
[=]SCRAPE SERVE[=]ReqMETA: 200::GET
[=]SCRAPE SERVE[=]SCRAPE BEGIN: 2026-04-07 04:58:43.892216 -0500 CDT
[=]SCRAPE SERVE[=]visiting http://127.0.0.1:50548
[=]SCRAPE SERVE[=]response received 200
[=]SCRAPE SERVE[=]TR::TEXT request received at http://127.0.0.1:50548/
[=]SCRAPE SERVE[=]TEXT EXTRACTED: NameAge
[=]SCRAPE SERVE[=]ReqMETA: 200::GET
[=]SCRAPE SERVE[=]TR::TEXT request received at http://127.0.0.1:50548/
[=]SCRAPE SERVE[=]TEXT EXTRACTED: Alice30
[=]SCRAPE SERVE[=]ReqMETA: 200::GET
[=]SCRAPE SERVE[=]TR::TEXT request received at http://127.0.0.1:50548/
[=]SCRAPE SERVE[=]TEXT EXTRACTED: Bob25
[=]SCRAPE SERVE[=]ReqMETA: 200::GET
[=]SCRAPE SERVE[=]SCRAPE BEGIN: 2026-04-07 04:58:46.193353 -0500 CDT
[=]SCRAPE SERVE[=]visiting http://127.0.0.1:50550
[=]SCRAPE SERVE[=]response received 200
